questionId,title,titleSlug,difficulty,acRate,isPaidOnly,topicTags,categoryTitle
1,Two Sum,two-sum,Easy,57.05,False,"Array,Hash Table",Algorithms
2,Add Two Numbers,add-two-numbers,Medium,47.91,False,"Linked List,Math,Recursion",Algorithms
3,Longest Substring Without Repeating Characters,longest-substring-without-repeating-characters,Medium,38.47,False,"Hash Table,String,Sliding Window",Algorithms
4,Median of Two Sorted Arrays,median-of-two-sorted-arrays,Hard,45.88,False,"Array,Binary Search,Divide and Conquer",Algorithms
5,Longest Palindromic Substring,longest-palindromic-substring,Medium,37.29,False,"Two Pointers,String,Dynamic Programming",Algorithms
6,Zigzag Conversion,zigzag-conversion,Medium,53.49,False,String,Algorithms
7,Reverse Integer,reverse-integer,Medium,31.48,False,Math,Algorithms
8,String to Integer (atoi),string-to-integer-atoi,Medium,20.55,False,String,Algorithms
9,Palindrome Number,palindrome-number,Easy,60.23,False,Math,Algorithms
10,Regular Expression Matching,regular-expression-matching,Hard,30.41,False,"String,Dynamic Programming,Recursion",Algorithms
11,Container With Most Water,container-with-most-water,Medium,59.49,False,"Array,Two Pointers,Greedy",Algorithms
12,Integer to Roman,integer-to-roman,Medium,70.39,False,"Hash Table,Math,String",Algorithms
13,Roman to Integer,roman-to-integer,Easy,66.22,False,"Hash Table,Math,String",Algorithms
14,Longest Common Prefix,longest-common-prefix,Easy,47.06,False,"Array,String,Trie",Algorithms
15,3Sum,3sum,Medium,38.55,False,"Array,Two Pointers,Sorting",Algorithms
16,3Sum Closest,3sum-closest,Medium,48.01,False,"Array,Two Pointers,Sorting",Algorithms
17,Letter Combinations of a Phone Number,letter-combinations-of-a-phone-number,Medium,65.47,False,"Hash Table,String,Backtracking",Algorithms
18,4Sum,4sum,Medium,39.96,False,"Array,Two Pointers,Sorting",Algorithms
19,Remove Nth Node From End of List,remove-nth-node-from-end-of-list,Medium,50.95,False,"Linked List,Two Pointers",Algorithms
20,Valid Parentheses,valid-parentheses,Easy,43.68,False,"String,Stack",Algorithms
21,Merge Two Sorted Lists,merge-two-sorted-lists,Easy,67.9,False,"Linked List,Recursion",Algorithms
22,Generate Parentheses,generate-parentheses,Medium,78.24,False,"String,Dynamic Programming,Backtracking",Algorithms
23,Merge k Sorted Lists,merge-k-sorted-lists,Hard,58.83,False,"Linked List,Divide and Conquer,Heap (Priority Queue),Merge Sort",Algorithms
24,Swap Nodes in Pairs,swap-nodes-in-pairs,Medium,68.91,False,"Linked List,Recursion",Algorithms
25,Reverse Nodes in k-Group,reverse-nodes-in-k-group,Hard,65.3,False,"Linked List,Recursion",Algorithms
26,Remove Duplicates from Sorted Array,remove-duplicates-from-sorted-array,Easy,62.23,False,"Array,Two Pointers",Algorithms
27,Remove Element,remove-element,Easy,61.34,False,"Array,Two Pointers",Algorithms
28,Find the Index of the First Occurrence in a String,find-the-index-of-the-first-occurrence-in-a-string,Easy,46.22,False,"Two Pointers,String,String Matching",Algorithms
29,Divide Two Integers,divide-two-integers,Medium,19.36,False,"Math,Bit Manipulation",Algorithms
30,Substring with Concatenation of All Words,substring-with-concatenation-of-all-words,Hard,33.95,False,"Hash Table,String,Sliding Window",Algorithms
31,Next Permutation,next-permutation,Medium,44.7,False,"Array,Two Pointers",Algorithms
32,Longest Valid Parentheses,longest-valid-parentheses,Hard,37.99,False,"String,Dynamic Programming,Stack",Algorithms
33,Search in Rotated Sorted Array,search-in-rotated-sorted-array,Medium,44.09,False,"Array,Binary Search",Algorithms
34,Find First and Last Position of Element in Sorted Array,find-first-and-last-position-of-element-in-sorted-array,Medium,48.32,False,"Array,Binary Search",Algorithms
35,Search Insert Position,search-insert-position,Easy,50.67,False,"Array,Binary Search",Algorithms
36,Valid Sudoku,valid-sudoku,Medium,64.12,False,"Array,Hash Table,Matrix",Algorithms
37,Sudoku Solver,sudoku-solver,Hard,65.38,False,"Array,Hash Table,Backtracking,Matrix",Algorithms
38,Count and Say,count-and-say,Medium,62.28,False,String,Algorithms
39,Combination Sum,combination-sum,Medium,76.07,False,"Array,Backtracking",Algorithms
40,Combination Sum II,combination-sum-ii,Medium,58.96,False,"Array,Backtracking",Algorithms
41,First Missing Positive,first-missing-positive,Hard,42.39,False,"Array,Hash Table",Algorithms
42,Trapping Rain Water,trapping-rain-water,Hard,66.76,False,"Array,Two Pointers,Dynamic Programming,Stack,Monotonic Stack",Algorithms
43,Multiply Strings,multiply-strings,Medium,43.53,False,"Math,String,Simulation",Algorithms
44,Wildcard Matching,wildcard-matching,Hard,31.34,False,"String,Dynamic Programming,Greedy,Recursion",Algorithms
45,Jump Game II,jump-game-ii,Medium,42.45,False,"Array,Dynamic Programming,Greedy",Algorithms
46,Permutations,permutations,Medium,81.61,False,"Array,Backtracking",Algorithms
47,Permutations II,permutations-ii,Medium,62.94,False,"Array,Backtracking,Sorting",Algorithms
48,Rotate Image,rotate-image,Medium,79.31,False,"Array,Math,Matrix",Algorithms
49,Group Anagrams,group-anagrams,Medium,72.16,False,"Array,Hash Table,String,Sorting",Algorithms
50,"Pow(x, n)",powx-n,Medium,38.24,False,"Math,Recursion",Algorithms
51,N-Queens,n-queens,Hard,74.9,False,"Array,Backtracking",Algorithms
52,N-Queens II,n-queens-ii,Hard,78.13,False,Backtracking,Algorithms
53,Maximum Subarray,maximum-subarray,Medium,52.95,False,"Array,Divide and Conquer,Dynamic Programming",Algorithms
54,Spiral Matrix,spiral-matrix,Medium,56.1,False,"Array,Matrix,Simulation",Algorithms
55,Jump Game,jump-game,Medium,40.45,False,"Array,Dynamic Programming,Greedy",Algorithms
56,Merge Intervals,merge-intervals,Medium,51.13,False,"Array,Sorting",Algorithms
57,Insert Interval,insert-interval,Medium,44.73,False,Array,Algorithms
58,Length of Last Word,length-of-last-word,Easy,58.24,False,String,Algorithms
59,Spiral Matrix II,spiral-matrix-ii,Medium,74.61,False,"Array,Matrix,Simulation",Algorithms
60,Permutation Sequence,permutation-sequence,Hard,52.09,False,"Math,Recursion",Algorithms
61,Rotate List,rotate-list,Medium,41.17,False,"Linked List,Two Pointers",Algorithms
62,Unique Paths,unique-paths,Medium,66.54,False,"Math,Dynamic Programming,Combinatorics",Algorithms
63,Unique Paths II,unique-paths-ii,Medium,44.12,False,"Array,Dynamic Programming,Matrix",Algorithms
64,Minimum Path Sum,minimum-path-sum,Medium,67.79,False,"Array,Dynamic Programming,Matrix",Algorithms
65,Valid Number,valid-number,Hard,22.57,False,String,Algorithms
66,Plus One,plus-one,Easy,49.5,False,"Array,Math",Algorithms
67,Add Binary,add-binary,Easy,57.6,False,"Math,String,Bit Manipulation,Simulation",Algorithms
68,Text Justification,text-justification,Hard,50.37,False,"Array,String,Simulation",Algorithms
69,Sqrt(x),sqrtx,Easy,41.39,False,"Math,Binary Search",Algorithms
70,Climbing Stairs,climbing-stairs,Easy,53.89,False,"Math,Dynamic Programming,Memoization",Algorithms
71,Simplify Path,simplify-path,Medium,49.97,False,"String,Stack",Algorithms
72,Edit Distance,edit-distance,Medium,60.11,False,"String,Dynamic Programming",Algorithms
73,Set Matrix Zeroes,set-matrix-zeroes,Medium,62.41,False,"Array,Hash Table,Matrix",Algorithms
74,Search a 2D Matrix,search-a-2d-matrix,Medium,53.51,False,"Array,Binary Search,Matrix",Algorithms
75,Sort Colors,sort-colors,Medium,69.13,False,"Array,Two Pointers,Sorting",Algorithms
76,Minimum Window Substring,minimum-window-substring,Hard,46.92,False,"Hash Table,String,Sliding Window",Algorithms
77,Combinations,combinations,Medium,74.16,False,Backtracking,Algorithms
78,Subsets,subsets,Medium,82.02,False,"Array,Backtracking,Bit Manipulation",Algorithms
79,Word Search,word-search,Medium,46.82,False,"Array,String,Backtracking,Depth-First Search,Matrix",Algorithms
80,Remove Duplicates from Sorted Array II,remove-duplicates-from-sorted-array-ii,Medium,64.25,False,"Array,Two Pointers",Algorithms
81,Search in Rotated Sorted Array II,search-in-rotated-sorted-array-ii,Medium,39.71,False,"Array,Binary Search",Algorithms
82,Remove Duplicates from Sorted List II,remove-duplicates-from-sorted-list-ii,Medium,51.29,False,"Linked List,Two Pointers",Algorithms
83,Remove Duplicates from Sorted List,remove-duplicates-from-sorted-list,Easy,56.23,False,Linked List,Algorithms
84,Largest Rectangle in Histogram,largest-rectangle-in-histogram,Hard,49.31,False,"Array,Stack,Monotonic Stack",Algorithms
85,Maximal Rectangle,maximal-rectangle,Hard,58.06,False,"Array,Dynamic Programming,Stack,Matrix,Monotonic Stack",Algorithms
86,Partition List,partition-list,Medium,60.57,False,"Linked List,Two Pointers",Algorithms
87,Scramble String,scramble-string,Hard,43.85,False,"String,Dynamic Programming",Algorithms
88,Merge Sorted Array,merge-sorted-array,Easy,54.36,False,"Array,Two Pointers,Sorting",Algorithms
89,Gray Code,gray-code,Medium,64.04,False,"Math,Backtracking,Bit Manipulation",Algorithms
90,Subsets II,subsets-ii,Medium,60.86,False,"Array,Backtracking,Bit Manipulation",Algorithms
91,Decode Ways,decode-ways,Medium,37.6,False,"String,Dynamic Programming",Algorithms
92,Reverse Linked List II,reverse-linked-list-ii,Medium,50.97,False,Linked List,Algorithms
93,Restore IP Addresses,restore-ip-addresses,Medium,55.26,False,"String,Backtracking",Algorithms
94,Binary Tree Inorder Traversal,binary-tree-inorder-traversal,Easy,79.7,False,"Stack,Tree,Depth-First Search,Binary Tree",Algorithms
95,Unique Binary Search Trees II,unique-binary-search-trees-ii,Medium,61.91,False,"Dynamic Programming,Backtracking,Tree,Binary Search Tree,Binary Tree",Algorithms
96,Unique Binary Search Trees,unique-binary-search-trees,Medium,63.29,False,"Math,Dynamic Programming,Tree,Binary Search Tree,Binary Tree",Algorithms
97,Interleaving String,interleaving-string,Medium,43.49,False,"String,Dynamic Programming",Algorithms
98,Validate Binary Search Tree,validate-binary-search-tree,Medium,35.34,False,"Tree,Depth-First Search,Binary Search Tree,Binary Tree",Algorithms
99,Recover Binary Search Tree,recover-binary-search-tree,Medium,58.73,False,"Tree,Depth-First Search,Binary Search Tree,Binary Tree",Algorithms
100,Same Tree,same-tree,Easy,66.61,False,"Tree,Depth-First Search,Breadth-First Search,Binary Tree",Algorithms
101,Symmetric Tree,symmetric-tree,Easy,60.7,False,"Tree,Depth-First Search,Breadth-First Search,Binary Tree",Algorithms
102,Binary Tree Level Order Traversal,binary-tree-level-order-traversal,Medium,72.15,False,"Tree,Breadth-First Search,Binary Tree",Algorithms
103,Binary Tree Zigzag Level Order Traversal,binary-tree-zigzag-level-order-traversal,Medium,63.14,False,"Tree,Breadth-First Search,Binary Tree",Algorithms
104,Maximum Depth of Binary Tree,maximum-depth-of-binary-tree,Easy,77.91,False,"Tree,Depth-First Search,Breadth-First Search,Binary Tree",Algorithms
105,Construct Binary Tree from Preorder and Inorder Traversal,construct-binary-tree-from-preorder-and-inorder-traversal,Medium,68.32,False,"Array,Hash Table,Divide and Conquer,Tree,Binary Tree",Algorithms
106,Construct Binary Tree from Inorder and Postorder Traversal,construct-binary-tree-from-inorder-and-postorder-traversal,Medium,68.01,False,"Array,Hash Table,Divide and Conquer,Tree,Binary Tree",Algorithms
107,Binary Tree Level Order Traversal II,binary-tree-level-order-traversal-ii,Medium,67.61,False,"Tree,Breadth-First Search,Binary Tree",Algorithms
108,Convert Sorted Array to Binary Search Tree,convert-sorted-array-to-binary-search-tree,Easy,75.18,False,"Array,Divide and Conquer,Tree,Binary Search Tree,Binary Tree",Algorithms
109,Convert Sorted List to Binary Search Tree,convert-sorted-list-to-binary-search-tree,Medium,65.93,False,"Linked List,Divide and Conquer,Tree,Binary Search Tree,Binary Tree",Algorithms
110,Balanced Binary Tree,balanced-binary-tree,Easy,57.82,False,"Tree,Depth-First Search,Binary Tree",Algorithms
111,Minimum Depth of Binary Tree,minimum-depth-of-binary-tree,Easy,52.32,False,"Tree,Depth-First Search,Breadth-First Search,Binary Tree",Algorithms
112,Path Sum,path-sum,Easy,54.39,False,"Tree,Depth-First Search,Breadth-First Search,Binary Tree",Algorithms
113,Path Sum II,path-sum-ii,Medium,61.73,False,"Backtracking,Tree,Depth-First Search,Binary Tree",Algorithms
114,Flatten Binary Tree to Linked List,flatten-binary-tree-to-linked-list,Medium,70.18,False,"Linked List,Stack,Tree,Depth-First Search,Binary Tree",Algorithms
115,Distinct Subsequences,distinct-subsequences,Hard,51.47,False,"String,Dynamic Programming",Algorithms
116,Populating Next Right Pointers in Each Node,populating-next-right-pointers-in-each-node,Medium,66.81,False,"Linked List,Tree,Depth-First Search,Breadth-First Search,Binary Tree",Algorithms
117,Populating Next Right Pointers in Each Node II,populating-next-right-pointers-in-each-node-ii,Medium,57.09,False,"Linked List,Tree,Depth-First Search,Breadth-First Search,Binary Tree",Algorithms
118,Pascal's Triangle,pascals-triangle,Easy,78.65,False,"Array,Dynamic Programming",Algorithms
119,Pascal's Triangle II,pascals-triangle-ii,Easy,67.09,False,"Array,Dynamic Programming",Algorithms
120,Triangle,triangle,Medium,59.84,False,"Array,Dynamic Programming",Algorithms
121,Best Time to Buy and Sell Stock,best-time-to-buy-and-sell-stock,Easy,56.37,False,"Array,Dynamic Programming",Algorithms
122,Best Time to Buy and Sell Stock II,best-time-to-buy-and-sell-stock-ii,Medium,70.71,False,"Array,Dynamic Programming,Greedy",Algorithms
123,Best Time to Buy and Sell Stock III,best-time-to-buy-and-sell-stock-iii,Hard,53.12,False,"Array,Dynamic Programming",Algorithms
124,Binary Tree Maximum Path Sum,binary-tree-maximum-path-sum,Hard,42.0,False,"Dynamic Programming,Tree,Depth-First Search,Binary Tree",Algorithms
125,Valid Palindrome,valid-palindrome,Easy,52.75,False,"Two Pointers,String",Algorithms
126,Word Ladder II,word-ladder-ii,Hard,27.51,False,"Hash Table,String,Backtracking,Breadth-First Search",Algorithms
127,Word Ladder,word-ladder,Hard,44.87,False,"Hash Table,String,Breadth-First Search",Algorithms
128,Longest Consecutive Sequence,longest-consecutive-sequence,Medium,47.0,False,"Array,Hash Table,Union-Find",Algorithms
129,Sum Root to Leaf Numbers,sum-root-to-leaf-numbers,Medium,69.55,False,"Tree,Depth-First Search,Binary Tree",Algorithms
130,Surrounded Regions,surrounded-regions,Medium,44.72,False,"Array,Depth-First Search,Breadth-First Search,Union-Find,Matrix",Algorithms
131,Palindrome Partitioning,palindrome-partitioning,Medium,73.67,False,"String,Dynamic Programming,Backtracking",Algorithms
132,Palindrome Partitioning II,palindrome-partitioning-ii,Hard,36.55,False,"String,Dynamic Programming",Algorithms
133,Clone Graph,clone-graph,Medium,64.66,False,"Hash Table,Depth-First Search,Breadth-First Search,Graph Theory",Algorithms
134,Gas Station,gas-station,Medium,47.49,False,"Array,Greedy",Algorithms
135,Candy,candy,Hard,47.92,False,"Array,Greedy",Algorithms
136,Single Number,single-number,Easy,77.31,False,"Array,Bit Manipulation",Algorithms
137,Single Number II,single-number-ii,Medium,66.66,False,"Array,Bit Manipulation",Algorithms
138,Copy List with Random Pointer,copy-list-with-random-pointer,Medium,62.36,False,"Hash Table,Linked List",Algorithms
139,Word Break,word-break,Medium,49.12,False,"Array,Hash Table,String,Dynamic Programming,Trie,Memoization",Algorithms
140,Word Break II,word-break-ii,Hard,55.06,False,"Array,Hash Table,String,Dynamic Programming,Backtracking,Trie,Memoization",Algorithms
141,Linked List Cycle,linked-list-cycle,Easy,53.86,False,"Hash Table,Linked List,Two Pointers",Algorithms
142,Linked List Cycle II,linked-list-cycle-ii,Medium,57.2,False,"Hash Table,Linked List,Two Pointers",Algorithms
143,Reorder List,reorder-list,Medium,64.54,False,"Linked List,Two Pointers,Stack,Recursion",Algorithms
144,Binary Tree Preorder Traversal,binary-tree-preorder-traversal,Easy,75.14,False,"Stack,Tree,Depth-First Search,Binary Tree",Algorithms
145,Binary Tree Postorder Traversal,binary-tree-postorder-traversal,Easy,77.58,False,"Stack,Tree,Depth-First Search,Binary Tree",Algorithms
146,LRU Cache,lru-cache,Medium,46.8,False,"Hash Table,Linked List,Design,Doubly-Linked List",Algorithms
147,Insertion Sort List,insertion-sort-list,Medium,58.44,False,"Linked List,Sorting",Algorithms
148,Sort List,sort-list,Medium,63.83,False,"Linked List,Two Pointers,Divide and Conquer,Sorting,Merge Sort",Algorithms
149,Max Points on a Line,max-points-on-a-line,Hard,30.24,False,"Array,Hash Table,Math,Geometry",Algorithms
150,Evaluate Reverse Polish Notation,evaluate-reverse-polish-notation,Medium,56.98,False,"Array,Math,Stack",Algorithms
151,Reverse Words in a String,reverse-words-in-a-string,Medium,55.47,False,"Two Pointers,String",Algorithms
152,Maximum Product Subarray,maximum-product-subarray,Medium,35.97,False,"Array,Dynamic Programming",Algorithms
153,Find Minimum in Rotated Sorted Array,find-minimum-in-rotated-sorted-array,Medium,53.8,False,"Array,Binary Search",Algorithms
154,Find Minimum in Rotated Sorted Array II,find-minimum-in-rotated-sorted-array-ii,Hard,44.63,False,"Array,Binary Search",Algorithms
155,Min Stack,min-stack,Medium,57.7,False,"Stack,Design",Algorithms
156,Binary Tree Upside Down,binary-tree-upside-down,Medium,65.32,True,"Tree,Depth-First Search,Binary Tree",Algorithms
157,Read N Characters Given Read4,read-n-characters-given-read4,Easy,42.51,True,"Array,Simulation,Interactive",Algorithms
158,Read N Characters Given read4 II - Call Multiple Times,read-n-characters-given-read4-ii-call-multiple-times,Hard,43.21,True,"Array,Simulation,Interactive",Algorithms
159,Longest Substring with At Most Two Distinct Characters,longest-substring-with-at-most-two-distinct-characters,Medium,56.96,True,"Hash Table,String,Sliding Window",Algorithms
160,Intersection of Two Linked Lists,intersection-of-two-linked-lists,Easy,63.16,False,"Hash Table,Linked List,Two Pointers",Algorithms
161,One Edit Distance,one-edit-distance,Medium,34.54,True,"Two Pointers,String",Algorithms
162,Find Peak Element,find-peak-element,Medium,46.79,False,"Array,Binary Search",Algorithms
163,Missing Ranges,missing-ranges,Easy,35.53,True,Array,Algorithms
164,Maximum Gap,maximum-gap,Medium,51.36,False,"Array,Sorting,Bucket Sort,Radix Sort",Algorithms
165,Compare Version Numbers,compare-version-numbers,Medium,46.1,False,"Two Pointers,String",Algorithms
166,Fraction to Recurring Decimal,fraction-to-recurring-decimal,Medium,30.53,False,"Hash Table,Math,String",Algorithms
167,Two Sum II - Input Array Is Sorted,two-sum-ii-input-array-is-sorted,Medium,64.59,False,"Array,Two Pointers,Binary Search",Algorithms
168,Excel Sheet Column Title,excel-sheet-column-title,Easy,45.7,False,"Math,String",Algorithms
169,Majority Element,majority-element,Easy,66.1,False,"Array,Hash Table,Divide and Conquer,Sorting,Counting",Algorithms
170,Two Sum III - Data structure design,two-sum-iii-data-structure-design,Easy,39.1,True,"Array,Hash Table,Two Pointers,Design,Data Stream",Algorithms
171,Excel Sheet Column Number,excel-sheet-column-number,Easy,67.22,False,"Math,String",Algorithms
172,Factorial Trailing Zeroes,factorial-trailing-zeroes,Medium,46.13,False,Math,Algorithms
173,Binary Search Tree Iterator,binary-search-tree-iterator,Medium,76.13,False,"Stack,Tree,Design,Binary Search Tree,Binary Tree,Iterator",Algorithms
174,Dungeon Game,dungeon-game,Hard,40.83,False,"Array,Dynamic Programming,Matrix",Algorithms
175,Combine Two Tables,combine-two-tables,Easy,79.21,False,Database,Database
176,Second Highest Salary,second-highest-salary,Medium,46.3,False,Database,Database
177,Nth Highest Salary,nth-highest-salary,Medium,38.81,False,Database,Database
178,Rank Scores,rank-scores,Medium,67.13,False,Database,Database
179,Largest Number,largest-number,Medium,42.56,False,"Array,String,Greedy,Sorting",Algorithms
180,Consecutive Numbers,consecutive-numbers,Medium,47.82,False,Database,Database
181,Employees Earning More Than Their Managers,employees-earning-more-than-their-managers,Easy,72.82,False,Database,Database
182,Duplicate Emails,duplicate-emails,Easy,73.39,False,Database,Database
183,Customers Who Never Order,customers-who-never-order,Easy,71.45,False,Database,Database
184,Department Highest Salary,department-highest-salary,Medium,57.25,False,Database,Database
185,Department Top Three Salaries,department-top-three-salaries,Hard,59.79,False,Database,Database
186,Reverse Words in a String II,reverse-words-in-a-string-ii,Medium,56.59,True,"Two Pointers,String",Algorithms
187,Repeated DNA Sequences,repeated-dna-sequences,Medium,52.85,False,"Hash Table,String,Bit Manipulation,Sliding Window,Rolling Hash,Hash Function",Algorithms
188,Best Time to Buy and Sell Stock IV,best-time-to-buy-and-sell-stock-iv,Hard,49.48,False,"Array,Dynamic Programming",Algorithms
189,Rotate Array,rotate-array,Medium,44.44,False,"Array,Math,Two Pointers",Algorithms
190,Reverse Bits,reverse-bits,Easy,67.67,False,"Divide and Conquer,Bit Manipulation",Algorithms
191,Number of 1 Bits,number-of-1-bits,Easy,76.29,False,"Divide and Conquer,Bit Manipulation",Algorithms
192,Word Frequency,word-frequency,Medium,28.35,False,Shell,Shell
193,Valid Phone Numbers,valid-phone-numbers,Easy,28.91,False,Shell,Shell
194,Transpose File,transpose-file,Medium,30.57,False,Shell,Shell
195,Tenth Line,tenth-line,Easy,36.09,False,Shell,Shell
196,Delete Duplicate Emails,delete-duplicate-emails,Easy,65.56,False,Database,Database
197,Rising Temperature,rising-temperature,Easy,51.01,False,Database,Database
198,House Robber,house-robber,Medium,52.92,False,"Array,Dynamic Programming",Algorithms
199,Binary Tree Right Side View,binary-tree-right-side-view,Medium,69.45,False,"Tree,Depth-First Search,Breadth-First Search,Binary Tree",Algorithms
200,Number of Islands,number-of-islands,Medium,63.79,False,"Array,Depth-First Search,Breadth-First Search,Union-Find,Matrix",Algorithms
201,Bitwise AND of Numbers Range,bitwise-and-of-numbers-range,Medium,48.64,False,Bit Manipulation,Algorithms
202,Happy Number,happy-number,Easy,59.21,False,"Hash Table,Math,Two Pointers",Algorithms
203,Remove Linked List Elements,remove-linked-list-elements,Easy,53.82,False,"Linked List,Recursion",Algorithms
204,Count Primes,count-primes,Medium,35.73,False,"Array,Math,Enumeration,Number Theory",Algorithms
205,Isomorphic Strings,isomorphic-strings,Easy,48.0,False,"Hash Table,String",Algorithms
206,Reverse Linked List,reverse-linked-list,Easy,80.25,False,"Linked List,Recursion",Algorithms
207,Course Schedule,course-schedule,Medium,50.79,False,"Depth-First Search,Breadth-First Search,Graph Theory,Topological Sort",Algorithms
208,Implement Trie (Prefix Tree),implement-trie-prefix-tree,Medium,69.16,False,"Hash Table,String,Design,Trie",Algorithms
209,Minimum Size Subarray Sum,minimum-size-subarray-sum,Medium,50.98,False,"Array,Binary Search,Sliding Window,Prefix Sum",Algorithms
210,Course Schedule II,course-schedule-ii,Medium,54.96,False,"Depth-First Search,Breadth-First Search,Graph Theory,Topological Sort",Algorithms
211,Design Add and Search Words Data Structure,design-add-and-search-words-data-structure,Medium,48.13,False,"String,Depth-First Search,Design,Trie",Algorithms
212,Word Search II,word-search-ii,Hard,38.1,False,"Array,String,Backtracking,Trie,Matrix",Algorithms
213,House Robber II,house-robber-ii,Medium,44.59,False,"Array,Dynamic Programming",Algorithms
214,Shortest Palindrome,shortest-palindrome,Hard,41.84,False,"String,Rolling Hash,String Matching,Hash Function",Algorithms
215,Kth Largest Element in an Array,kth-largest-element-in-an-array,Medium,68.77,False,"Array,Divide and Conquer,Sorting,Heap (Priority Queue),Quickselect",Algorithms
216,Combination Sum III,combination-sum-iii,Medium,72.92,False,"Array,Backtracking",Algorithms
217,Contains Duplicate,contains-duplicate,Easy,64.05,False,"Array,Hash Table,Sorting",Algorithms
218,The Skyline Problem,the-skyline-problem,Hard,44.95,False,"Array,Divide and Conquer,Binary Indexed Tree,Segment Tree,Sweep Line,Sorting,Heap (Priority Queue),Ordered Set",Algorithms
219,Contains Duplicate II,contains-duplicate-ii,Easy,50.75,False,"Array,Hash Table,Sliding Window",Algorithms
220,Contains Duplicate III,contains-duplicate-iii,Hard,24.44,False,"Array,Sliding Window,Sorting,Bucket Sort,Ordered Set",Algorithms
221,Maximal Square,maximal-square,Medium,49.97,False,"Array,Dynamic Programming,Matrix",Algorithms
222,Count Complete Tree Nodes,count-complete-tree-nodes,Easy,72.0,False,"Binary Search,Bit Manipulation,Tree,Binary Tree",Algorithms
223,Rectangle Area,rectangle-area,Medium,48.93,False,"Math,Geometry",Algorithms
224,Basic Calculator,basic-calculator,Hard,46.52,False,"Math,String,Stack,Recursion",Algorithms
225,Implement Stack using Queues,implement-stack-using-queues,Easy,69.28,False,"Stack,Design,Queue",Algorithms
226,Invert Binary Tree,invert-binary-tree,Easy,79.82,False,"Tree,Depth-First Search,Breadth-First Search,Binary Tree",Algorithms
227,Basic Calculator II,basic-calculator-ii,Medium,46.64,False,"Math,String,Stack",Algorithms
228,Summary Ranges,summary-ranges,Easy,53.91,False,Array,Algorithms
229,Majority Element II,majority-element-ii,Medium,55.77,False,"Array,Hash Table,Sorting,Counting",Algorithms
230,Kth Smallest Element in a BST,kth-smallest-element-in-a-bst,Medium,76.46,False,"Tree,Depth-First Search,Binary Search Tree,Binary Tree",Algorithms
231,Power of Two,power-of-two,Easy,49.83,False,"Math,Bit Manipulation,Recursion",Algorithms
232,Implement Queue using Stacks,implement-queue-using-stacks,Easy,69.3,False,"Stack,Design,Queue",Algorithms
233,Number of Digit One,number-of-digit-one,Hard,37.67,False,"Math,Dynamic Programming,Recursion",Algorithms
234,Palindrome Linked List,palindrome-linked-list,Easy,57.39,False,"Linked List,Two Pointers,Stack,Recursion",Algorithms
235,Lowest Common Ancestor of a Binary Search Tree,lowest-common-ancestor-of-a-binary-search-tree,Medium,70.04,False,"Tree,Depth-First Search,Binary Search Tree,Binary Tree",Algorithms
236,Lowest Common Ancestor of a Binary Tree,lowest-common-ancestor-of-a-binary-tree,Medium,68.71,False,"Tree,Depth-First Search,Binary Tree",Algorithms
237,Delete Node in a Linked List,delete-node-in-a-linked-list,Medium,83.56,False,Linked List,Algorithms
238,Product of Array Except Self,product-of-array-except-self,Medium,68.57,False,"Array,Prefix Sum",Algorithms
239,Sliding Window Maximum,sliding-window-maximum,Hard,48.43,False,"Array,Queue,Sliding Window,Heap (Priority Queue),Monotonic Queue",Algorithms
240,Search a 2D Matrix II,search-a-2d-matrix-ii,Medium,56.8,False,"Array,Binary Search,Divide and Conquer,Matrix",Algorithms
241,Different Ways to Add Parentheses,different-ways-to-add-parentheses,Medium,73.05,False,"Math,String,Dynamic Programming,Recursion,Memoization",Algorithms
242,Valid Anagram,valid-anagram,Easy,67.75,False,"Hash Table,String,Sorting",Algorithms
243,Shortest Word Distance,shortest-word-distance,Easy,66.21,True,"Array,String",Algorithms
244,Shortest Word Distance II,shortest-word-distance-ii,Medium,62.71,True,"Array,Hash Table,Two Pointers,String,Design",Algorithms
245,Shortest Word Distance III,shortest-word-distance-iii,Medium,59.39,True,"Array,String",Algorithms
246,Strobogrammatic Number,strobogrammatic-number,Easy,47.55,True,"Hash Table,Two Pointers,String",Algorithms
247,Strobogrammatic Number II,strobogrammatic-number-ii,Medium,53.48,True,"Array,String,Recursion",Algorithms
248,Strobogrammatic Number III,strobogrammatic-number-iii,Hard,42.66,True,"Array,String,Recursion",Algorithms
249,Group Shifted Strings,group-shifted-strings,Medium,67.72,True,"Array,Hash Table,String",Algorithms
250,Count Univalue Subtrees,count-univalue-subtrees,Medium,57.45,True,"Tree,Depth-First Search,Binary Tree",Algorithms
251,Flatten 2D Vector,flatten-2d-vector,Medium,50.44,True,"Array,Two Pointers,Design,Iterator",Algorithms
252,Meeting Rooms,meeting-rooms,Easy,59.32,True,"Array,Sorting",Algorithms
253,Meeting Rooms II,meeting-rooms-ii,Medium,52.53,True,"Array,Two Pointers,Greedy,Sorting,Heap (Priority Queue),Prefix Sum",Algorithms
254,Factor Combinations,factor-combinations,Medium,50.49,True,Backtracking,Algorithms
255,Verify Preorder Sequence in Binary Search Tree,verify-preorder-sequence-in-binary-search-tree,Medium,51.68,True,"Array,Stack,Tree,Binary Search Tree,Recursion,Monotonic Stack,Binary Tree",Algorithms
256,Paint House,paint-house,Medium,64.25,True,"Array,Dynamic Programming",Algorithms
257,Binary Tree Paths,binary-tree-paths,Easy,68.15,False,"String,Backtracking,Tree,Depth-First Search,Binary Tree",Algorithms
258,Add Digits,add-digits,Easy,68.61,False,"Math,Simulation,Number Theory",Algorithms
259,3Sum Smaller,3sum-smaller,Medium,51.31,True,"Array,Two Pointers,Binary Search,Sorting",Algorithms
260,Single Number III,single-number-iii,Medium,70.41,False,"Array,Bit Manipulation",Algorithms
261,Graph Valid Tree,graph-valid-tree,Medium,49.82,True,"Depth-First Search,Breadth-First Search,Union-Find,Graph Theory",Algorithms
262,Trips and Users,trips-and-users,Hard,37.7,False,Database,Database
263,Ugly Number,ugly-number,Easy,43.1,False,Math,Algorithms
264,Ugly Number II,ugly-number-ii,Medium,49.49,False,"Hash Table,Math,Dynamic Programming,Heap (Priority Queue)",Algorithms
265,Paint House II,paint-house-ii,Hard,56.92,True,"Array,Dynamic Programming",Algorithms
266,Palindrome Permutation,palindrome-permutation,Easy,68.62,True,"Hash Table,String,Bit Manipulation",Algorithms
267,Palindrome Permutation II,palindrome-permutation-ii,Medium,42.31,True,"Hash Table,String,Backtracking",Algorithms
268,Missing Number,missing-number,Easy,71.61,False,"Array,Hash Table,Math,Binary Search,Bit Manipulation,Sorting",Algorithms
269,Alien Dictionary,alien-dictionary,Hard,37.06,True,"Array,String,Depth-First Search,Breadth-First Search,Graph Theory,Topological Sort",Algorithms
270,Closest Binary Search Tree Value,closest-binary-search-tree-value,Easy,49.27,True,"Binary Search,Tree,Depth-First Search,Binary Search Tree,Binary Tree",Algorithms
271,Encode and Decode Strings,encode-and-decode-strings,Medium,51.18,True,"Array,String,Design",Algorithms
272,Closest Binary Search Tree Value II,closest-binary-search-tree-value-ii,Hard,61.06,True,"Two Pointers,Stack,Tree,Depth-First Search,Binary Search Tree,Heap (Priority Queue),Binary Tree",Algorithms
273,Integer to English Words,integer-to-english-words,Hard,34.8,False,"Math,String,Recursion",Algorithms
274,H-Index,h-index,Medium,41.13,False,"Array,Sorting,Counting Sort",Algorithms
275,H-Index II,h-index-ii,Medium,39.35,False,"Array,Binary Search",Algorithms
276,Paint Fence,paint-fence,Medium,48.26,True,Dynamic Programming,Algorithms
277,Find the Celebrity,find-the-celebrity,Medium,48.87,True,"Two Pointers,Graph Theory,Interactive",Algorithms
278,First Bad Version,first-bad-version,Easy,46.81,False,"Binary Search,Interactive",Algorithms
279,Perfect Squares,perfect-squares,Medium,56.29,False,"Math,Dynamic Programming,Breadth-First Search",Algorithms
280,Wiggle Sort,wiggle-sort,Medium,68.41,True,"Array,Greedy,Sorting",Algorithms
281,Zigzag Iterator,zigzag-iterator,Medium,66.45,True,"Array,Design,Queue,Iterator",Algorithms
282,Expression Add Operators,expression-add-operators,Hard,42.76,False,"Math,String,Backtracking",Algorithms
283,Move Zeroes,move-zeroes,Easy,63.53,False,"Array,Two Pointers",Algorithms
284,Peeking Iterator,peeking-iterator,Medium,61.21,False,"Array,Design,Iterator",Algorithms
285,Inorder Successor in BST,inorder-successor-in-bst,Medium,51.13,True,"Tree,Depth-First Search,Binary Search Tree,Binary Tree",Algorithms
286,Walls and Gates,walls-and-gates,Medium,63.77,True,"Array,Breadth-First Search,Matrix",Algorithms
287,Find the Duplicate Number,find-the-duplicate-number,Medium,63.97,False,"Array,Two Pointers,Binary Search,Bit Manipulation",Algorithms
288,Unique Word Abbreviation,unique-word-abbreviation,Medium,27.41,True,"Array,Hash Table,String,Design",Algorithms
289,Game of Life,game-of-life,Medium,72.33,False,"Array,Matrix,Simulation",Algorithms
290,Word Pattern,word-pattern,Easy,43.79,False,"Hash Table,String",Algorithms
291,Word Pattern II,word-pattern-ii,Medium,48.78,True,"Hash Table,String,Backtracking",Algorithms
292,Nim Game,nim-game,Easy,59.18,False,"Math,Brainteaser,Game Theory",Algorithms
293,Flip Game,flip-game,Easy,65.02,True,String,Algorithms
294,Flip Game II,flip-game-ii,Medium,52.27,True,"Math,Dynamic Programming,Backtracking,Memoization,Game Theory",Algorithms
295,Find Median from Data Stream,find-median-from-data-stream,Hard,54.16,False,"Two Pointers,Design,Sorting,Heap (Priority Queue),Data Stream",Algorithms
296,Best Meeting Point,best-meeting-point,Hard,61.38,True,"Array,Math,Sorting,Matrix",Algorithms
297,Serialize and Deserialize Binary Tree,serialize-and-deserialize-binary-tree,Hard,60.32,False,"String,Tree,Depth-First Search,Breadth-First Search,Design,Binary Tree",Algorithms
298,Binary Tree Longest Consecutive Sequence,binary-tree-longest-consecutive-sequence,Medium,54.64,True,"Tree,Depth-First Search,Binary Tree",Algorithms
299,Bulls and Cows,bulls-and-cows,Medium,52.17,False,"Hash Table,String,Counting",Algorithms
300,Longest Increasing Subsequence,longest-increasing-subsequence,Medium,59.04,False,"Array,Binary Search,Dynamic Programming",Algorithms
301,Remove Invalid Parentheses,remove-invalid-parentheses,Hard,49.75,False,"String,Backtracking,Breadth-First Search",Algorithms
302,Smallest Rectangle Enclosing Black Pixels,smallest-rectangle-enclosing-black-pixels,Hard,60.84,True,"Array,Binary Search,Depth-First Search,Breadth-First Search,Matrix",Algorithms
303,Range Sum Query - Immutable,range-sum-query-immutable,Easy,71.34,False,"Array,Design,Prefix Sum",Algorithms
304,Range Sum Query 2D - Immutable,range-sum-query-2d-immutable,Medium,57.82,False,"Array,Design,Matrix,Prefix Sum",Algorithms
305,Number of Islands II,number-of-islands-ii,Hard,40.4,True,"Array,Hash Table,Union-Find",Algorithms
306,Additive Number,additive-number,Medium,33.47,False,"String,Backtracking",Algorithms
307,Range Sum Query - Mutable,range-sum-query-mutable,Medium,42.56,False,"Array,Divide and Conquer,Design,Binary Indexed Tree,Segment Tree",Algorithms
308,Range Sum Query 2D - Mutable,range-sum-query-2d-mutable,Medium,45.4,True,"Array,Design,Binary Indexed Tree,Segment Tree,Matrix",Algorithms
309,Best Time to Buy and Sell Stock with Cooldown,best-time-to-buy-and-sell-stock-with-cooldown,Medium,61.69,False,"Array,Dynamic Programming",Algorithms
310,Minimum Height Trees,minimum-height-trees,Medium,42.38,False,"Depth-First Search,Breadth-First Search,Graph Theory,Topological Sort",Algorithms
311,Sparse Matrix Multiplication,sparse-matrix-multiplication,Medium,69.23,True,"Array,Hash Table,Matrix",Algorithms
312,Burst Balloons,burst-balloons,Hard,62.94,False,"Array,Dynamic Programming",Algorithms
313,Super Ugly Number,super-ugly-number,Medium,45.94,False,"Array,Math,Dynamic Programming",Algorithms
314,Binary Tree Vertical Order Traversal,binary-tree-vertical-order-traversal,Medium,57.74,True,"Hash Table,Tree,Depth-First Search,Breadth-First Search,Sorting,Binary Tree",Algorithms
315,Count of Smaller Numbers After Self,count-of-smaller-numbers-after-self,Hard,43.27,False,"Array,Binary Search,Divide and Conquer,Binary Indexed Tree,Segment Tree,Merge Sort,Ordered Set",Algorithms
316,Remove Duplicate Letters,remove-duplicate-letters,Medium,52.78,False,"String,Stack,Greedy,Monotonic Stack",Algorithms
317,Shortest Distance from All Buildings,shortest-distance-from-all-buildings,Hard,44.84,True,"Array,Breadth-First Search,Matrix",Algorithms
318,Maximum Product of Word Lengths,maximum-product-of-word-lengths,Medium,61.02,False,"Array,String,Bit Manipulation",Algorithms
319,Bulb Switcher,bulb-switcher,Medium,55.49,False,"Math,Brainteaser",Algorithms
320,Generalized Abbreviation,generalized-abbreviation,Medium,60.34,True,"String,Backtracking,Bit Manipulation",Algorithms
321,Create Maximum Number,create-maximum-number,Hard,34.56,False,"Array,Two Pointers,Stack,Greedy,Monotonic Stack",Algorithms
322,Coin Change,coin-change,Medium,47.93,False,"Array,Dynamic Programming,Breadth-First Search",Algorithms
323,Number of Connected Components in an Undirected Graph,number-of-connected-components-in-an-undirected-graph,Medium,64.78,True,"Depth-First Search,Breadth-First Search,Union-Find,Graph Theory",Algorithms
324,Wiggle Sort II,wiggle-sort-ii,Medium,36.92,False,"Array,Divide and Conquer,Greedy,Sorting,Quickselect",Algorithms
325,Maximum Size Subarray Sum Equals k,maximum-size-subarray-sum-equals-k,Medium,50.79,True,"Array,Hash Table,Prefix Sum",Algorithms
326,Power of Three,power-of-three,Easy,50.69,False,"Math,Recursion",Algorithms
327,Count of Range Sum,count-of-range-sum,Hard,38.27,False,"Array,Binary Search,Divide and Conquer,Binary Indexed Tree,Segment Tree,Merge Sort,Ordered Set",Algorithms
328,Odd Even Linked List,odd-even-linked-list,Medium,62.28,False,Linked List,Algorithms
329,Longest Increasing Path in a Matrix,longest-increasing-path-in-a-matrix,Hard,56.31,False,"Array,Dynamic Programming,Depth-First Search,Breadth-First Search,Graph Theory,Topological Sort,Memoization,Matrix",Algorithms
330,Patching Array,patching-array,Hard,54.06,False,"Array,Greedy",Algorithms
331,Verify Preorder Serialization of a Binary Tree,verify-preorder-serialization-of-a-binary-tree,Medium,47.06,False,"String,Stack,Tree,Binary Tree",Algorithms
332,Reconstruct Itinerary,reconstruct-itinerary,Hard,44.25,False,"Array,String,Depth-First Search,Graph Theory,Sorting,Heap (Priority Queue),Eulerian Circuit",Algorithms
333,Largest BST Subtree,largest-bst-subtree,Medium,45.81,True,"Dynamic Programming,Tree,Depth-First Search,Binary Search Tree,Binary Tree",Algorithms
334,Increasing Triplet Subsequence,increasing-triplet-subsequence,Medium,39.23,False,"Array,Greedy",Algorithms
335,Self Crossing,self-crossing,Hard,34.13,False,"Array,Math,Geometry",Algorithms
336,Palindrome Pairs,palindrome-pairs,Hard,36.94,False,"Array,Hash Table,String,Trie",Algorithms
337,House Robber III,house-robber-iii,Medium,55.62,False,"Dynamic Programming,Tree,Depth-First Search,Binary Tree",Algorithms
338,Counting Bits,counting-bits,Easy,80.38,False,"Dynamic Programming,Bit Manipulation",Algorithms
339,Nested List Weight Sum,nested-list-weight-sum,Medium,85.91,True,"Depth-First Search,Breadth-First Search",Algorithms
340,Longest Substring with At Most K Distinct Characters,longest-substring-with-at-most-k-distinct-characters,Medium,49.89,True,"Hash Table,String,Sliding Window",Algorithms
341,Flatten Nested List Iterator,flatten-nested-list-iterator,Medium,65.61,False,"Stack,Tree,Depth-First Search,Design,Queue,Iterator",Algorithms
342,Power of Four,power-of-four,Easy,51.72,False,"Math,Bit Manipulation,Recursion",Algorithms
343,Integer Break,integer-break,Medium,61.85,False,"Math,Dynamic Programming",Algorithms
344,Reverse String,reverse-string,Easy,80.53,False,"Two Pointers,String",Algorithms
345,Reverse Vowels of a String,reverse-vowels-of-a-string,Easy,60.59,False,"Two Pointers,String",Algorithms
346,Moving Average from Data Stream,moving-average-from-data-stream,Easy,80.19,True,"Array,Design,Queue,Data Stream",Algorithms
347,Top K Frequent Elements,top-k-frequent-elements,Medium,65.84,False,"Array,Hash Table,Divide and Conquer,Sorting,Heap (Priority Queue),Bucket Sort,Counting,Quickselect",Algorithms
348,Design Tic-Tac-Toe,design-tic-tac-toe,Medium,58.74,True,"Array,Hash Table,Design,Matrix,Simulation",Algorithms
349,Intersection of Two Arrays,intersection-of-two-arrays,Easy,77.45,False,"Array,Hash Table,Two Pointers,Binary Search,Sorting",Algorithms
350,Intersection of Two Arrays II,intersection-of-two-arrays-ii,Easy,59.66,False,"Array,Hash Table,Two Pointers,Binary Search,Sorting",Algorithms
351,Android Unlock Patterns,android-unlock-patterns,Medium,53.71,True,"Dynamic Programming,Backtracking,Bit Manipulation,Bitmask",Algorithms
352,Data Stream as Disjoint Intervals,data-stream-as-disjoint-intervals,Hard,59.95,False,"Hash Table,Binary Search,Union-Find,Design,Data Stream,Ordered Set",Algorithms
353,Design Snake Game,design-snake-game,Medium,39.99,True,"Array,Hash Table,Design,Queue,Simulation",Algorithms
354,Russian Doll Envelopes,russian-doll-envelopes,Hard,37.7,False,"Array,Binary Search,Dynamic Programming,Sorting",Algorithms
355,Design Twitter,design-twitter,Medium,44.17,False,"Hash Table,Linked List,Design,Heap (Priority Queue)",Algorithms
356,Line Reflection,line-reflection,Medium,36.25,True,"Array,Hash Table,Math",Algorithms
357,Count Numbers with Unique Digits,count-numbers-with-unique-digits,Medium,55.34,False,"Math,Dynamic Programming,Backtracking",Algorithms
358,Rearrange String k Distance Apart,rearrange-string-k-distance-apart,Hard,39.51,True,"Hash Table,String,Greedy,Sorting,Heap (Priority Queue),Counting",Algorithms
359,Logger Rate Limiter,logger-rate-limiter,Easy,76.77,True,"Hash Table,Design,Data Stream",Algorithms
360,Sort Transformed Array,sort-transformed-array,Medium,57.83,True,"Array,Math,Two Pointers,Sorting",Algorithms
361,Bomb Enemy,bomb-enemy,Medium,52.77,True,"Array,Dynamic Programming,Matrix",Algorithms
362,Design Hit Counter,design-hit-counter,Medium,69.57,True,"Array,Binary Search,Design,Queue,Data Stream",Algorithms
363,Max Sum of Rectangle No Larger Than K,max-sum-of-rectangle-no-larger-than-k,Hard,45.29,False,"Array,Binary Search,Matrix,Prefix Sum,Ordered Set",Algorithms
364,Nested List Weight Sum II,nested-list-weight-sum-ii,Medium,66.72,True,"Stack,Depth-First Search,Breadth-First Search",Algorithms
365,Water and Jug Problem,water-and-jug-problem,Medium,44.78,False,"Math,Depth-First Search,Breadth-First Search",Algorithms
366,Find Leaves of Binary Tree,find-leaves-of-binary-tree,Medium,81.26,True,"Tree,Depth-First Search,Binary Tree",Algorithms
367,Valid Perfect Square,valid-perfect-square,Easy,44.67,False,"Math,Binary Search",Algorithms
368,Largest Divisible Subset,largest-divisible-subset,Medium,49.36,False,"Array,Math,Dynamic Programming,Sorting",Algorithms
369,Plus One Linked List,plus-one-linked-list,Medium,61.23,True,"Linked List,Math",Algorithms
370,Range Addition,range-addition,Medium,72.92,True,"Array,Prefix Sum",Algorithms
371,Sum of Two Integers,sum-of-two-integers,Medium,55.03,False,"Math,Bit Manipulation",Algorithms
372,Super Pow,super-pow,Medium,36.31,False,"Math,Divide and Conquer",Algorithms
373,Find K Pairs with Smallest Sums,find-k-pairs-with-smallest-sums,Medium,41.52,False,"Array,Heap (Priority Queue)",Algorithms
374,Guess Number Higher or Lower,guess-number-higher-or-lower,Easy,57.1,False,"Binary Search,Interactive",Algorithms
375,Guess Number Higher or Lower II,guess-number-higher-or-lower-ii,Medium,52.43,False,"Math,Dynamic Programming,Game Theory",Algorithms
376,Wiggle Subsequence,wiggle-subsequence,Medium,49.25,False,"Array,Dynamic Programming,Greedy",Algorithms
377,Combination Sum IV,combination-sum-iv,Medium,54.98,False,"Array,Dynamic Programming",Algorithms
378,Kth Smallest Element in a Sorted Matrix,kth-smallest-element-in-a-sorted-matrix,Medium,64.35,False,"Array,Binary Search,Sorting,Heap (Priority Queue),Matrix",Algorithms
379,Design Phone Directory,design-phone-directory,Medium,52.71,True,"Array,Hash Table,Linked List,Design,Queue",Algorithms
380,Insert Delete GetRandom O(1),insert-delete-getrandom-o1,Medium,55.25,False,"Array,Hash Table,Math,Design,Randomized",Algorithms
381,Insert Delete GetRandom O(1) - Duplicates allowed,insert-delete-getrandom-o1-duplicates-allowed,Hard,36.37,False,"Array,Hash Table,Math,Design,Randomized",Algorithms
382,Linked List Random Node,linked-list-random-node,Medium,64.64,False,"Linked List,Math,Reservoir Sampling,Randomized",Algorithms
383,Ransom Note,ransom-note,Easy,65.61,False,"Hash Table,String,Counting",Algorithms
384,Shuffle an Array,shuffle-an-array,Medium,59.55,False,"Array,Math,Design,Randomized",Algorithms
385,Mini Parser,mini-parser,Medium,41.96,False,"String,Stack,Depth-First Search",Algorithms
386,Lexicographical Numbers,lexicographical-numbers,Medium,76.18,False,"Depth-First Search,Trie",Algorithms
387,First Unique Character in a String,first-unique-character-in-a-string,Easy,64.99,False,"Hash Table,String,Queue,Counting",Algorithms
388,Longest Absolute File Path,longest-absolute-file-path,Medium,49.2,False,"String,Stack,Depth-First Search",Algorithms
389,Find the Difference,find-the-difference,Easy,60.1,False,"Hash Table,String,Bit Manipulation,Sorting",Algorithms
390,Elimination Game,elimination-game,Medium,45.92,False,"Math,Recursion",Algorithms
391,Perfect Rectangle,perfect-rectangle,Hard,37.25,False,"Array,Hash Table,Math,Geometry,Sweep Line",Algorithms
392,Is Subsequence,is-subsequence,Easy,48.84,False,"Two Pointers,String,Dynamic Programming",Algorithms
393,UTF-8 Validation,utf-8-validation,Medium,46.05,False,"Array,Bit Manipulation",Algorithms
394,Decode String,decode-string,Medium,62.24,False,"String,Stack,Recursion",Algorithms
395,Longest Substring with At Least K Repeating Characters,longest-substring-with-at-least-k-repeating-characters,Medium,46.03,False,"Hash Table,String,Divide and Conquer,Sliding Window",Algorithms
396,Rotate Function,rotate-function,Medium,45.35,False,"Array,Math,Dynamic Programming",Algorithms
397,Integer Replacement,integer-replacement,Medium,37.15,False,"Dynamic Programming,Greedy,Bit Manipulation,Memoization",Algorithms
398,Random Pick Index,random-pick-index,Medium,64.98,False,"Hash Table,Math,Reservoir Sampling,Randomized",Algorithms
399,Evaluate Division,evaluate-division,Medium,63.97,False,"Array,String,Depth-First Search,Breadth-First Search,Union-Find,Graph Theory,Shortest Path",Algorithms
400,Nth Digit,nth-digit,Medium,37.14,False,"Math,Binary Search",Algorithms
401,Binary Watch,binary-watch,Easy,65.04,False,"Backtracking,Bit Manipulation",Algorithms
402,Remove K Digits,remove-k-digits,Medium,36.35,False,"String,Stack,Greedy,Monotonic Stack",Algorithms
403,Frog Jump,frog-jump,Hard,47.1,False,"Array,Dynamic Programming",Algorithms
404,Sum of Left Leaves,sum-of-left-leaves,Easy,62.38,False,"Tree,Depth-First Search,Breadth-First Search,Binary Tree",Algorithms
405,Convert a Number to Hexadecimal,convert-a-number-to-hexadecimal,Easy,53.23,False,"Math,String,Bit Manipulation",Algorithms
406,Queue Reconstruction by Height,queue-reconstruction-by-height,Medium,74.59,False,"Array,Binary Indexed Tree,Segment Tree,Sorting",Algorithms
407,Trapping Rain Water II,trapping-rain-water-ii,Hard,63.97,False,"Array,Breadth-First Search,Heap (Priority Queue),Matrix",Algorithms
408,Valid Word Abbreviation,valid-word-abbreviation,Easy,37.02,True,"Two Pointers,String",Algorithms
409,Longest Palindrome,longest-palindrome,Easy,55.83,False,"Hash Table,String,Greedy",Algorithms
410,Split Array Largest Sum,split-array-largest-sum,Hard,59.83,False,"Array,Binary Search,Dynamic Programming,Greedy,Prefix Sum",Algorithms
411,Minimum Unique Word Abbreviation,minimum-unique-word-abbreviation,Hard,40.39,True,"Array,String,Backtracking,Bit Manipulation",Algorithms
412,Fizz Buzz,fizz-buzz,Easy,75.24,False,"Math,String,Simulation",Algorithms
413,Arithmetic Slices,arithmetic-slices,Medium,64.81,False,"Array,Dynamic Programming,Sliding Window",Algorithms
414,Third Maximum Number,third-maximum-number,Easy,38.81,False,"Array,Sorting",Algorithms
415,Add Strings,add-strings,Easy,52.08,False,"Math,String,Simulation",Algorithms
416,Partition Equal Subset Sum,partition-equal-subset-sum,Medium,49.2,False,"Array,Dynamic Programming",Algorithms
417,Pacific Atlantic Water Flow,pacific-atlantic-water-flow,Medium,60.56,False,"Array,Depth-First Search,Breadth-First Search,Matrix",Algorithms
418,Sentence Screen Fitting,sentence-screen-fitting,Medium,36.38,True,"Array,String,Dynamic Programming",Algorithms
419,Battleships in a Board,battleships-in-a-board,Medium,77.34,False,"Array,Depth-First Search,Matrix",Algorithms
420,Strong Password Checker,strong-password-checker,Hard,15.42,False,"String,Greedy,Heap (Priority Queue)",Algorithms
421,Maximum XOR of Two Numbers in an Array,maximum-xor-of-two-numbers-in-an-array,Medium,53.43,False,"Array,Hash Table,Bit Manipulation,Trie",Algorithms
422,Valid Word Square,valid-word-square,Easy,42.72,True,"Array,Matrix",Algorithms
423,Reconstruct Original Digits from English,reconstruct-original-digits-from-english,Medium,52.68,False,"Hash Table,Math,String",Algorithms
424,Longest Repeating Character Replacement,longest-repeating-character-replacement,Medium,59.02,False,"Hash Table,String,Sliding Window",Algorithms
425,Word Squares,word-squares,Hard,54.62,True,"Array,String,Backtracking,Trie",Algorithms
758,Convert Binary Search Tree to Sorted Doubly Linked List,convert-binary-search-tree-to-sorted-doubly-linked-list,Medium,65.63,True,"Linked List,Stack,Tree,Depth-First Search,Binary Search Tree,Binary Tree,Doubly-Linked List",Algorithms
772,Construct Quad Tree,construct-quad-tree,Medium,78.07,False,"Array,Divide and Conquer,Tree,Matrix",Algorithms
765,Serialize and Deserialize N-ary Tree,serialize-and-deserialize-n-ary-tree,Hard,68.6,True,"String,Tree,Depth-First Search,Breadth-First Search",Algorithms
764,N-ary Tree Level Order Traversal,n-ary-tree-level-order-traversal,Medium,71.47,False,"Tree,Breadth-First Search",Algorithms
766,Flatten a Multilevel Doubly Linked List,flatten-a-multilevel-doubly-linked-list,Medium,62.53,False,"Linked List,Depth-First Search,Doubly-Linked List",Algorithms
771,Encode N-ary Tree to Binary Tree,encode-n-ary-tree-to-binary-tree,Hard,80.53,True,"Tree,Depth-First Search,Breadth-First Search,Design,Binary Tree",Algorithms
432,All O`one Data Structure,all-oone-data-structure,Hard,44.14,False,"Hash Table,Linked List,Design,Doubly-Linked List",Algorithms
433,Minimum Genetic Mutation,minimum-genetic-mutation,Medium,56.38,False,"Hash Table,String,Breadth-First Search",Algorithms
434,Number of Segments in a String,number-of-segments-in-a-string,Easy,36.93,False,String,Algorithms
435,Non-overlapping Intervals,non-overlapping-intervals,Medium,56.69,False,"Array,Dynamic Programming,Greedy,Sorting",Algorithms
436,Find Right Interval,find-right-interval,Medium,55.37,False,"Array,Binary Search,Sorting",Algorithms
437,Path Sum III,path-sum-iii,Medium,46.29,False,"Tree,Depth-First Search,Binary Tree",Algorithms
438,Find All Anagrams in a String,find-all-anagrams-in-a-string,Medium,53.26,False,"Hash Table,String,Sliding Window",Algorithms
439,Ternary Expression Parser,ternary-expression-parser,Medium,62.48,True,"String,Stack,Recursion",Algorithms
440,K-th Smallest in Lexicographical Order,k-th-smallest-in-lexicographical-order,Hard,46.18,False,Trie,Algorithms
441,Arranging Coins,arranging-coins,Easy,47.97,False,"Math,Binary Search",Algorithms
442,Find All Duplicates in an Array,find-all-duplicates-in-an-array,Medium,76.79,False,"Array,Hash Table,Sorting",Algorithms
443,String Compression,string-compression,Medium,59.53,False,"Two Pointers,String",Algorithms
444,Sequence Reconstruction,sequence-reconstruction,Medium,30.45,True,"Array,Graph Theory,Topological Sort",Algorithms
445,Add Two Numbers II,add-two-numbers-ii,Medium,62.36,False,"Linked List,Math,Stack",Algorithms
446,Arithmetic Slices II - Subsequence,arithmetic-slices-ii-subsequence,Hard,54.9,False,"Array,Dynamic Programming",Algorithms
447,Number of Boomerangs,number-of-boomerangs,Medium,57.24,False,"Array,Hash Table,Math",Algorithms
448,Find All Numbers Disappeared in an Array,find-all-numbers-disappeared-in-an-array,Easy,63.72,False,"Array,Hash Table",Algorithms
449,Serialize and Deserialize BST,serialize-and-deserialize-bst,Medium,59.34,False,"String,Tree,Depth-First Search,Breadth-First Search,Design,Binary Search Tree,Binary Tree",Algorithms
450,Delete Node in a BST,delete-node-in-a-bst,Medium,54.18,False,"Tree,Binary Search Tree,Binary Tree",Algorithms
451,Sort Characters By Frequency,sort-characters-by-frequency,Medium,75.09,False,"Hash Table,String,Sorting,Heap (Priority Queue),Bucket Sort,Counting",Algorithms
452,Minimum Number of Arrows to Burst Balloons,minimum-number-of-arrows-to-burst-balloons,Medium,61.17,False,"Array,Greedy,Sorting",Algorithms
453,Minimum Moves to Equal Array Elements,minimum-moves-to-equal-array-elements,Medium,58.51,False,"Array,Math",Algorithms
454,4Sum II,4sum-ii,Medium,57.83,False,"Array,Hash Table",Algorithms
455,Assign Cookies,assign-cookies,Easy,54.65,False,"Array,Two Pointers,Greedy,Sorting",Algorithms
456,132 Pattern,132-pattern,Medium,34.52,False,"Array,Binary Search,Stack,Monotonic Stack,Ordered Set",Algorithms
457,Circular Array Loop,circular-array-loop,Medium,36.95,False,"Array,Hash Table,Two Pointers",Algorithms
458,Poor Pigs,poor-pigs,Hard,59.09,False,"Math,Dynamic Programming,Combinatorics",Algorithms
459,Repeated Substring Pattern,repeated-substring-pattern,Easy,47.81,False,"String,String Matching",Algorithms
460,LFU Cache,lfu-cache,Hard,48.56,False,"Hash Table,Linked List,Design,Doubly-Linked List",Algorithms
461,Hamming Distance,hamming-distance,Easy,76.59,False,Bit Manipulation,Algorithms
462,Minimum Moves to Equal Array Elements II,minimum-moves-to-equal-array-elements-ii,Medium,61.48,False,"Array,Math,Sorting",Algorithms
463,Island Perimeter,island-perimeter,Easy,74.22,False,"Array,Depth-First Search,Breadth-First Search,Matrix",Algorithms
464,Can I Win,can-i-win,Medium,31.02,False,"Math,Dynamic Programming,Bit Manipulation,Memoization,Game Theory,Bitmask",Algorithms
465,Optimal Account Balancing,optimal-account-balancing,Hard,50.27,True,"Array,Dynamic Programming,Backtracking,Bit Manipulation,Bitmask",Algorithms
466,Count The Repetitions,count-the-repetitions,Hard,33.61,False,"String,Dynamic Programming",Algorithms
467,Unique Substrings in Wraparound String,unique-substrings-in-wraparound-string,Medium,42.64,False,"String,Dynamic Programming",Algorithms
468,Validate IP Address,validate-ip-address,Medium,28.19,False,String,Algorithms
469,Convex Polygon,convex-polygon,Medium,40.2,True,"Array,Math,Geometry",Algorithms
903,Implement Rand10() Using Rand7(),implement-rand10-using-rand7,Medium,46.23,False,"Math,Rejection Sampling,Randomized,Probability and Statistics",Algorithms
471,Encode String with Shortest Length,encode-string-with-shortest-length,Hard,50.57,True,"String,Dynamic Programming",Algorithms
472,Concatenated Words,concatenated-words,Hard,49.71,False,"Array,String,Dynamic Programming,Depth-First Search,Trie,Sorting",Algorithms
473,Matchsticks to Square,matchsticks-to-square,Medium,41.59,False,"Array,Dynamic Programming,Backtracking,Bit Manipulation,Bitmask",Algorithms
474,Ones and Zeroes,ones-and-zeroes,Medium,53.04,False,"Array,String,Dynamic Programming",Algorithms
475,Heaters,heaters,Medium,41.4,False,"Array,Two Pointers,Binary Search,Sorting",Algorithms
476,Number Complement,number-complement,Easy,70.45,False,Bit Manipulation,Algorithms
477,Total Hamming Distance,total-hamming-distance,Medium,54.6,False,"Array,Math,Bit Manipulation",Algorithms
915,Generate Random Point in a Circle,generate-random-point-in-a-circle,Medium,42.42,False,"Math,Geometry,Rejection Sampling,Randomized",Algorithms
479,Largest Palindrome Product,largest-palindrome-product,Hard,38.1,False,"Math,Enumeration",Algorithms
480,Sliding Window Median,sliding-window-median,Hard,38.9,False,"Array,Hash Table,Sliding Window,Heap (Priority Queue)",Algorithms
481,Magical String,magical-string,Medium,54.46,False,"Two Pointers,String",Algorithms
482,License Key Formatting,license-key-formatting,Easy,45.65,False,String,Algorithms
483,Smallest Good Base,smallest-good-base,Hard,45.44,False,"Math,Binary Search",Algorithms
484,Find Permutation,find-permutation,Medium,66.92,True,"Array,String,Stack,Greedy",Algorithms
485,Max Consecutive Ones,max-consecutive-ones,Easy,64.56,False,Array,Algorithms
486,Predict the Winner,predict-the-winner,Medium,56.08,False,"Array,Math,Dynamic Programming,Recursion,Game Theory",Algorithms
487,Max Consecutive Ones II,max-consecutive-ones-ii,Medium,51.91,True,"Array,Dynamic Programming,Sliding Window",Algorithms
488,Zuma Game,zuma-game,Hard,30.19,False,"String,Dynamic Programming,Stack,Breadth-First Search,Memoization",Algorithms
865,Robot Room Cleaner,robot-room-cleaner,Hard,77.89,True,"Backtracking,Interactive",Algorithms
490,The Maze,the-maze,Medium,60.29,True,"Array,Depth-First Search,Breadth-First Search,Matrix",Algorithms
491,Non-decreasing Subsequences,non-decreasing-subsequences,Medium,62.45,False,"Array,Hash Table,Backtracking,Bit Manipulation",Algorithms
492,Construct the Rectangle,construct-the-rectangle,Easy,62.98,False,Math,Algorithms
493,Reverse Pairs,reverse-pairs,Hard,33.68,False,"Array,Binary Search,Divide and Conquer,Binary Indexed Tree,Segment Tree,Merge Sort,Ordered Set",Algorithms
494,Target Sum,target-sum,Medium,51.82,False,"Array,Dynamic Programming,Backtracking",Algorithms
495,Teemo Attacking,teemo-attacking,Easy,57.48,False,"Array,Simulation",Algorithms
496,Next Greater Element I,next-greater-element-i,Easy,75.73,False,"Array,Hash Table,Stack,Monotonic Stack",Algorithms
914,Random Point in Non-overlapping Rectangles,random-point-in-non-overlapping-rectangles,Medium,39.37,False,"Array,Math,Binary Search,Reservoir Sampling,Prefix Sum,Ordered Set,Randomized",Algorithms
498,Diagonal Traverse,diagonal-traverse,Medium,67.01,False,"Array,Matrix,Simulation",Algorithms
499,The Maze III,the-maze-iii,Hard,52.22,True,"Array,String,Depth-First Search,Breadth-First Search,Graph Theory,Heap (Priority Queue),Matrix,Shortest Path",Algorithms
500,Keyboard Row,keyboard-row,Easy,73.53,False,"Array,Hash Table,String",Algorithms
501,Find Mode in Binary Search Tree,find-mode-in-binary-search-tree,Easy,58.45,False,"Tree,Depth-First Search,Binary Search Tree,Binary Tree",Algorithms
502,IPO,ipo,Hard,53.31,False,"Array,Greedy,Sorting,Heap (Priority Queue)",Algorithms
503,Next Greater Element II,next-greater-element-ii,Medium,67.88,False,"Array,Stack,Monotonic Stack",Algorithms
504,Base 7,base-7,Easy,53.75,False,"Math,String",Algorithms
505,The Maze II,the-maze-ii,Medium,54.95,True,"Array,Depth-First Search,Breadth-First Search,Graph Theory,Heap (Priority Queue),Matrix,Shortest Path",Algorithms
506,Relative Ranks,relative-ranks,Easy,74.37,False,"Array,Sorting,Heap (Priority Queue)",Algorithms
507,Perfect Number,perfect-number,Easy,47.89,False,Math,Algorithms
508,Most Frequent Subtree Sum,most-frequent-subtree-sum,Medium,68.92,False,"Hash Table,Tree,Depth-First Search,Binary Tree",Algorithms
1013,Fibonacci Number,fibonacci-number,Easy,73.85,False,"Math,Dynamic Programming,Recursion,Memoization",Algorithms
509,Inorder Successor in BST II,inorder-successor-in-bst-ii,Medium,61.08,True,"Tree,Binary Search Tree,Binary Tree",Algorithms
1179,Game Play Analysis I,game-play-analysis-i,Easy,76.18,False,Database,Database
1180,Game Play Analysis II,game-play-analysis-ii,Easy,54.52,True,Database,Database
513,Find Bottom Left Tree Value,find-bottom-left-tree-value,Medium,72.17,False,"Tree,Depth-First Search,Breadth-First Search,Binary Tree",Algorithms
514,Freedom Trail,freedom-trail,Hard,59.23,False,"String,Dynamic Programming,Depth-First Search,Breadth-First Search",Algorithms
515,Find Largest Value in Each Tree Row,find-largest-value-in-each-tree-row,Medium,66.28,False,"Tree,Depth-First Search,Breadth-First Search,Binary Tree",Algorithms
516,Longest Palindromic Subsequence,longest-palindromic-subsequence,Medium,65.09,False,"String,Dynamic Programming",Algorithms
517,Super Washing Machines,super-washing-machines,Hard,43.83,False,"Array,Greedy",Algorithms
518,Coin Change II,coin-change-ii,Medium,60.48,False,"Array,Dynamic Programming",Algorithms
913,Random Flip Matrix,random-flip-matrix,Medium,45.37,False,"Hash Table,Math,Reservoir Sampling,Randomized",Algorithms
520,Detect Capital,detect-capital,Easy,56.45,False,String,Algorithms
521,Longest Uncommon Subsequence I,longest-uncommon-subsequence-i,Easy,62.02,False,String,Algorithms
522,Longest Uncommon Subsequence II,longest-uncommon-subsequence-ii,Medium,44.42,False,"Array,Hash Table,Two Pointers,String,Sorting",Algorithms
523,Continuous Subarray Sum,continuous-subarray-sum,Medium,31.21,False,"Array,Hash Table,Math,Prefix Sum",Algorithms
524,Longest Word in Dictionary through Deleting,longest-word-in-dictionary-through-deleting,Medium,52.52,False,"Array,Two Pointers,String,Sorting",Algorithms
525,Contiguous Array,contiguous-array,Medium,50.76,False,"Array,Hash Table,Prefix Sum",Algorithms
526,Beautiful Arrangement,beautiful-arrangement,Medium,64.72,False,"Array,Dynamic Programming,Backtracking,Bit Manipulation,Bitmask",Algorithms
527,Word Abbreviation,word-abbreviation,Hard,62.71,True,"Array,String,Greedy,Trie,Sorting",Algorithms
912,Random Pick with Weight,random-pick-with-weight,Medium,48.9,False,"Array,Math,Binary Search,Prefix Sum,Randomized",Algorithms
529,Minesweeper,minesweeper,Medium,68.67,False,"Array,Depth-First Search,Breadth-First Search,Matrix",Algorithms
530,Minimum Absolute Difference in BST,minimum-absolute-difference-in-bst,Easy,59.2,False,"Tree,Depth-First Search,Breadth-First Search,Binary Search Tree,Binary Tree",Algorithms
531,Lonely Pixel I,lonely-pixel-i,Medium,62.65,True,"Array,Hash Table,Matrix",Algorithms
532,K-diff Pairs in an Array,k-diff-pairs-in-an-array,Medium,45.6,False,"Array,Hash Table,Two Pointers,Binary Search,Sorting",Algorithms
533,Lonely Pixel II,lonely-pixel-ii,Medium,48.86,True,"Array,Hash Table,Matrix",Algorithms
1181,Game Play Analysis III,game-play-analysis-iii,Medium,81.29,True,Database,Database
535,Encode and Decode TinyURL,encode-and-decode-tinyurl,Medium,86.59,False,"Hash Table,String,Design,Hash Function",Algorithms
536,Construct Binary Tree from String,construct-binary-tree-from-string,Medium,58.68,True,"String,Stack,Tree,Depth-First Search,Binary Tree",Algorithms
537,Complex Number Multiplication,complex-number-multiplication,Medium,73.16,False,"Math,String,Simulation",Algorithms
538,Convert BST to Greater Tree,convert-bst-to-greater-tree,Medium,71.34,False,"Tree,Depth-First Search,Binary Search Tree,Binary Tree",Algorithms
539,Minimum Time Difference,minimum-time-difference,Medium,62.54,False,"Array,Math,String,Sorting",Algorithms
540,Single Element in a Sorted Array,single-element-in-a-sorted-array,Medium,59.2,False,"Array,Binary Search",Algorithms
541,Reverse String II,reverse-string-ii,Easy,53.33,False,"Two Pointers,String",Algorithms
542,01 Matrix,01-matrix,Medium,53.31,False,"Array,Dynamic Programming,Breadth-First Search,Matrix",Algorithms
543,Diameter of Binary Tree,diameter-of-binary-tree,Easy,65.03,False,"Tree,Depth-First Search,Binary Tree",Algorithms
544,Output Contest Matches,output-contest-matches,Medium,77.5,True,"String,Recursion,Simulation",Algorithms
545,Boundary of Binary Tree,boundary-of-binary-tree,Medium,47.86,True,"Tree,Depth-First Search,Binary Tree",Algorithms
546,Remove Boxes,remove-boxes,Hard,49.34,False,"Array,Dynamic Programming,Memoization",Algorithms
547,Number of Provinces,number-of-provinces,Medium,69.96,False,"Depth-First Search,Breadth-First Search,Union-Find,Graph Theory",Algorithms
548,Split Array with Equal Sum,split-array-with-equal-sum,Hard,50.09,True,"Array,Hash Table,Prefix Sum",Algorithms
549,Binary Tree Longest Consecutive Sequence II,binary-tree-longest-consecutive-sequence-ii,Medium,49.99,True,"Tree,Depth-First Search,Binary Tree",Algorithms
1182,Game Play Analysis IV,game-play-analysis-iv,Medium,40.7,False,Database,Database
551,Student Attendance Record I,student-attendance-record-i,Easy,50.0,False,String,Algorithms
552,Student Attendance Record II,student-attendance-record-ii,Hard,56.37,False,Dynamic Programming,Algorithms
553,Optimal Division,optimal-division,Medium,62.75,False,"Array,Math,Dynamic Programming",Algorithms
554,Brick Wall,brick-wall,Medium,56.0,False,"Array,Hash Table",Algorithms
555,Split Concatenated Strings,split-concatenated-strings,Medium,43.56,True,"Array,String,Greedy",Algorithms
556,Next Greater Element III,next-greater-element-iii,Medium,35.14,False,"Math,Two Pointers,String",Algorithms
557,Reverse Words in a String III,reverse-words-in-a-string-iii,Easy,83.92,False,"Two Pointers,String",Algorithms
773,Logical OR of Two Binary Grids Represented as Quad-Trees,logical-or-of-two-binary-grids-represented-as-quad-trees,Medium,52.33,False,"Divide and Conquer,Tree",Algorithms
774,Maximum Depth of N-ary Tree,maximum-depth-of-n-ary-tree,Easy,73.44,False,"Tree,Depth-First Search,Breadth-First Search",Algorithms
560,Subarray Sum Equals K,subarray-sum-equals-k,Medium,46.78,False,"Array,Hash Table,Prefix Sum",Algorithms
561,Array Partition,array-partition,Easy,81.46,False,"Array,Greedy,Sorting,Counting Sort",Algorithms
562,Longest Line of Consecutive One in Matrix,longest-line-of-consecutive-one-in-matrix,Medium,50.57,True,"Array,Dynamic Programming,Matrix",Algorithms
563,Binary Tree Tilt,binary-tree-tilt,Easy,65.33,False,"Tree,Depth-First Search,Binary Tree",Algorithms
564,Find the Closest Palindrome,find-the-closest-palindrome,Hard,31.84,False,"Math,String",Algorithms
565,Array Nesting,array-nesting,Medium,56.45,False,"Array,Depth-First Search",Algorithms
566,Reshape the Matrix,reshape-the-matrix,Easy,64.7,False,"Array,Matrix,Simulation",Algorithms
567,Permutation in String,permutation-in-string,Medium,48.41,False,"Hash Table,Two Pointers,String,Sliding Window",Algorithms
568,Maximum Vacation Days,maximum-vacation-days,Hard,46.72,True,"Array,Dynamic Programming,Matrix",Algorithms
569,Median Employee Salary,median-employee-salary,Hard,65.93,True,Database,Database
570,Managers with at Least 5 Direct Reports,managers-with-at-least-5-direct-reports,Medium,48.91,False,Database,Database
571,Find Median Given Frequency of Numbers,find-median-given-frequency-of-numbers,Hard,42.29,True,Database,Database
572,Subtree of Another Tree,subtree-of-another-tree,Easy,51.21,False,"Tree,Depth-First Search,String Matching,Binary Tree,Hash Function",Algorithms
573,Squirrel Simulation,squirrel-simulation,Medium,57.34,True,"Array,Math",Algorithms
574,Winning Candidate,winning-candidate,Medium,62.55,True,Database,Database
575,Distribute Candies,distribute-candies,Easy,70.74,False,"Array,Hash Table",Algorithms
576,Out of Boundary Paths,out-of-boundary-paths,Medium,48.37,False,Dynamic Programming,Algorithms
577,Employee Bonus,employee-bonus,Easy,77.15,False,Database,Database
578,Get Highest Answer Rate Question,get-highest-answer-rate-question,Medium,40.04,True,Database,Database
579,Find Cumulative Salary of an Employee,find-cumulative-salary-of-an-employee,Hard,49.29,True,Database,Database
580,Count Student Number in Departments,count-student-number-in-departments,Medium,59.94,True,Database,Database
581,Shortest Unsorted Continuous Subarray,shortest-unsorted-continuous-subarray,Medium,37.97,False,"Array,Two Pointers,Stack,Greedy,Sorting,Monotonic Stack",Algorithms
582,Kill Process,kill-process,Medium,70.29,True,"Array,Hash Table,Tree,Depth-First Search,Breadth-First Search",Algorithms
583,Delete Operation for Two Strings,delete-operation-for-two-strings,Medium,65.23,False,"String,Dynamic Programming",Algorithms
584,Find Customer Referee,find-customer-referee,Easy,72.55,False,Database,Database
585,Investments in 2016,investments-in-2016,Medium,50.76,False,Database,Database
586,Customer Placing the Largest Number of Orders,customer-placing-the-largest-number-of-orders,Easy,64.25,False,Database,Database
587,Erect the Fence,erect-the-fence,Hard,52.69,False,"Array,Math,Geometry",Algorithms
588,Design In-Memory File System,design-in-memory-file-system,Hard,48.36,True,"Hash Table,String,Design,Trie,Sorting",Algorithms
775,N-ary Tree Preorder Traversal,n-ary-tree-preorder-traversal,Easy,76.64,False,"Stack,Tree,Depth-First Search",Algorithms
776,N-ary Tree Postorder Traversal,n-ary-tree-postorder-traversal,Easy,80.98,False,"Stack,Tree,Depth-First Search",Algorithms
591,Tag Validator,tag-validator,Hard,40.21,False,"String,Stack",Algorithms
592,Fraction Addition and Subtraction,fraction-addition-and-subtraction,Medium,66.4,False,"Math,String,Simulation",Algorithms
593,Valid Square,valid-square,Medium,44.84,False,"Math,Geometry",Algorithms
594,Longest Harmonious Subsequence,longest-harmonious-subsequence,Easy,64.38,False,"Array,Hash Table,Sliding Window,Sorting,Counting",Algorithms
595,Big Countries,big-countries,Easy,68.39,False,Database,Database
596,Classes With at Least 5 Students,classes-with-at-least-5-students,Easy,63.15,False,Database,Database
597,Friend Requests I: Overall Acceptance Rate,friend-requests-i-overall-acceptance-rate,Easy,41.14,True,Database,Database
598,Range Addition II,range-addition-ii,Easy,58.34,False,"Array,Math",Algorithms
599,Minimum Index Sum of Two Lists,minimum-index-sum-of-two-lists,Easy,59.43,False,"Array,Hash Table,String",Algorithms
600,Non-negative Integers without Consecutive Ones,non-negative-integers-without-consecutive-ones,Hard,41.7,False,Dynamic Programming,Algorithms
601,Human Traffic of Stadium,human-traffic-of-stadium,Hard,50.77,False,Database,Database
602,Friend Requests II: Who Has the Most Friends,friend-requests-ii-who-has-the-most-friends,Medium,62.21,False,Database,Database
603,Consecutive Available Seats,consecutive-available-seats,Easy,65.04,True,Database,Database
604,Design Compressed String Iterator,design-compressed-string-iterator,Easy,40.31,True,"Array,String,Design,Iterator",Algorithms
605,Can Place Flowers,can-place-flowers,Easy,29.04,False,"Array,Greedy",Algorithms
606,Construct String from Binary Tree,construct-string-from-binary-tree,Medium,70.57,False,"String,Tree,Depth-First Search,Binary Tree",Algorithms
607,Sales Person,sales-person,Easy,65.77,False,Database,Database
608,Tree Node,tree-node,Medium,75.19,False,Database,Database
609,Find Duplicate File in System,find-duplicate-file-in-system,Medium,67.57,False,"Array,Hash Table,String",Algorithms
610,Triangle Judgement,triangle-judgement,Easy,74.51,False,Database,Database
611,Valid Triangle Number,valid-triangle-number,Medium,56.68,False,"Array,Two Pointers,Binary Search,Greedy,Sorting",Algorithms
612,Shortest Distance in a Plane,shortest-distance-in-a-plane,Medium,61.01,True,Database,Database
613,Shortest Distance in a Line,shortest-distance-in-a-line,Easy,79.7,True,Database,Database
614,Second Degree Follower,second-degree-follower,Medium,40.7,True,Database,Database
615,Average Salary: Departments VS Company,average-salary-departments-vs-company,Hard,56.74,True,Database,Database
616,Add Bold Tag in String,add-bold-tag-in-string,Medium,51.37,True,"Array,Hash Table,String,Trie,String Matching",Algorithms
617,Merge Two Binary Trees,merge-two-binary-trees,Easy,78.98,False,"Tree,Depth-First Search,Breadth-First Search,Binary Tree",Algorithms
618,Students Report By Geography,students-report-by-geography,Hard,63.52,True,Database,Database
619,Biggest Single Number,biggest-single-number,Easy,70.88,False,Database,Database
620,Not Boring Movies,not-boring-movies,Easy,75.12,False,Database,Database
621,Task Scheduler,task-scheduler,Medium,62.64,False,"Array,Hash Table,Greedy,Sorting,Heap (Priority Queue),Counting",Algorithms
860,Design Circular Queue,design-circular-queue,Medium,53.95,False,"Array,Linked List,Design,Queue",Algorithms
623,Add One Row to Tree,add-one-row-to-tree,Medium,64.1,False,"Tree,Depth-First Search,Breadth-First Search,Binary Tree",Algorithms
624,Maximum Distance in Arrays,maximum-distance-in-arrays,Medium,45.61,False,"Array,Greedy",Algorithms
625,Minimum Factorization,minimum-factorization,Medium,33.92,True,"Math,Greedy",Algorithms
626,Exchange Seats,exchange-seats,Medium,73.82,False,Database,Database
627,Swap Sex of Employees,swap-sex-of-employees,Easy,84.51,False,Database,Database
628,Maximum Product of Three Numbers,maximum-product-of-three-numbers,Easy,45.71,False,"Array,Math,Sorting",Algorithms
629,K Inverse Pairs Array,k-inverse-pairs-array,Hard,48.96,False,Dynamic Programming,Algorithms
630,Course Schedule III,course-schedule-iii,Hard,41.36,False,"Array,Greedy,Sorting,Heap (Priority Queue)",Algorithms
631,Design Excel Sum Formula,design-excel-sum-formula,Hard,39.84,True,"Array,Hash Table,String,Graph Theory,Design,Topological Sort,Matrix",Algorithms
632,Smallest Range Covering Elements from K Lists,smallest-range-covering-elements-from-k-lists,Hard,70.04,False,"Array,Hash Table,Greedy,Sliding Window,Sorting,Heap (Priority Queue)",Algorithms
633,Sum of Square Numbers,sum-of-square-numbers,Medium,36.72,False,"Math,Two Pointers,Binary Search",Algorithms
634,Find the Derangement of An Array,find-the-derangement-of-an-array,Medium,41.75,True,"Math,Dynamic Programming,Combinatorics",Algorithms
635,Design Log Storage System,design-log-storage-system,Medium,59.23,True,"Hash Table,String,Design,Ordered Set",Algorithms
636,Exclusive Time of Functions,exclusive-time-of-functions,Medium,66.12,False,"Array,Stack",Algorithms
637,Average of Levels in Binary Tree,average-of-levels-in-binary-tree,Easy,74.72,False,"Tree,Depth-First Search,Breadth-First Search,Binary Tree",Algorithms
638,Shopping Offers,shopping-offers,Medium,52.24,False,"Array,Dynamic Programming,Backtracking,Bit Manipulation,Memoization,Bitmask",Algorithms
639,Decode Ways II,decode-ways-ii,Hard,31.71,False,"String,Dynamic Programming",Algorithms
640,Solve the Equation,solve-the-equation,Medium,46.03,False,"Math,String,Simulation",Algorithms
859,Design Circular Deque,design-circular-deque,Medium,64.43,False,"Array,Linked List,Design,Queue",Algorithms
642,Design Search Autocomplete System,design-search-autocomplete-system,Hard,49.67,True,"String,Depth-First Search,Design,Trie,Sorting,Heap (Priority Queue),Data Stream",Algorithms
643,Maximum Average Subarray I,maximum-average-subarray-i,Easy,47.02,False,"Array,Sliding Window",Algorithms
644,Maximum Average Subarray II,maximum-average-subarray-ii,Hard,37.67,True,"Array,Binary Search,Prefix Sum",Algorithms
645,Set Mismatch,set-mismatch,Easy,44.24,False,"Array,Hash Table,Bit Manipulation,Sorting",Algorithms
646,Maximum Length of Pair Chain,maximum-length-of-pair-chain,Medium,61.54,False,"Array,Dynamic Programming,Greedy,Sorting",Algorithms
647,Palindromic Substrings,palindromic-substrings,Medium,72.52,False,"Two Pointers,String,Dynamic Programming",Algorithms
648,Replace Words,replace-words,Medium,68.63,False,"Array,Hash Table,String,Trie",Algorithms
649,Dota2 Senate,dota2-senate,Medium,49.56,False,"String,Greedy,Queue",Algorithms
650,2 Keys Keyboard,2-keys-keyboard,Medium,59.27,False,"Math,Dynamic Programming",Algorithms
651,4 Keys Keyboard,4-keys-keyboard,Medium,56.53,True,"Math,Dynamic Programming",Algorithms
652,Find Duplicate Subtrees,find-duplicate-subtrees,Medium,60.58,False,"Hash Table,Tree,Depth-First Search,Binary Tree",Algorithms
653,Two Sum IV - Input is a BST,two-sum-iv-input-is-a-bst,Easy,63.0,False,"Hash Table,Two Pointers,Tree,Depth-First Search,Breadth-First Search,Binary Search Tree,Binary Tree",Algorithms
654,Maximum Binary Tree,maximum-binary-tree,Medium,86.27,False,"Array,Divide and Conquer,Stack,Tree,Monotonic Stack,Binary Tree",Algorithms
655,Print Binary Tree,print-binary-tree,Medium,66.37,False,"Tree,Depth-First Search,Breadth-First Search,Binary Tree",Algorithms
656,Coin Path,coin-path,Hard,34.22,True,"Array,Dynamic Programming",Algorithms
657,Robot Return to Origin,robot-return-to-origin,Easy,76.5,False,"String,Simulation",Algorithms
658,Find K Closest Elements,find-k-closest-elements,Medium,49.41,False,"Array,Two Pointers,Binary Search,Sliding Window,Sorting,Heap (Priority Queue)",Algorithms
659,Split Array into Consecutive Subsequences,split-array-into-consecutive-subsequences,Medium,52.01,False,"Array,Hash Table,Greedy,Heap (Priority Queue)",Algorithms
660,Remove 9,remove-9,Hard,57.44,True,Math,Algorithms
661,Image Smoother,image-smoother,Easy,69.09,False,"Array,Matrix",Algorithms
662,Maximum Width of Binary Tree,maximum-width-of-binary-tree,Medium,45.25,False,"Tree,Depth-First Search,Breadth-First Search,Binary Tree",Algorithms
663,Equal Tree Partition,equal-tree-partition,Medium,42.28,True,"Tree,Depth-First Search,Binary Tree",Algorithms
664,Strange Printer,strange-printer,Hard,60.86,False,"String,Dynamic Programming",Algorithms
665,Non-decreasing Array,non-decreasing-array,Medium,25.36,False,Array,Algorithms
666,Path Sum IV,path-sum-iv,Medium,62.82,True,"Array,Hash Table,Tree,Depth-First Search,Binary Tree",Algorithms
667,Beautiful Arrangement II,beautiful-arrangement-ii,Medium,61.03,False,"Array,Math",Algorithms
668,Kth Smallest Number in Multiplication Table,kth-smallest-number-in-multiplication-table,Hard,53.76,False,"Math,Binary Search",Algorithms
669,Trim a Binary Search Tree,trim-a-binary-search-tree,Medium,66.57,False,"Tree,Depth-First Search,Binary Search Tree,Binary Tree",Algorithms
670,Maximum Swap,maximum-swap,Medium,51.94,False,"Math,Greedy",Algorithms
671,Second Minimum Node In a Binary Tree,second-minimum-node-in-a-binary-tree,Easy,45.92,False,"Tree,Depth-First Search,Binary Tree",Algorithms
672,Bulb Switcher II,bulb-switcher-ii,Medium,49.94,False,"Math,Bit Manipulation,Depth-First Search,Breadth-First Search",Algorithms
673,Number of Longest Increasing Subsequence,number-of-longest-increasing-subsequence,Medium,51.34,False,"Array,Dynamic Programming,Binary Indexed Tree,Segment Tree",Algorithms
674,Longest Continuous Increasing Subsequence,longest-continuous-increasing-subsequence,Easy,51.81,False,Array,Algorithms
675,Cut Off Trees for Golf Event,cut-off-trees-for-golf-event,Hard,36.11,False,"Array,Breadth-First Search,Heap (Priority Queue),Matrix",Algorithms
676,Implement Magic Dictionary,implement-magic-dictionary,Medium,57.65,False,"Hash Table,String,Depth-First Search,Design,Trie",Algorithms
677,Map Sum Pairs,map-sum-pairs,Medium,57.07,False,"Hash Table,String,Design,Trie",Algorithms
678,Valid Parenthesis String,valid-parenthesis-string,Medium,39.79,False,"String,Dynamic Programming,Stack,Greedy",Algorithms
679,24 Game,24-game,Hard,59.33,False,"Array,Math,Backtracking",Algorithms
680,Valid Palindrome II,valid-palindrome-ii,Easy,43.95,False,"Two Pointers,String,Greedy",Algorithms
681,Next Closest Time,next-closest-time,Medium,46.97,True,"Hash Table,String,Backtracking,Enumeration",Algorithms
682,Baseball Game,baseball-game,Easy,80.02,False,"Array,Stack,Simulation",Algorithms
683,K Empty Slots,k-empty-slots,Hard,37.94,True,"Array,Binary Indexed Tree,Segment Tree,Queue,Sliding Window,Heap (Priority Queue),Ordered Set,Monotonic Queue",Algorithms
684,Redundant Connection,redundant-connection,Medium,67.25,False,"Depth-First Search,Breadth-First Search,Union-Find,Graph Theory",Algorithms
685,Redundant Connection II,redundant-connection-ii,Hard,35.9,False,"Depth-First Search,Breadth-First Search,Union-Find,Graph Theory",Algorithms
686,Repeated String Match,repeated-string-match,Medium,38.33,False,"String,String Matching",Algorithms
687,Longest Univalue Path,longest-univalue-path,Medium,43.52,False,"Tree,Depth-First Search,Binary Tree",Algorithms
688,Knight Probability in Chessboard,knight-probability-in-chessboard,Medium,56.9,False,Dynamic Programming,Algorithms
689,Maximum Sum of 3 Non-Overlapping Subarrays,maximum-sum-of-3-non-overlapping-subarrays,Hard,59.68,False,"Array,Dynamic Programming,Sliding Window,Prefix Sum",Algorithms
690,Employee Importance,employee-importance,Medium,69.28,False,"Array,Hash Table,Tree,Depth-First Search,Breadth-First Search",Algorithms
691,Stickers to Spell Word,stickers-to-spell-word,Hard,50.63,False,"Array,Hash Table,String,Dynamic Programming,Backtracking,Bit Manipulation,Memoization,Bitmask",Algorithms
692,Top K Frequent Words,top-k-frequent-words,Medium,59.95,False,"Array,Hash Table,String,Trie,Sorting,Heap (Priority Queue),Bucket Sort,Counting",Algorithms
693,Binary Number with Alternating Bits,binary-number-with-alternating-bits,Easy,69.63,False,Bit Manipulation,Algorithms
694,Number of Distinct Islands,number-of-distinct-islands,Medium,62.7,True,"Array,Hash Table,Depth-First Search,Breadth-First Search,Union-Find,Sorting,Matrix,Hash Function",Algorithms
695,Max Area of Island,max-area-of-island,Medium,73.77,False,"Array,Depth-First Search,Breadth-First Search,Union-Find,Matrix",Algorithms
696,Count Binary Substrings,count-binary-substrings,Easy,69.19,False,"Two Pointers,String",Algorithms
697,Degree of an Array,degree-of-an-array,Easy,58.17,False,"Array,Hash Table",Algorithms
698,Partition to K Equal Sum Subsets,partition-to-k-equal-sum-subsets,Medium,38.41,False,"Array,Dynamic Programming,Backtracking,Bit Manipulation,Memoization,Bitmask",Algorithms
699,Falling Squares,falling-squares,Hard,47.31,False,"Array,Segment Tree,Ordered Set",Algorithms
783,Search in a Binary Search Tree,search-in-a-binary-search-tree,Easy,82.46,False,"Tree,Binary Search Tree,Binary Tree",Algorithms
784,Insert into a Binary Search Tree,insert-into-a-binary-search-tree,Medium,73.34,False,"Tree,Binary Search Tree,Binary Tree",Algorithms
786,Search in a Sorted Array of Unknown Size,search-in-a-sorted-array-of-unknown-size,Medium,73.07,True,"Array,Binary Search,Interactive",Algorithms
789,Kth Largest Element in a Stream,kth-largest-element-in-a-stream,Easy,60.68,False,"Tree,Design,Binary Search Tree,Heap (Priority Queue),Binary Tree,Data Stream",Algorithms
792,Binary Search,binary-search,Easy,60.5,False,"Array,Binary Search",Algorithms
816,Design HashSet,design-hashset,Easy,67.74,False,"Array,Hash Table,Linked List,Design,Hash Function",Algorithms
817,Design HashMap,design-hashmap,Easy,66.35,False,"Array,Hash Table,Linked List,Design,Hash Function",Algorithms
838,Design Linked List,design-linked-list,Medium,29.85,False,"Linked List,Design",Algorithms
850,Insert into a Sorted Circular Linked List,insert-into-a-sorted-circular-linked-list,Medium,38.52,True,Linked List,Algorithms
742,To Lower Case,to-lower-case,Easy,84.71,False,String,Algorithms
894,Random Pick with Blacklist,random-pick-with-blacklist,Hard,34.61,False,"Array,Hash Table,Math,Binary Search,Sorting,Randomized",Algorithms
711,Number of Distinct Islands II,number-of-distinct-islands-ii,Hard,55.27,True,"Array,Hash Table,Depth-First Search,Breadth-First Search,Union-Find,Sorting,Matrix,Hash Function",Algorithms
712,Minimum ASCII Delete Sum for Two Strings,minimum-ascii-delete-sum-for-two-strings,Medium,70.87,False,"String,Dynamic Programming",Algorithms
713,Subarray Product Less Than K,subarray-product-less-than-k,Medium,53.85,False,"Array,Binary Search,Sliding Window,Prefix Sum",Algorithms
714,Best Time to Buy and Sell Stock with Transaction Fee,best-time-to-buy-and-sell-stock-with-transaction-fee,Medium,71.68,False,"Array,Dynamic Programming,Greedy",Algorithms
715,Range Module,range-module,Hard,44.69,False,"Design,Segment Tree,Ordered Set",Algorithms
716,Max Stack,max-stack,Hard,45.85,True,"Linked List,Stack,Design,Doubly-Linked List,Ordered Set",Algorithms
717,1-bit and 2-bit Characters,1-bit-and-2-bit-characters,Easy,49.54,False,Array,Algorithms
718,Maximum Length of Repeated Subarray,maximum-length-of-repeated-subarray,Medium,51.25,False,"Array,Binary Search,Dynamic Programming,Sliding Window,Rolling Hash,Hash Function",Algorithms
719,Find K-th Smallest Pair Distance,find-k-th-smallest-pair-distance,Hard,46.32,False,"Array,Two Pointers,Binary Search,Sorting",Algorithms
720,Longest Word in Dictionary,longest-word-in-dictionary,Medium,54.45,False,"Array,Hash Table,String,Trie,Sorting",Algorithms
721,Accounts Merge,accounts-merge,Medium,60.89,False,"Array,Hash Table,String,Depth-First Search,Breadth-First Search,Union-Find,Sorting",Algorithms
722,Remove Comments,remove-comments,Medium,40.0,False,"Array,String",Algorithms
723,Candy Crush,candy-crush,Medium,77.32,True,"Array,Two Pointers,Matrix,Simulation",Algorithms
724,Find Pivot Index,find-pivot-index,Easy,62.06,False,"Array,Prefix Sum",Algorithms
725,Split Linked List in Parts,split-linked-list-in-parts,Medium,70.47,False,Linked List,Algorithms
726,Number of Atoms,number-of-atoms,Hard,65.05,False,"Hash Table,String,Stack,Sorting",Algorithms
727,Minimum Window Subsequence,minimum-window-subsequence,Hard,43.75,True,"String,Dynamic Programming,Sliding Window",Algorithms
728,Self Dividing Numbers,self-dividing-numbers,Easy,80.51,False,Math,Algorithms
729,My Calendar I,my-calendar-i,Medium,58.24,False,"Array,Binary Search,Design,Segment Tree,Ordered Set",Algorithms
730,Count Different Palindromic Subsequences,count-different-palindromic-subsequences,Hard,47.49,False,"String,Dynamic Programming",Algorithms
731,My Calendar II,my-calendar-ii,Medium,62.88,False,"Array,Binary Search,Design,Segment Tree,Prefix Sum,Ordered Set",Algorithms
732,My Calendar III,my-calendar-iii,Hard,71.39,False,"Binary Search,Design,Segment Tree,Prefix Sum,Ordered Set",Algorithms
733,Flood Fill,flood-fill,Easy,67.82,False,"Array,Depth-First Search,Breadth-First Search,Matrix",Algorithms
734,Sentence Similarity,sentence-similarity,Easy,44.79,True,"Array,Hash Table,String",Algorithms
735,Asteroid Collision,asteroid-collision,Medium,47.11,False,"Array,Stack,Simulation",Algorithms
736,Parse Lisp Expression,parse-lisp-expression,Hard,53.47,False,"Hash Table,String,Stack,Recursion",Algorithms
737,Sentence Similarity II,sentence-similarity-ii,Medium,51.13,True,"Array,Hash Table,String,Depth-First Search,Breadth-First Search,Union-Find",Algorithms
738,Monotone Increasing Digits,monotone-increasing-digits,Medium,49.38,False,"Math,Greedy",Algorithms
739,Daily Temperatures,daily-temperatures,Medium,68.31,False,"Array,Stack,Monotonic Stack",Algorithms
740,Delete and Earn,delete-and-earn,Medium,57.07,False,"Array,Hash Table,Dynamic Programming",Algorithms
741,Cherry Pickup,cherry-pickup,Hard,39.06,False,"Array,Dynamic Programming,Matrix",Algorithms
743,Closest Leaf in a Binary Tree,closest-leaf-in-a-binary-tree,Medium,47.4,True,"Tree,Depth-First Search,Breadth-First Search,Binary Tree",Algorithms
744,Network Delay Time,network-delay-time,Medium,59.68,False,"Depth-First Search,Breadth-First Search,Graph Theory,Heap (Priority Queue),Shortest Path",Algorithms
745,Find Smallest Letter Greater Than Target,find-smallest-letter-greater-than-target,Easy,58.87,False,"Array,Binary Search",Algorithms
746,Prefix and Suffix Search,prefix-and-suffix-search,Hard,40.76,False,"Array,Hash Table,String,Design,Trie",Algorithms
747,Min Cost Climbing Stairs,min-cost-climbing-stairs,Easy,68.01,False,"Array,Dynamic Programming",Algorithms
748,Largest Number At Least Twice of Others,largest-number-at-least-twice-of-others,Easy,52.05,False,"Array,Sorting",Algorithms
749,Shortest Completing Word,shortest-completing-word,Easy,62.74,False,"Array,Hash Table,String",Algorithms
750,Contain Virus,contain-virus,Hard,54.28,False,"Array,Depth-First Search,Breadth-First Search,Matrix,Simulation",Algorithms
751,Number Of Corner Rectangles,number-of-corner-rectangles,Medium,67.88,True,"Array,Math,Dynamic Programming,Matrix",Algorithms
752,IP to CIDR,ip-to-cidr,Medium,53.67,True,"String,Bit Manipulation",Algorithms
753,Open the Lock,open-the-lock,Medium,61.14,False,"Array,Hash Table,String,Breadth-First Search",Algorithms
754,Cracking the Safe,cracking-the-safe,Hard,58.36,False,"String,Depth-First Search,Graph Theory,Eulerian Circuit",Algorithms
755,Reach a Number,reach-a-number,Medium,44.62,False,"Math,Binary Search",Algorithms
756,Pour Water,pour-water,Medium,48.47,True,"Array,Simulation",Algorithms
757,Pyramid Transition Matrix,pyramid-transition-matrix,Medium,60.6,False,"Hash Table,String,Backtracking,Bit Manipulation",Algorithms
759,Set Intersection Size At Least Two,set-intersection-size-at-least-two,Hard,57.92,False,"Array,Greedy,Sorting",Algorithms
760,Bold Words in String,bold-words-in-string,Medium,52.51,True,"Array,Hash Table,String,Trie,String Matching",Algorithms
761,Employee Free Time,employee-free-time,Hard,72.76,True,"Array,Sweep Line,Sorting,Heap (Priority Queue)",Algorithms
762,Find Anagram Mappings,find-anagram-mappings,Easy,83.97,True,"Array,Hash Table",Algorithms
763,Special Binary String,special-binary-string,Hard,66.2,False,"String,Divide and Conquer,Sorting",Algorithms
767,Prime Number of Set Bits in Binary Representation,prime-number-of-set-bits-in-binary-representation,Easy,72.39,False,"Math,Bit Manipulation",Algorithms
768,Partition Labels,partition-labels,Medium,81.8,False,"Hash Table,Two Pointers,String,Greedy",Algorithms
769,Largest Plus Sign,largest-plus-sign,Medium,49.03,False,"Array,Dynamic Programming",Algorithms
770,Couples Holding Hands,couples-holding-hands,Hard,59.16,False,"Greedy,Depth-First Search,Breadth-First Search,Union-Find,Graph Theory",Algorithms
777,Toeplitz Matrix,toeplitz-matrix,Easy,69.63,False,"Array,Matrix",Algorithms
778,Reorganize String,reorganize-string,Medium,56.82,False,"Hash Table,String,Greedy,Sorting,Heap (Priority Queue),Counting",Algorithms
779,Max Chunks To Make Sorted II,max-chunks-to-make-sorted-ii,Hard,54.66,False,"Array,Stack,Greedy,Sorting,Monotonic Stack",Algorithms
780,Max Chunks To Make Sorted,max-chunks-to-make-sorted,Medium,64.14,False,"Array,Stack,Greedy,Sorting,Monotonic Stack",Algorithms
781,Basic Calculator IV,basic-calculator-iv,Hard,49.67,False,"Hash Table,Math,String,Stack,Recursion",Algorithms
782,Jewels and Stones,jewels-and-stones,Easy,89.49,False,"Hash Table,String",Algorithms
785,Basic Calculator III,basic-calculator-iii,Hard,53.13,True,"Math,String,Stack,Recursion",Algorithms
787,Sliding Puzzle,sliding-puzzle,Hard,74.02,False,"Array,Dynamic Programming,Backtracking,Breadth-First Search,Memoization,Matrix",Algorithms
788,Minimize Max Distance to Gas Station,minimize-max-distance-to-gas-station,Hard,53.89,True,"Array,Binary Search",Algorithms
790,Global and Local Inversions,global-and-local-inversions,Medium,42.71,False,"Array,Math",Algorithms
791,Split BST,split-bst,Medium,82.22,True,"Tree,Binary Search Tree,Recursion,Binary Tree",Algorithms
793,Swap Adjacent in LR String,swap-adjacent-in-lr-string,Medium,37.88,False,"Two Pointers,String",Algorithms
794,Swim in Rising Water,swim-in-rising-water,Hard,67.55,False,"Array,Binary Search,Depth-First Search,Breadth-First Search,Union-Find,Heap (Priority Queue),Matrix",Algorithms
795,K-th Symbol in Grammar,k-th-symbol-in-grammar,Medium,48.05,False,"Math,Bit Manipulation,Recursion",Algorithms
796,Reaching Points,reaching-points,Hard,34.2,False,Math,Algorithms
797,Rabbits in Forest,rabbits-in-forest,Medium,58.05,False,"Array,Hash Table,Math,Greedy",Algorithms
798,Transform to Chessboard,transform-to-chessboard,Hard,51.13,False,"Array,Math,Bit Manipulation,Matrix",Algorithms
799,Minimum Distance Between BST Nodes,minimum-distance-between-bst-nodes,Easy,61.07,False,"Tree,Depth-First Search,Breadth-First Search,Binary Search Tree,Binary Tree",Algorithms
800,Letter Case Permutation,letter-case-permutation,Medium,75.68,False,"String,Backtracking,Bit Manipulation",Algorithms
801,Is Graph Bipartite?,is-graph-bipartite,Medium,58.89,False,"Depth-First Search,Breadth-First Search,Union-Find,Graph Theory",Algorithms
802,K-th Smallest Prime Fraction,k-th-smallest-prime-fraction,Medium,68.96,False,"Array,Two Pointers,Binary Search,Sorting,Heap (Priority Queue)",Algorithms
803,Cheapest Flights Within K Stops,cheapest-flights-within-k-stops,Medium,41.35,False,"Dynamic Programming,Depth-First Search,Breadth-First Search,Graph Theory,Heap (Priority Queue),Shortest Path",Algorithms
804,Rotated Digits,rotated-digits,Medium,56.77,False,"Math,Dynamic Programming",Algorithms
805,Escape The Ghosts,escape-the-ghosts,Medium,63.42,False,"Array,Math",Algorithms
806,Domino and Tromino Tiling,domino-and-tromino-tiling,Medium,51.44,False,Dynamic Programming,Algorithms
807,Custom Sort String,custom-sort-string,Medium,72.28,False,"Hash Table,String,Sorting",Algorithms
808,Number of Matching Subsequences,number-of-matching-subsequences,Medium,50.63,False,"Array,Hash Table,String,Binary Search,Dynamic Programming,Trie,Sorting",Algorithms
809,Preimage Size of Factorial Zeroes Function,preimage-size-of-factorial-zeroes-function,Hard,46.62,False,"Math,Binary Search",Algorithms
810,Valid Tic-Tac-Toe State,valid-tic-tac-toe-state,Medium,34.75,False,"Array,Matrix",Algorithms
811,Number of Subarrays with Bounded Maximum,number-of-subarrays-with-bounded-maximum,Medium,54.67,False,"Array,Two Pointers",Algorithms
812,Rotate String,rotate-string,Easy,65.06,False,"String,String Matching",Algorithms
813,All Paths From Source to Target,all-paths-from-source-to-target,Medium,83.52,False,"Backtracking,Depth-First Search,Breadth-First Search,Graph Theory",Algorithms
814,Smallest Rotation with Highest Score,smallest-rotation-with-highest-score,Hard,53.4,False,"Array,Prefix Sum",Algorithms
815,Champagne Tower,champagne-tower,Medium,64.02,False,Dynamic Programming,Algorithms
818,Similar RGB Color,similar-rgb-color,Easy,67.92,True,"Math,String,Enumeration",Algorithms
819,Minimum Swaps To Make Sequences Increasing,minimum-swaps-to-make-sequences-increasing,Hard,41.29,False,"Array,Dynamic Programming",Algorithms
820,Find Eventual Safe States,find-eventual-safe-states,Medium,70.27,False,"Depth-First Search,Breadth-First Search,Graph Theory,Topological Sort",Algorithms
821,Bricks Falling When Hit,bricks-falling-when-hit,Hard,36.92,False,"Array,Union-Find,Matrix",Algorithms
822,Unique Morse Code Words,unique-morse-code-words,Easy,83.54,False,"Array,Hash Table,String",Algorithms
823,Split Array With Same Average,split-array-with-same-average,Hard,26.78,False,"Array,Hash Table,Math,Dynamic Programming,Bit Manipulation,Bitmask",Algorithms
824,Number of Lines To Write String,number-of-lines-to-write-string,Easy,72.1,False,"Array,String",Algorithms
825,Max Increase to Keep City Skyline,max-increase-to-keep-city-skyline,Medium,86.39,False,"Array,Greedy,Matrix",Algorithms
826,Soup Servings,soup-servings,Medium,59.7,False,"Math,Dynamic Programming,Probability and Statistics",Algorithms
827,Expressive Words,expressive-words,Medium,46.7,False,"Array,Two Pointers,String",Algorithms
828,Chalkboard XOR Game,chalkboard-xor-game,Hard,65.57,False,"Array,Math,Bit Manipulation,Brainteaser,Game Theory",Algorithms
829,Subdomain Visit Count,subdomain-visit-count,Medium,77.15,False,"Array,Hash Table,String,Counting",Algorithms
830,Largest Triangle Area,largest-triangle-area,Easy,71.46,False,"Array,Math,Geometry",Algorithms
831,Largest Sum of Averages,largest-sum-of-averages,Medium,54.79,False,"Array,Dynamic Programming,Prefix Sum",Algorithms
832,Binary Tree Pruning,binary-tree-pruning,Medium,72.44,False,"Tree,Depth-First Search,Binary Tree",Algorithms
833,Bus Routes,bus-routes,Hard,47.11,False,"Array,Hash Table,Breadth-First Search",Algorithms
834,Ambiguous Coordinates,ambiguous-coordinates,Medium,56.42,False,"String,Backtracking,Enumeration",Algorithms
835,Linked List Components,linked-list-components,Medium,57.74,False,"Array,Hash Table,Linked List",Algorithms
836,Race Car,race-car,Hard,44.59,False,Dynamic Programming,Algorithms
837,Most Common Word,most-common-word,Easy,44.98,False,"Array,Hash Table,String,Counting",Algorithms
839,Short Encoding of Words,short-encoding-of-words,Medium,60.81,False,"Array,Hash Table,String,Trie",Algorithms
841,Shortest Distance to a Character,shortest-distance-to-a-character,Easy,72.64,False,"Array,Two Pointers,String",Algorithms
842,Card Flipping Game,card-flipping-game,Medium,49.8,False,"Array,Hash Table",Algorithms
843,Binary Trees With Factors,binary-trees-with-factors,Medium,53.06,False,"Array,Hash Table,Dynamic Programming,Sorting",Algorithms
851,Goat Latin,goat-latin,Easy,69.89,False,String,Algorithms
852,Friends Of Appropriate Ages,friends-of-appropriate-ages,Medium,49.83,False,"Array,Two Pointers,Binary Search,Sorting",Algorithms
853,Most Profit Assigning Work,most-profit-assigning-work,Medium,56.13,False,"Array,Two Pointers,Binary Search,Greedy,Sorting",Algorithms
854,Making A Large Island,making-a-large-island,Hard,56.25,False,"Array,Depth-First Search,Breadth-First Search,Union-Find,Matrix",Algorithms
855,Count Unique Characters of All Substrings of a Given String,count-unique-characters-of-all-substrings-of-a-given-string,Hard,53.47,False,"Hash Table,String,Dynamic Programming",Algorithms
856,Consecutive Numbers Sum,consecutive-numbers-sum,Hard,42.55,False,"Math,Enumeration",Algorithms
857,Positions of Large Groups,positions-of-large-groups,Easy,53.73,False,String,Algorithms
858,Masking Personal Information,masking-personal-information,Medium,53.9,False,String,Algorithms
861,Flipping an Image,flipping-an-image,Easy,83.55,False,"Array,Two Pointers,Bit Manipulation,Matrix,Simulation",Algorithms
862,Find And Replace in String,find-and-replace-in-string,Medium,50.93,False,"Array,Hash Table,String,Sorting",Algorithms
863,Sum of Distances in Tree,sum-of-distances-in-tree,Hard,65.48,False,"Dynamic Programming,Tree,Depth-First Search,Graph Theory",Algorithms
864,Image Overlap,image-overlap,Medium,63.97,False,"Array,Matrix",Algorithms
866,Rectangle Overlap,rectangle-overlap,Easy,46.43,False,"Math,Geometry",Algorithms
867,New 21 Game,new-21-game,Medium,51.97,False,"Math,Dynamic Programming,Sliding Window,Probability and Statistics",Algorithms
868,Push Dominoes,push-dominoes,Medium,63.02,False,"Two Pointers,String,Dynamic Programming",Algorithms
869,Similar String Groups,similar-string-groups,Hard,56.06,False,"Array,Hash Table,String,Depth-First Search,Breadth-First Search,Union-Find",Algorithms
870,Magic Squares In Grid,magic-squares-in-grid,Medium,55.12,False,"Array,Hash Table,Math,Matrix",Algorithms
871,Keys and Rooms,keys-and-rooms,Medium,75.49,False,"Depth-First Search,Breadth-First Search,Graph Theory",Algorithms
872,Split Array into Fibonacci Sequence,split-array-into-fibonacci-sequence,Medium,40.17,False,"String,Backtracking",Algorithms
873,Guess the Word,guess-the-word,Hard,36.94,False,"Array,Math,String,Interactive,Game Theory",Algorithms
874,Backspace String Compare,backspace-string-compare,Easy,49.75,False,"Two Pointers,String,Stack,Simulation",Algorithms
875,Longest Mountain in Array,longest-mountain-in-array,Medium,41.83,False,"Array,Two Pointers,Dynamic Programming,Enumeration",Algorithms
876,Hand of Straights,hand-of-straights,Medium,57.79,False,"Array,Hash Table,Greedy,Sorting",Algorithms
877,Shortest Path Visiting All Nodes,shortest-path-visiting-all-nodes,Hard,65.74,False,"Dynamic Programming,Bit Manipulation,Breadth-First Search,Graph Theory,Bitmask",Algorithms
878,Shifting Letters,shifting-letters,Medium,46.06,False,"Array,String,Prefix Sum",Algorithms
879,Maximize Distance to Closest Person,maximize-distance-to-closest-person,Medium,49.6,False,Array,Algorithms
880,Rectangle Area II,rectangle-area-ii,Hard,55.9,False,"Array,Segment Tree,Sweep Line,Ordered Set",Algorithms
881,Loud and Rich,loud-and-rich,Medium,63.15,False,"Array,Depth-First Search,Graph Theory,Topological Sort",Algorithms
882,Peak Index in a Mountain Array,peak-index-in-a-mountain-array,Medium,66.94,False,"Array,Binary Search",Algorithms
883,Car Fleet,car-fleet,Medium,54.71,False,"Array,Stack,Sorting,Monotonic Stack",Algorithms
884,K-Similar Strings,k-similar-strings,Hard,40.56,False,"Hash Table,String,Breadth-First Search",Algorithms
885,Exam Room,exam-room,Medium,43.16,False,"Design,Heap (Priority Queue),Ordered Set",Algorithms
886,Score of Parentheses,score-of-parentheses,Medium,63.64,False,"String,Stack",Algorithms
887,Minimum Cost to Hire K Workers,minimum-cost-to-hire-k-workers,Hard,63.6,False,"Array,Greedy,Sorting,Heap (Priority Queue)",Algorithms
888,Mirror Reflection,mirror-reflection,Medium,61.87,False,"Math,Geometry,Number Theory",Algorithms
889,Buddy Strings,buddy-strings,Easy,33.92,False,"Hash Table,String",Algorithms
890,Lemonade Change,lemonade-change,Easy,58.9,False,"Array,Greedy",Algorithms
891,Score After Flipping Matrix,score-after-flipping-matrix,Medium,80.29,False,"Array,Greedy,Bit Manipulation,Matrix",Algorithms
892,Shortest Subarray with Sum at Least K,shortest-subarray-with-sum-at-least-k,Hard,32.58,False,"Array,Binary Search,Queue,Sliding Window,Heap (Priority Queue),Prefix Sum,Monotonic Queue",Algorithms
893,All Nodes Distance K in Binary Tree,all-nodes-distance-k-in-binary-tree,Medium,67.42,False,"Hash Table,Tree,Depth-First Search,Breadth-First Search,Binary Tree",Algorithms
895,Shortest Path to Get All Keys,shortest-path-to-get-all-keys,Hard,54.31,False,"Array,Bit Manipulation,Breadth-First Search,Matrix",Algorithms
896,Smallest Subtree with all the Deepest Nodes,smallest-subtree-with-all-the-deepest-nodes,Medium,77.51,False,"Hash Table,Tree,Depth-First Search,Breadth-First Search,Binary Tree",Algorithms
897,Prime Palindrome,prime-palindrome,Medium,27.94,False,"Math,Number Theory",Algorithms
898,Transpose Matrix,transpose-matrix,Easy,75.86,False,"Array,Matrix,Simulation",Algorithms
899,Binary Gap,binary-gap,Easy,65.72,False,Bit Manipulation,Algorithms
900,Reordered Power of 2,reordered-power-of-2,Medium,66.0,False,"Hash Table,Math,Sorting,Counting,Enumeration",Algorithms
901,Advantage Shuffle,advantage-shuffle,Medium,54.22,False,"Array,Two Pointers,Greedy,Sorting",Algorithms
902,Minimum Number of Refueling Stops,minimum-number-of-refueling-stops,Hard,41.1,False,"Array,Dynamic Programming,Greedy,Heap (Priority Queue)",Algorithms
904,Leaf-Similar Trees,leaf-similar-trees,Easy,70.18,False,"Tree,Depth-First Search,Binary Tree",Algorithms
905,Length of Longest Fibonacci Subsequence,length-of-longest-fibonacci-subsequence,Medium,57.54,False,"Array,Hash Table,Dynamic Programming",Algorithms
906,Walking Robot Simulation,walking-robot-simulation,Medium,58.37,False,"Array,Hash Table,Simulation",Algorithms
907,Koko Eating Bananas,koko-eating-bananas,Medium,49.68,False,"Array,Binary Search",Algorithms
908,Middle of the Linked List,middle-of-the-linked-list,Easy,81.54,False,"Linked List,Two Pointers",Algorithms
909,Stone Game,stone-game,Medium,72.62,False,"Array,Math,Dynamic Programming,Game Theory",Algorithms
910,Nth Magical Number,nth-magical-number,Hard,36.39,False,"Math,Binary Search",Algorithms
911,Profitable Schemes,profitable-schemes,Hard,48.19,False,"Array,Dynamic Programming",Algorithms
916,Decoded String at Index,decoded-string-at-index,Medium,37.24,False,"String,Stack",Algorithms
917,Boats to Save People,boats-to-save-people,Medium,61.35,False,"Array,Two Pointers,Greedy,Sorting",Algorithms
918,Reachable Nodes In Subdivided Graph,reachable-nodes-in-subdivided-graph,Hard,51.74,False,"Graph Theory,Heap (Priority Queue),Shortest Path",Algorithms
919,Projection Area of 3D Shapes,projection-area-of-3d-shapes,Easy,75.55,False,"Array,Math,Geometry,Matrix",Algorithms
920,Uncommon Words from Two Sentences,uncommon-words-from-two-sentences,Easy,75.57,False,"Hash Table,String,Counting",Algorithms
921,Spiral Matrix III,spiral-matrix-iii,Medium,84.54,False,"Array,Matrix,Simulation",Algorithms
922,Possible Bipartition,possible-bipartition,Medium,52.35,False,"Depth-First Search,Breadth-First Search,Union-Find,Graph Theory",Algorithms
923,Super Egg Drop,super-egg-drop,Hard,29.82,False,"Math,Binary Search,Dynamic Programming",Algorithms
924,Fair Candy Swap,fair-candy-swap,Easy,64.53,False,"Array,Hash Table,Binary Search,Sorting",Algorithms
925,Construct Binary Tree from Preorder and Postorder Traversal,construct-binary-tree-from-preorder-and-postorder-traversal,Medium,78.08,False,"Array,Hash Table,Divide and Conquer,Tree,Binary Tree",Algorithms
926,Find and Replace Pattern,find-and-replace-pattern,Medium,76.97,False,"Array,Hash Table,String",Algorithms
927,Sum of Subsequence Widths,sum-of-subsequence-widths,Hard,40.17,False,"Array,Math,Sorting",Algorithms
928,Surface Area of 3D Shapes,surface-area-of-3d-shapes,Easy,70.37,False,"Array,Math,Geometry,Matrix",Algorithms
929,Groups of Special-Equivalent Strings,groups-of-special-equivalent-strings,Medium,73.47,False,"Array,Hash Table,String,Sorting",Algorithms
930,All Possible Full Binary Trees,all-possible-full-binary-trees,Medium,82.75,False,"Dynamic Programming,Tree,Recursion,Memoization,Binary Tree",Algorithms
931,Maximum Frequency Stack,maximum-frequency-stack,Hard,66.62,False,"Hash Table,Stack,Design,Ordered Set",Algorithms
932,Monotonic Array,monotonic-array,Easy,62.2,False,Array,Algorithms
933,Increasing Order Search Tree,increasing-order-search-tree,Easy,78.92,False,"Stack,Tree,Depth-First Search,Binary Search Tree,Binary Tree",Algorithms
934,Bitwise ORs of Subarrays,bitwise-ors-of-subarrays,Medium,56.77,False,"Array,Dynamic Programming,Bit Manipulation",Algorithms
935,Orderly Queue,orderly-queue,Hard,66.69,False,"Math,String,Sorting",Algorithms
936,RLE Iterator,rle-iterator,Medium,59.19,False,"Array,Design,Counting,Iterator",Algorithms
937,Online Stock Span,online-stock-span,Medium,68.68,False,"Stack,Design,Monotonic Stack,Data Stream",Algorithms
938,Numbers At Most N Given Digit Set,numbers-at-most-n-given-digit-set,Hard,44.53,False,"Array,Math,String,Binary Search,Dynamic Programming",Algorithms
939,Valid Permutations for DI Sequence,valid-permutations-for-di-sequence,Hard,56.25,False,"String,Dynamic Programming,Prefix Sum",Algorithms
940,Fruit Into Baskets,fruit-into-baskets,Medium,50.47,False,"Array,Hash Table,Sliding Window",Algorithms
941,Sort Array By Parity,sort-array-by-parity,Easy,76.45,False,"Array,Two Pointers,Sorting",Algorithms
942,Super Palindromes,super-palindromes,Hard,39.81,False,"Math,String,Enumeration",Algorithms
943,Sum of Subarray Minimums,sum-of-subarray-minimums,Medium,38.28,False,"Array,Dynamic Programming,Stack,Monotonic Stack",Algorithms
944,Smallest Range I,smallest-range-i,Easy,73.26,False,"Array,Math",Algorithms
945,Snakes and Ladders,snakes-and-ladders,Medium,47.99,False,"Array,Breadth-First Search,Matrix",Algorithms
946,Smallest Range II,smallest-range-ii,Medium,37.73,False,"Array,Math,Greedy,Sorting",Algorithms
947,Online Election,online-election,Medium,52.67,False,"Array,Hash Table,Binary Search,Design",Algorithms
948,Sort an Array,sort-an-array,Medium,55.93,False,"Array,Divide and Conquer,Sorting,Heap (Priority Queue),Merge Sort,Bucket Sort,Radix Sort,Counting Sort",Algorithms
949,Cat and Mouse,cat-and-mouse,Hard,34.73,False,"Math,Dynamic Programming,Graph Theory,Topological Sort,Memoization,Game Theory",Algorithms
950,X of a Kind in a Deck of Cards,x-of-a-kind-in-a-deck-of-cards,Easy,30.13,False,"Array,Hash Table,Math,Counting,Number Theory",Algorithms
951,Partition Array into Disjoint Intervals,partition-array-into-disjoint-intervals,Medium,49.37,False,Array,Algorithms
952,Word Subsets,word-subsets,Medium,55.88,False,"Array,Hash Table,String",Algorithms
953,Reverse Only Letters,reverse-only-letters,Easy,68.11,False,"Two Pointers,String",Algorithms
954,Maximum Sum Circular Subarray,maximum-sum-circular-subarray,Medium,49.37,False,"Array,Divide and Conquer,Dynamic Programming,Queue,Monotonic Queue",Algorithms
955,Complete Binary Tree Inserter,complete-binary-tree-inserter,Medium,64.97,False,"Tree,Breadth-First Search,Design,Binary Tree",Algorithms
956,Number of Music Playlists,number-of-music-playlists,Hard,60.02,False,"Math,Dynamic Programming,Combinatorics",Algorithms
957,Minimum Add to Make Parentheses Valid,minimum-add-to-make-parentheses-valid,Medium,74.45,False,"String,Stack,Greedy",Algorithms
958,Sort Array By Parity II,sort-array-by-parity-ii,Easy,71.22,False,"Array,Two Pointers,Sorting",Algorithms
959,3Sum With Multiplicity,3sum-with-multiplicity,Medium,46.17,False,"Array,Hash Table,Two Pointers,Sorting,Counting",Algorithms
960,Minimize Malware Spread,minimize-malware-spread,Hard,42.94,False,"Array,Hash Table,Depth-First Search,Breadth-First Search,Union-Find,Graph Theory",Algorithms
961,Long Pressed Name,long-pressed-name,Easy,32.77,False,"Two Pointers,String",Algorithms
962,Flip String to Monotone Increasing,flip-string-to-monotone-increasing,Medium,61.85,False,"String,Dynamic Programming",Algorithms
963,Three Equal Parts,three-equal-parts,Hard,41.22,False,"Array,Math",Algorithms
964,Minimize Malware Spread II,minimize-malware-spread-ii,Hard,45.41,False,"Array,Hash Table,Depth-First Search,Breadth-First Search,Union-Find,Graph Theory",Algorithms
965,Unique Email Addresses,unique-email-addresses,Easy,67.79,False,"Array,Hash Table,String",Algorithms
966,Binary Subarrays With Sum,binary-subarrays-with-sum,Medium,68.18,False,"Array,Hash Table,Sliding Window,Prefix Sum",Algorithms
967,Minimum Falling Path Sum,minimum-falling-path-sum,Medium,60.79,False,"Array,Dynamic Programming,Matrix",Algorithms
968,Beautiful Array,beautiful-array,Medium,68.58,False,"Array,Math,Divide and Conquer",Algorithms
969,Number of Recent Calls,number-of-recent-calls,Easy,78.14,False,"Design,Queue,Data Stream",Algorithms
971,Shortest Bridge,shortest-bridge,Medium,59.26,False,"Array,Depth-First Search,Breadth-First Search,Matrix",Algorithms
972,Knight Dialer,knight-dialer,Medium,61.73,False,Dynamic Programming,Algorithms
973,Stamping The Sequence,stamping-the-sequence,Hard,62.16,False,"String,Stack,Greedy,Queue",Algorithms
974,Reorder Data in Log Files,reorder-data-in-log-files,Medium,56.9,False,"Array,String,Sorting",Algorithms
975,Range Sum of BST,range-sum-of-bst,Easy,87.56,False,"Tree,Depth-First Search,Binary Search Tree,Binary Tree",Algorithms
976,Minimum Area Rectangle,minimum-area-rectangle,Medium,55.31,False,"Array,Hash Table,Math,Geometry,Sorting",Algorithms
977,Distinct Subsequences II,distinct-subsequences-ii,Hard,44.0,False,"String,Dynamic Programming",Algorithms
978,Valid Mountain Array,valid-mountain-array,Easy,34.97,False,Array,Algorithms
979,DI String Match,di-string-match,Easy,80.89,False,"Array,Two Pointers,String,Greedy",Algorithms
980,Find the Shortest Superstring,find-the-shortest-superstring,Hard,45.05,False,"Array,String,Dynamic Programming,Bit Manipulation,Bitmask",Algorithms
981,Delete Columns to Make Sorted,delete-columns-to-make-sorted,Easy,78.05,False,"Array,String",Algorithms
982,Minimum Increment to Make Array Unique,minimum-increment-to-make-array-unique,Medium,60.57,False,"Array,Greedy,Sorting,Counting",Algorithms
983,Validate Stack Sequences,validate-stack-sequences,Medium,70.15,False,"Array,Stack,Simulation",Algorithms
984,Most Stones Removed with Same Row or Column,most-stones-removed-with-same-row-or-column,Medium,62.71,False,"Hash Table,Depth-First Search,Union-Find,Graph Theory",Algorithms
985,Bag of Tokens,bag-of-tokens,Medium,59.48,False,"Array,Two Pointers,Greedy,Sorting",Algorithms
986,Largest Time for Given Digits,largest-time-for-given-digits,Medium,35.84,False,"Array,String,Backtracking,Enumeration",Algorithms
987,Reveal Cards In Increasing Order,reveal-cards-in-increasing-order,Medium,83.52,False,"Array,Queue,Sorting,Simulation",Algorithms
988,Flip Equivalent Binary Trees,flip-equivalent-binary-trees,Medium,69.57,False,"Tree,Depth-First Search,Binary Tree",Algorithms
989,Largest Component Size by Common Factor,largest-component-size-by-common-factor,Hard,42.37,False,"Array,Hash Table,Math,Union-Find,Number Theory",Algorithms
990,Verifying an Alien Dictionary,verifying-an-alien-dictionary,Easy,55.85,False,"Array,Hash Table,String",Algorithms
991,Array of Doubled Pairs,array-of-doubled-pairs,Medium,39.7,False,"Array,Hash Table,Greedy,Sorting",Algorithms
992,Delete Columns to Make Sorted II,delete-columns-to-make-sorted-ii,Medium,49.67,False,"Array,String,Greedy",Algorithms
993,Tallest Billboard,tallest-billboard,Hard,51.83,False,"Array,Dynamic Programming",Algorithms
994,Prison Cells After N Days,prison-cells-after-n-days,Medium,39.12,False,"Array,Hash Table,Math,Bit Manipulation",Algorithms
998,Check Completeness of a Binary Tree,check-completeness-of-a-binary-tree,Medium,58.94,False,"Tree,Breadth-First Search,Binary Tree",Algorithms
999,Regions Cut By Slashes,regions-cut-by-slashes,Medium,77.54,False,"Array,Hash Table,Depth-First Search,Breadth-First Search,Union-Find,Matrix",Algorithms
1000,Delete Columns to Make Sorted III,delete-columns-to-make-sorted-iii,Hard,72.65,False,"Array,String,Dynamic Programming",Algorithms
1001,N-Repeated Element in Size 2N Array,n-repeated-element-in-size-2n-array,Easy,79.83,False,"Array,Hash Table",Algorithms
1002,Maximum Width Ramp,maximum-width-ramp,Medium,55.85,False,"Array,Two Pointers,Stack,Monotonic Stack",Algorithms
1003,Minimum Area Rectangle II,minimum-area-rectangle-ii,Medium,55.9,False,"Array,Hash Table,Math,Geometry",Algorithms
1004,Least Operators to Express Number,least-operators-to-express-number,Hard,48.62,False,"Math,Dynamic Programming,Memoization",Algorithms
1005,Univalued Binary Tree,univalued-binary-tree,Easy,72.8,False,"Tree,Depth-First Search,Breadth-First Search,Binary Tree",Algorithms
1006,Vowel Spellchecker,vowel-spellchecker,Medium,61.44,False,"Array,Hash Table,String",Algorithms
1007,Numbers With Same Consecutive Differences,numbers-with-same-consecutive-differences,Medium,59.09,False,"Backtracking,Breadth-First Search",Algorithms
1008,Binary Tree Cameras,binary-tree-cameras,Hard,47.64,False,"Dynamic Programming,Tree,Depth-First Search,Binary Tree",Algorithms
1009,Pancake Sorting,pancake-sorting,Medium,71.65,False,"Array,Two Pointers,Greedy,Sorting",Algorithms
1010,Powerful Integers,powerful-integers,Medium,44.48,False,"Hash Table,Math,Enumeration",Algorithms
1011,Flip Binary Tree To Match Preorder Traversal,flip-binary-tree-to-match-preorder-traversal,Medium,51.78,False,"Tree,Depth-First Search,Binary Tree",Algorithms
1012,Equal Rational Numbers,equal-rational-numbers,Hard,45.95,False,"Math,String",Algorithms
1014,K Closest Points to Origin,k-closest-points-to-origin,Medium,68.73,False,"Array,Math,Divide and Conquer,Geometry,Sorting,Heap (Priority Queue),Quickselect",Algorithms
1016,Subarray Sums Divisible by K,subarray-sums-divisible-by-k,Medium,56.02,False,"Array,Hash Table,Prefix Sum",Algorithms
1017,Odd Even Jump,odd-even-jump,Hard,41.07,False,"Array,Dynamic Programming,Stack,Sorting,Monotonic Stack,Ordered Set",Algorithms
1018,Largest Perimeter Triangle,largest-perimeter-triangle,Easy,61.95,False,"Array,Math,Greedy,Sorting",Algorithms
1019,Squares of a Sorted Array,squares-of-a-sorted-array,Easy,73.57,False,"Array,Two Pointers,Sorting",Algorithms
1020,Longest Turbulent Subarray,longest-turbulent-subarray,Medium,48.86,False,"Array,Dynamic Programming,Sliding Window",Algorithms
1021,Distribute Coins in Binary Tree,distribute-coins-in-binary-tree,Medium,77.24,False,"Tree,Depth-First Search,Binary Tree",Algorithms
1022,Unique Paths III,unique-paths-iii,Hard,82.74,False,"Array,Backtracking,Bit Manipulation,Matrix",Algorithms
1023,Time Based Key-Value Store,time-based-key-value-store,Medium,49.72,False,"Hash Table,String,Binary Search,Design",Algorithms
1024,Triples with Bitwise AND Equal To Zero,triples-with-bitwise-and-equal-to-zero,Hard,59.97,False,"Array,Hash Table,Bit Manipulation",Algorithms
1025,Minimum Cost For Tickets,minimum-cost-for-tickets,Medium,67.4,False,"Array,Dynamic Programming",Algorithms
1026,String Without AAA or BBB,string-without-aaa-or-bbb,Medium,44.97,False,"String,Greedy",Algorithms
1027,Sum of Even Numbers After Queries,sum-of-even-numbers-after-queries,Medium,68.75,False,"Array,Simulation",Algorithms
1028,Interval List Intersections,interval-list-intersections,Medium,72.94,False,"Array,Two Pointers,Sweep Line",Algorithms
1029,Vertical Order Traversal of a Binary Tree,vertical-order-traversal-of-a-binary-tree,Hard,53.19,False,"Hash Table,Tree,Depth-First Search,Breadth-First Search,Sorting,Binary Tree",Algorithms
1030,Smallest String Starting From Leaf,smallest-string-starting-from-leaf,Medium,61.12,False,"String,Backtracking,Tree,Depth-First Search,Binary Tree",Algorithms
1031,Add to Array-Form of Integer,add-to-array-form-of-integer,Easy,45.4,False,"Array,Math",Algorithms
1032,Satisfiability of Equality Equations,satisfiability-of-equality-equations,Medium,51.54,False,"Array,String,Union-Find,Graph Theory",Algorithms
1033,Broken Calculator,broken-calculator,Medium,55.89,False,"Math,Greedy",Algorithms
1034,Subarrays with K Different Integers,subarrays-with-k-different-integers,Hard,67.54,False,"Array,Hash Table,Sliding Window,Counting",Algorithms
1035,Cousins in Binary Tree,cousins-in-binary-tree,Easy,59.06,False,"Tree,Depth-First Search,Breadth-First Search,Binary Tree",Algorithms
1036,Rotting Oranges,rotting-oranges,Medium,58.1,False,"Array,Breadth-First Search,Matrix",Algorithms
1037,Minimum Number of K Consecutive Bit Flips,minimum-number-of-k-consecutive-bit-flips,Hard,62.24,False,"Array,Bit Manipulation,Queue,Sliding Window,Prefix Sum",Algorithms
1038,Number of Squareful Arrays,number-of-squareful-arrays,Hard,51.16,False,"Array,Hash Table,Math,Dynamic Programming,Backtracking,Bit Manipulation,Bitmask",Algorithms
1039,Find the Town Judge,find-the-town-judge,Easy,50.51,False,"Array,Hash Table,Graph Theory",Algorithms
1040,Maximum Binary Tree II,maximum-binary-tree-ii,Medium,70.27,False,"Tree,Binary Tree",Algorithms
1041,Available Captures for Rook,available-captures-for-rook,Easy,71.44,False,"Array,Matrix,Simulation",Algorithms
1042,Minimum Cost to Merge Stones,minimum-cost-to-merge-stones,Hard,45.59,False,"Array,Dynamic Programming,Prefix Sum",Algorithms
1043,Grid Illumination,grid-illumination,Hard,39.0,False,"Array,Hash Table",Algorithms
1044,Find Common Characters,find-common-characters,Easy,74.65,False,"Array,Hash Table,String",Algorithms
1045,Check If Word Is Valid After Substitutions,check-if-word-is-valid-after-substitutions,Medium,61.01,False,"String,Stack",Algorithms
1046,Max Consecutive Ones III,max-consecutive-ones-iii,Medium,67.26,False,"Array,Binary Search,Sliding Window,Prefix Sum",Algorithms
1047,Maximize Sum Of Array After K Negations,maximize-sum-of-array-after-k-negations,Easy,53.48,False,"Array,Greedy,Sorting",Algorithms
1048,Clumsy Factorial,clumsy-factorial,Medium,61.02,False,"Math,Stack,Simulation",Algorithms
1049,Minimum Domino Rotations For Equal Row,minimum-domino-rotations-for-equal-row,Medium,56.49,False,"Array,Greedy",Algorithms
1050,Construct Binary Search Tree from Preorder Traversal,construct-binary-search-tree-from-preorder-traversal,Medium,84.08,False,"Array,Stack,Tree,Binary Search Tree,Monotonic Stack,Binary Tree",Algorithms
1054,Complement of Base 10 Integer,complement-of-base-10-integer,Easy,60.62,False,Bit Manipulation,Algorithms
1055,Pairs of Songs With Total Durations Divisible by 60,pairs-of-songs-with-total-durations-divisible-by-60,Medium,53.41,False,"Array,Hash Table,Counting",Algorithms
1056,Capacity To Ship Packages Within D Days,capacity-to-ship-packages-within-d-days,Medium,73.47,False,"Array,Binary Search",Algorithms
1057,Numbers With Repeated Digits,numbers-with-repeated-digits,Hard,45.74,False,"Math,Dynamic Programming",Algorithms
1062,Partition Array Into Three Parts With Equal Sum,partition-array-into-three-parts-with-equal-sum,Easy,42.54,False,"Array,Greedy",Algorithms
1063,Best Sightseeing Pair,best-sightseeing-pair,Medium,62.65,False,"Array,Dynamic Programming",Algorithms
1064,Smallest Integer Divisible by K,smallest-integer-divisible-by-k,Medium,54.31,False,"Hash Table,Math",Algorithms
1065,Binary String With Substrings Representing 1 To N,binary-string-with-substrings-representing-1-to-n,Medium,58.39,False,"Hash Table,String,Bit Manipulation,Sliding Window",Algorithms
1070,Convert to Base -2,convert-to-base-2,Medium,61.76,False,Math,Algorithms
1071,Binary Prefix Divisible By 5,binary-prefix-divisible-by-5,Easy,53.52,False,"Array,Bit Manipulation",Algorithms
1072,Next Greater Node In Linked List,next-greater-node-in-linked-list,Medium,63.83,False,"Array,Linked List,Stack,Monotonic Stack",Algorithms
1073,Number of Enclaves,number-of-enclaves,Medium,71.49,False,"Array,Depth-First Search,Breadth-First Search,Union-Find,Matrix",Algorithms
1078,Remove Outermost Parentheses,remove-outermost-parentheses,Easy,86.83,False,"String,Stack",Algorithms
1079,Sum of Root To Leaf Binary Numbers,sum-of-root-to-leaf-binary-numbers,Easy,73.67,False,"Tree,Depth-First Search,Binary Tree",Algorithms
1080,Camelcase Matching,camelcase-matching,Medium,65.04,False,"Array,Two Pointers,String,Trie,String Matching",Algorithms
1081,Video Stitching,video-stitching,Medium,52.54,False,"Array,Dynamic Programming,Greedy",Algorithms
1086,Divisor Game,divisor-game,Easy,71.52,False,"Math,Dynamic Programming,Brainteaser,Game Theory",Algorithms
1092,Maximum Difference Between Node and Ancestor,maximum-difference-between-node-and-ancestor,Medium,78.13,False,"Tree,Depth-First Search,Binary Tree",Algorithms
1087,Longest Arithmetic Subsequence,longest-arithmetic-subsequence,Medium,49.86,False,"Array,Hash Table,Binary Search,Dynamic Programming",Algorithms
1093,Recover a Tree From Preorder Traversal,recover-a-tree-from-preorder-traversal,Hard,83.22,False,"String,Tree,Depth-First Search,Binary Tree",Algorithms
1095,Two City Scheduling,two-city-scheduling,Medium,68.33,False,"Array,Greedy,Sorting",Algorithms
1094,Matrix Cells in Distance Order,matrix-cells-in-distance-order,Easy,73.88,False,"Array,Math,Geometry,Sorting,Matrix",Algorithms
1096,Maximum Sum of Two Non-Overlapping Subarrays,maximum-sum-of-two-non-overlapping-subarrays,Medium,60.74,False,"Array,Dynamic Programming,Sliding Window",Algorithms
1097,Stream of Characters,stream-of-characters,Hard,51.92,False,"Array,String,Design,Trie,Data Stream",Algorithms
1103,Moving Stones Until Consecutive,moving-stones-until-consecutive,Medium,52.07,False,"Math,Brainteaser",Algorithms
1104,Coloring A Border,coloring-a-border,Medium,51.07,False,"Array,Depth-First Search,Breadth-First Search,Matrix",Algorithms
1105,Uncrossed Lines,uncrossed-lines,Medium,65.03,False,"Array,Dynamic Programming",Algorithms
1106,Escape a Large Maze,escape-a-large-maze,Hard,36.33,False,"Array,Hash Table,Depth-First Search,Breadth-First Search",Algorithms
1115,Valid Boomerang,valid-boomerang,Easy,39.12,False,"Array,Math,Geometry",Algorithms
1114,Binary Search Tree to Greater Sum Tree,binary-search-tree-to-greater-sum-tree,Medium,88.36,False,"Tree,Depth-First Search,Binary Search Tree,Binary Tree",Algorithms
1111,Minimum Score Triangulation of Polygon,minimum-score-triangulation-of-polygon,Medium,67.35,False,"Array,Dynamic Programming",Algorithms
1113,Moving Stones Until Consecutive II,moving-stones-until-consecutive-ii,Medium,58.72,False,"Array,Math,Sliding Window,Sorting",Algorithms
1119,Robot Bounded In Circle,robot-bounded-in-circle,Medium,56.45,False,"Math,String,Simulation",Algorithms
1120,Flower Planting With No Adjacent,flower-planting-with-no-adjacent,Medium,53.38,False,"Depth-First Search,Breadth-First Search,Graph Theory",Algorithms
1121,Partition Array for Maximum Sum,partition-array-for-maximum-sum,Medium,77.31,False,"Array,Dynamic Programming",Algorithms
1122,Longest Duplicate Substring,longest-duplicate-substring,Hard,31.08,False,"String,Binary Search,Sliding Window,Rolling Hash,Suffix Array,Hash Function",Algorithms
1135,Customers Who Bought All Products,customers-who-bought-all-products,Medium,63.69,False,Database,Database
1127,Last Stone Weight,last-stone-weight,Easy,66.33,False,"Array,Heap (Priority Queue)",Algorithms
1128,Remove All Adjacent Duplicates In String,remove-all-adjacent-duplicates-in-string,Easy,72.79,False,"String,Stack",Algorithms
1129,Longest String Chain,longest-string-chain,Medium,62.81,False,"Array,Hash Table,Two Pointers,String,Dynamic Programming,Sorting",Algorithms
1130,Last Stone Weight II,last-stone-weight-ii,Medium,59.26,False,"Array,Dynamic Programming",Algorithms
1136,Actors and Directors Who Cooperated At Least Three Times,actors-and-directors-who-cooperated-at-least-three-times,Easy,70.9,False,Database,Database
1137,Height Checker,height-checker,Easy,81.53,False,"Array,Sorting,Counting Sort",Algorithms
1138,Grumpy Bookstore Owner,grumpy-bookstore-owner,Medium,63.96,False,"Array,Sliding Window",Algorithms
1139,Previous Permutation With One Swap,previous-permutation-with-one-swap,Medium,49.3,False,"Array,Greedy",Algorithms
1140,Distant Barcodes,distant-barcodes,Medium,48.6,False,"Array,Hash Table,Greedy,Sorting,Heap (Priority Queue),Counting",Algorithms
1051,Shortest Way to Form String,shortest-way-to-form-string,Medium,61.54,True,"Two Pointers,String,Binary Search,Greedy",Algorithms
1069,Confusing Number,confusing-number,Easy,49.32,True,Math,Algorithms
1052,Campus Bikes,campus-bikes,Medium,59.09,True,"Array,Sorting,Heap (Priority Queue)",Algorithms
1053,Minimize Rounding Error to Meet Target,minimize-rounding-error-to-meet-target,Medium,45.75,True,"Array,Math,String,Greedy,Sorting",Algorithms
511,All Paths from Source Lead to Destination,all-paths-from-source-lead-to-destination,Medium,37.04,True,"Graph Theory,Topological Sort",Algorithms
1059,Missing Element in Sorted Array,missing-element-in-sorted-array,Medium,59.66,True,"Array,Binary Search",Algorithms
1058,Lexicographically Smallest Equivalent String,lexicographically-smallest-equivalent-string,Medium,81.15,False,"String,Union-Find",Algorithms
1060,Longest Repeating Substring,longest-repeating-substring,Medium,63.38,True,"String,Binary Search,Dynamic Programming,Rolling Hash,Suffix Array,Hash Function",Algorithms
1061,Number of Valid Subarrays,number-of-valid-subarrays,Hard,79.89,True,"Array,Stack,Monotonic Stack",Algorithms
1066,Fixed Point,fixed-point,Easy,63.78,True,"Array,Binary Search",Algorithms
1075,Index Pairs of a String,index-pairs-of-a-string,Easy,68.66,True,"Array,String,Trie,Sorting",Algorithms
1067,Campus Bikes II,campus-bikes-ii,Medium,55.85,True,"Array,Dynamic Programming,Backtracking,Bit Manipulation,Bitmask",Algorithms
1068,Digit Count in Range,digit-count-in-range,Hard,46.37,True,"Math,Dynamic Programming",Algorithms
1153,Product Sales Analysis I,product-sales-analysis-i,Easy,85.56,False,Database,Database
1154,Product Sales Analysis II,product-sales-analysis-ii,Easy,82.6,True,Database,Database
1155,Product Sales Analysis III,product-sales-analysis-iii,Medium,45.61,False,Database,Database
1146,Greatest Common Divisor of Strings,greatest-common-divisor-of-strings,Easy,53.39,False,"Math,String",Algorithms
1147,Flip Columns For Maximum Number of Equal Rows,flip-columns-for-maximum-number-of-equal-rows,Medium,78.57,False,"Array,Hash Table,Matrix",Algorithms
1148,Adding Two Negabinary Numbers,adding-two-negabinary-numbers,Medium,37.56,False,"Array,Math",Algorithms
1145,Number of Submatrices That Sum to Target,number-of-submatrices-that-sum-to-target,Hard,74.57,False,"Array,Hash Table,Matrix,Prefix Sum",Algorithms
1161,Project Employees I,project-employees-i,Easy,66.51,False,Database,Database
1162,Project Employees II,project-employees-ii,Easy,50.39,True,Database,Database
1163,Project Employees III,project-employees-iii,Medium,77.15,True,Database,Database
1156,Occurrences After Bigram,occurrences-after-bigram,Easy,63.86,False,String,Algorithms
1160,Letter Tile Possibilities,letter-tile-possibilities,Medium,83.53,False,"Hash Table,String,Backtracking,Counting",Algorithms
1157,Insufficient Nodes in Root to Leaf Paths,insufficient-nodes-in-root-to-leaf-paths,Medium,54.84,False,"Tree,Depth-First Search,Binary Tree",Algorithms
1159,Smallest Subsequence of Distinct Characters,smallest-subsequence-of-distinct-characters,Medium,63.08,False,"String,Stack,Greedy,Monotonic Stack",Algorithms
1172,Sales Analysis I,sales-analysis-i,Easy,74.79,True,Database,Database
1173,Sales Analysis II,sales-analysis-ii,Easy,50.08,True,Database,Database
1174,Sales Analysis III,sales-analysis-iii,Easy,47.21,False,Database,Database
1082,Sum of Digits in the Minimum Number,sum-of-digits-in-the-minimum-number,Easy,76.69,True,"Array,Math",Algorithms
1074,High Five,high-five,Easy,74.2,True,"Array,Hash Table,Sorting,Heap (Priority Queue)",Algorithms
1076,Brace Expansion,brace-expansion,Medium,66.76,True,"String,Backtracking,Stack,Breadth-First Search,Sorting",Algorithms
1077,Confusing Number II,confusing-number-ii,Hard,47.15,True,"Math,Backtracking",Algorithms
1168,Duplicate Zeros,duplicate-zeros,Easy,53.36,False,"Array,Two Pointers",Algorithms
1169,Largest Values From Labels,largest-values-from-labels,Medium,64.02,False,"Array,Hash Table,Greedy,Sorting,Counting",Algorithms
1171,Shortest Path in Binary Matrix,shortest-path-in-binary-matrix,Medium,51.09,False,"Array,Breadth-First Search,Matrix",Algorithms
1170,Shortest Common Supersequence ,shortest-common-supersequence,Hard,61.75,False,"String,Dynamic Programming",Algorithms
1183,Statistics from a Large Sample,statistics-from-a-large-sample,Medium,42.95,False,"Array,Math,Probability and Statistics",Algorithms
1184,Car Pooling,car-pooling,Medium,56.18,False,"Array,Sorting,Heap (Priority Queue),Simulation,Prefix Sum",Algorithms
1185,Find in Mountain Array,find-in-mountain-array,Hard,41.07,False,"Array,Binary Search,Interactive",Algorithms
1188,Brace Expansion II,brace-expansion-ii,Hard,63.74,False,"Hash Table,String,Backtracking,Stack,Breadth-First Search,Sorting",Algorithms
1193,Game Play Analysis V,game-play-analysis-v,Hard,50.37,True,Database,Database
1198,Unpopular Books,unpopular-books,Medium,43.4,True,Database,Database
1083,Two Sum Less Than K,two-sum-less-than-k,Easy,62.13,True,"Array,Two Pointers,Binary Search,Sorting",Algorithms
1084,Find K-Length Substrings With No Repeated Characters,find-k-length-substrings-with-no-repeated-characters,Medium,76.45,True,"Hash Table,String,Sliding Window",Algorithms
1085,The Earliest Moment When Everyone Become Friends,the-earliest-moment-when-everyone-become-friends,Medium,65.92,True,"Array,Union-Find,Sorting",Algorithms
1099,Path With Maximum Minimum Value,path-with-maximum-minimum-value,Medium,54.57,True,"Array,Binary Search,Depth-First Search,Breadth-First Search,Union-Find,Heap (Priority Queue),Matrix",Algorithms
1195,Distribute Candies to People,distribute-candies-to-people,Easy,67.4,False,"Math,Simulation",Algorithms
1194,Path In Zigzag Labelled Binary Tree,path-in-zigzag-labelled-binary-tree,Medium,75.73,False,"Math,Tree,Binary Tree",Algorithms
1196,Filling Bookcase Shelves,filling-bookcase-shelves,Medium,68.64,False,"Array,Dynamic Programming",Algorithms
1197,Parsing A Boolean Expression,parsing-a-boolean-expression,Hard,69.79,False,"String,Stack,Recursion",Algorithms
1204,New Users Daily Count,new-users-daily-count,Medium,44.96,True,Database,Database
1205,Defanging an IP Address,defanging-an-ip-address,Easy,89.97,False,String,Algorithms
1206,Corporate Flight Bookings,corporate-flight-bookings,Medium,66.4,False,"Array,Prefix Sum",Algorithms
1207,Delete Nodes And Return Forest,delete-nodes-and-return-forest,Medium,72.46,False,"Array,Hash Table,Tree,Depth-First Search,Binary Tree",Algorithms
1208,Maximum Nesting Depth of Two Valid Parentheses Strings,maximum-nesting-depth-of-two-valid-parentheses-strings,Medium,71.8,False,"String,Stack",Algorithms
1214,Highest Grade For Each Student,highest-grade-for-each-student,Medium,71.12,True,Database,Database
1215,Reported Posts,reported-posts,Easy,64.82,True,Database,Database
1203,Print in Order,print-in-order,Easy,72.73,False,Concurrency,Concurrency
1187,Print FooBar Alternately,print-foobar-alternately,Medium,71.97,False,Concurrency,Concurrency
1216,Print Zero Even Odd,print-zero-even-odd,Medium,65.18,False,Concurrency,Concurrency
1186,Building H2O,building-h2o,Medium,58.33,False,Concurrency,Concurrency
1088,Number of Days in a Month,number-of-days-in-a-month,Easy,59.31,True,Math,Algorithms
1089,Remove Vowels from a String,remove-vowels-from-a-string,Easy,91.29,True,String,Algorithms
1091,Maximum Average Subtree,maximum-average-subtree,Medium,66.91,True,"Tree,Depth-First Search,Binary Tree",Algorithms
1118,Divide Array Into Increasing Sequences,divide-array-into-increasing-sequences,Hard,65.35,True,"Array,Counting",Algorithms
1217,Relative Sort Array,relative-sort-array,Easy,75.1,False,"Array,Hash Table,Sorting,Counting Sort",Algorithms
1218,Lowest Common Ancestor of Deepest Leaves,lowest-common-ancestor-of-deepest-leaves,Medium,79.42,False,"Hash Table,Tree,Depth-First Search,Breadth-First Search,Binary Tree",Algorithms
1219,Longest Well-Performing Interval,longest-well-performing-interval,Medium,36.98,False,"Array,Hash Table,Stack,Monotonic Stack,Prefix Sum",Algorithms
1220,Smallest Sufficient Team,smallest-sufficient-team,Hard,55.38,False,"Array,Dynamic Programming,Bit Manipulation,Bitmask",Algorithms
1225,Active Businesses,active-businesses,Medium,65.98,True,Database,Database
1226,User Purchase Platform,user-purchase-platform,Hard,46.16,True,Database,Database
1227,Number of Equivalent Domino Pairs,number-of-equivalent-domino-pairs,Easy,60.64,False,"Array,Hash Table,Counting",Algorithms
1229,Shortest Path with Alternating Colors,shortest-path-with-alternating-colors,Medium,47.7,False,"Breadth-First Search,Graph Theory",Algorithms
1228,Minimum Cost Tree From Leaf Values,minimum-cost-tree-from-leaf-values,Medium,67.78,False,"Array,Dynamic Programming,Stack,Greedy,Monotonic Stack",Algorithms
1230,Maximum of Absolute Value Expression,maximum-of-absolute-value-expression,Medium,48.59,False,"Array,Math",Algorithms
1237,Reported Posts II,reported-posts-ii,Medium,32.01,True,Database,Database
1098,Largest Unique Number,largest-unique-number,Easy,71.29,True,"Array,Hash Table,Sorting",Algorithms
1090,Armstrong Number,armstrong-number,Easy,77.82,True,Math,Algorithms
1100,Connecting Cities With Minimum Cost,connecting-cities-with-minimum-cost,Medium,63.4,True,"Union-Find,Graph Theory,Heap (Priority Queue),Minimum Spanning Tree",Algorithms
1101,Parallel Courses,parallel-courses,Medium,62.03,True,"Graph Theory,Topological Sort",Algorithms
1236,N-th Tribonacci Number,n-th-tribonacci-number,Easy,63.28,False,"Math,Dynamic Programming,Memoization",Algorithms
1238,Alphabet Board Path,alphabet-board-path,Medium,51.81,False,"Hash Table,String",Algorithms
1239,Largest 1-Bordered Square,largest-1-bordered-square,Medium,51.97,False,"Array,Dynamic Programming,Matrix",Algorithms
1240,Stone Game II,stone-game-ii,Medium,72.88,False,"Array,Math,Dynamic Programming,Prefix Sum,Game Theory",Algorithms
1245,User Activity for the Past 30 Days I,user-activity-for-the-past-30-days-i,Easy,50.45,False,Database,Database
1246,User Activity for the Past 30 Days II,user-activity-for-the-past-30-days-ii,Easy,35.62,True,Database,Database
1250,Longest Common Subsequence,longest-common-subsequence,Medium,58.87,False,"String,Dynamic Programming",Algorithms
1247,Decrease Elements To Make Array Zigzag,decrease-elements-to-make-array-zigzag,Medium,48.96,False,"Array,Greedy",Algorithms
1248,Binary Tree Coloring Game,binary-tree-coloring-game,Medium,52.84,False,"Tree,Depth-First Search,Binary Tree",Algorithms
1249,Snapshot Array,snapshot-array,Medium,36.67,False,"Array,Hash Table,Binary Search,Design",Algorithms
1251,Longest Chunked Palindrome Decomposition,longest-chunked-palindrome-decomposition,Hard,59.01,False,"Two Pointers,String,Dynamic Programming,Greedy,Rolling Hash,Hash Function",Algorithms
1258,Article Views I,article-views-i,Easy,76.74,False,Database,Database
1259,Article Views II,article-views-ii,Medium,47.26,True,Database,Database
1102,Check If a Number Is Majority Element in a Sorted Array,check-if-a-number-is-majority-element-in-a-sorted-array,Easy,59.91,True,"Array,Binary Search",Algorithms
1107,Minimum Swaps to Group All 1's Together,minimum-swaps-to-group-all-1s-together,Medium,61.19,True,"Array,Sliding Window",Algorithms
1108,Analyze User Website Visit Pattern,analyze-user-website-visit-pattern,Medium,44.22,True,"Array,Hash Table,String,Sorting",Algorithms
1124,String Transforms Into Another String,string-transforms-into-another-string,Hard,34.66,True,"Hash Table,String,Graph Theory",Algorithms
1260,Day of the Year,day-of-the-year,Easy,49.53,False,"Math,String",Algorithms
1263,Number of Dice Rolls With Target Sum,number-of-dice-rolls-with-target-sum,Medium,62.17,False,Dynamic Programming,Algorithms
1261,Swap For Longest Repeated Character Substring,swap-for-longest-repeated-character-substring,Medium,44.16,False,"Hash Table,String,Sliding Window",Algorithms
1262,Online Majority Element In Subarray,online-majority-element-in-subarray,Hard,40.08,False,"Array,Binary Search,Design,Binary Indexed Tree,Segment Tree",Algorithms
1268,Market Analysis I,market-analysis-i,Medium,57.23,False,Database,Database
1269,Market Analysis II,market-analysis-ii,Hard,57.63,True,Database,Database
1112,Find Words That Can Be Formed by Characters,find-words-that-can-be-formed-by-characters,Easy,71.46,False,"Array,Hash Table,String,Counting",Algorithms
1116,Maximum Level Sum of a Binary Tree,maximum-level-sum-of-a-binary-tree,Medium,69.98,False,"Tree,Depth-First Search,Breadth-First Search,Binary Tree",Algorithms
1117,As Far from Land as Possible,as-far-from-land-as-possible,Medium,52.17,False,"Array,Dynamic Programming,Breadth-First Search,Matrix",Algorithms
1133,Last Substring in Lexicographical Order,last-substring-in-lexicographical-order,Hard,34.97,False,"Two Pointers,String",Algorithms
1278,Product Price at a Given Date,product-price-at-a-given-date,Medium,57.65,False,Database,Database
1123,Single-Row Keyboard,single-row-keyboard,Easy,87.8,True,"Hash Table,String",Algorithms
1125,Design File System,design-file-system,Medium,65.06,True,"Hash Table,String,Design,Trie",Algorithms
1126,Minimum Cost to Connect Sticks,minimum-cost-to-connect-sticks,Medium,71.75,True,"Array,Greedy,Heap (Priority Queue)",Algorithms
1144,Optimize Water Distribution in a Village,optimize-water-distribution-in-a-village,Hard,65.45,True,"Union-Find,Graph Theory,Heap (Priority Queue),Minimum Spanning Tree",Algorithms
1272,Invalid Transactions,invalid-transactions,Medium,32.05,False,"Array,Hash Table,String,Sorting",Algorithms
1273,Compare Strings by Frequency of the Smallest Character,compare-strings-by-frequency-of-the-smallest-character,Medium,63.22,False,"Array,Hash Table,String,Binary Search,Sorting",Algorithms
1267,Remove Zero Sum Consecutive Nodes from Linked List,remove-zero-sum-consecutive-nodes-from-linked-list,Medium,53.11,False,"Hash Table,Linked List",Algorithms
1270,Dinner Plate Stacks,dinner-plate-stacks,Hard,33.43,False,"Hash Table,Stack,Design,Heap (Priority Queue)",Algorithms
1291,Immediate Food Delivery I,immediate-food-delivery-i,Easy,80.7,True,Database,Database
1292,Immediate Food Delivery II,immediate-food-delivery-ii,Medium,55.64,False,Database,Database
1279,Prime Arrangements,prime-arrangements,Easy,60.7,False,Math,Algorithms
1280,Diet Plan Performance,diet-plan-performance,Easy,55.81,True,"Array,Sliding Window",Algorithms
1281,Can Make Palindrome from Substring,can-make-palindrome-from-substring,Medium,41.27,False,"Array,Hash Table,String,Bit Manipulation,Prefix Sum",Algorithms
1282,Number of Valid Words for Each Puzzle,number-of-valid-words-for-each-puzzle,Hard,47.7,False,"Array,Hash Table,String,Bit Manipulation,Trie",Algorithms
1301,Reformat Department Table,reformat-department-table,Easy,76.28,False,Database,Database
1131,Count Substrings with Only One Distinct Letter,count-substrings-with-only-one-distinct-letter,Easy,80.9,True,"Math,String",Algorithms
1132,Before and After Puzzle,before-and-after-puzzle,Medium,51.82,True,"Array,Hash Table,String,Sorting",Algorithms
1134,Shortest Distance to Target Color,shortest-distance-to-target-color,Medium,56.49,True,"Array,Binary Search,Dynamic Programming",Algorithms
1152,Maximum Number of Ones,maximum-number-of-ones,Hard,70.52,True,"Math,Greedy,Sorting,Heap (Priority Queue)",Algorithms
1287,Distance Between Bus Stops,distance-between-bus-stops,Easy,55.2,False,Array,Algorithms
1289,Day of the Week,day-of-the-week,Easy,58.97,False,Math,Algorithms
1288,Maximum Subarray Sum with One Deletion,maximum-subarray-sum-with-one-deletion,Medium,46.66,False,"Array,Dynamic Programming",Algorithms
1290,Make Array Strictly Increasing,make-array-strictly-increasing,Hard,57.9,False,"Array,Binary Search,Dynamic Programming,Sorting",Algorithms
1209,Design Bounded Blocking Queue,design-bounded-blocking-queue,Medium,73.56,True,Concurrency,Concurrency
1297,Maximum Number of Balloons,maximum-number-of-balloons,Easy,60.01,False,"Hash Table,String,Counting",Algorithms
1298,Reverse Substrings Between Each Pair of Parentheses,reverse-substrings-between-each-pair-of-parentheses,Medium,71.93,False,"String,Stack",Algorithms
1299,K-Concatenation Maximum Sum,k-concatenation-maximum-sum,Medium,25.18,False,"Array,Dynamic Programming",Algorithms
1300,Critical Connections in a Network,critical-connections-in-a-network,Hard,59.26,False,"Depth-First Search,Graph Theory,Biconnected Component",Algorithms
1317,Monthly Transactions I,monthly-transactions-i,Medium,58.91,False,Database,Database
1318,Tournament Winners,tournament-winners,Hard,50.02,True,Database,Database
1316,Fizz Buzz Multithreaded,fizz-buzz-multithreaded,Medium,74.58,False,Concurrency,Concurrency
1141,How Many Apples Can You Put into the Basket,how-many-apples-can-you-put-into-the-basket,Easy,67.03,True,"Array,Greedy,Sorting",Algorithms
1142,Minimum Knight Moves,minimum-knight-moves,Medium,41.73,True,Breadth-First Search,Algorithms
1143,Find Smallest Common Element in All Rows,find-smallest-common-element-in-all-rows,Medium,76.78,True,"Array,Hash Table,Binary Search,Matrix,Counting",Algorithms
1167,Minimum Time to Build Blocks,minimum-time-to-build-blocks,Hard,46.43,True,"Array,Math,Greedy,Heap (Priority Queue)",Algorithms
1306,Minimum Absolute Difference,minimum-absolute-difference,Easy,75.03,False,"Array,Sorting",Algorithms
1307,Ugly Number III,ugly-number-iii,Medium,31.23,False,"Math,Binary Search,Combinatorics,Number Theory",Algorithms
1308,Smallest String With Swaps,smallest-string-with-swaps,Medium,60.34,False,"Array,Hash Table,String,Depth-First Search,Breadth-First Search,Union-Find,Sorting",Algorithms
1309,Sort Items by Groups Respecting Dependencies,sort-items-by-groups-respecting-dependencies,Hard,65.61,False,"Depth-First Search,Breadth-First Search,Graph Theory,Topological Sort",Algorithms
1327,Last Person to Fit in the Bus,last-person-to-fit-in-the-bus,Medium,68.94,False,Database,Database
1328,Monthly Transactions II,monthly-transactions-ii,Medium,42.05,True,Database,Database
1337,Design Skiplist,design-skiplist,Hard,59.07,False,"Linked List,Design",Algorithms
1319,Unique Number of Occurrences,unique-number-of-occurrences,Easy,78.63,False,"Array,Hash Table",Algorithms
1321,Get Equal Substrings Within Budget,get-equal-substrings-within-budget,Medium,59.47,False,"String,Binary Search,Sliding Window,Prefix Sum",Algorithms
1320,Remove All Adjacent Duplicates in String II,remove-all-adjacent-duplicates-in-string-ii,Medium,60.88,False,"String,Stack",Algorithms
1322,Minimum Moves to Reach Target with Rotations,minimum-moves-to-reach-target-with-rotations,Hard,51.78,False,"Array,Breadth-First Search,Matrix",Algorithms
1338,Queries Quality and Percentage,queries-quality-and-percentage,Easy,52.16,False,Database,Database
1339,Team Scores in Football Tournament,team-scores-in-football-tournament,Medium,55.8,True,Database,Database
1149,Intersection of Three Sorted Arrays,intersection-of-three-sorted-arrays,Easy,80.02,True,"Array,Hash Table,Binary Search,Counting",Algorithms
1150,Two Sum BSTs,two-sum-bsts,Medium,68.14,True,"Two Pointers,Binary Search,Stack,Tree,Depth-First Search,Binary Search Tree,Binary Tree",Algorithms
1151,Stepping Numbers,stepping-numbers,Medium,48.16,True,"Math,Backtracking,Breadth-First Search",Algorithms
1178,Valid Palindrome III,valid-palindrome-iii,Hard,49.13,True,"String,Dynamic Programming",Algorithms
1329,Minimum Cost to Move Chips to The Same Position,minimum-cost-to-move-chips-to-the-same-position,Easy,72.75,False,"Array,Math,Greedy",Algorithms
1330,Longest Arithmetic Subsequence of Given Difference,longest-arithmetic-subsequence-of-given-difference,Medium,54.32,False,"Array,Hash Table,Dynamic Programming",Algorithms
1331,Path with Maximum Gold,path-with-maximum-gold,Medium,68.31,False,"Array,Backtracking,Matrix",Algorithms
1332,Count Vowels Permutation,count-vowels-permutation,Hard,61.38,False,Dynamic Programming,Algorithms
1341,Split a String in Balanced Strings,split-a-string-in-balanced-strings,Easy,87.27,False,"String,Greedy,Counting",Algorithms
1342,Queens That Can Attack the King,queens-that-can-attack-the-king,Medium,72.54,False,"Array,Matrix,Simulation",Algorithms
1343,Dice Roll Simulation,dice-roll-simulation,Hard,50.65,False,"Array,Dynamic Programming",Algorithms
1344,Maximum Equal Frequency,maximum-equal-frequency,Hard,37.91,False,"Array,Hash Table",Algorithms
1357,Report Contiguous Dates,report-contiguous-dates,Hard,57.13,True,Database,Database
1340,The Dining Philosophers,the-dining-philosophers,Medium,54.34,False,Concurrency,Concurrency
1362,Airplane Seat Assignment Probability,airplane-seat-assignment-probability,Medium,67.2,False,"Math,Dynamic Programming,Brainteaser,Probability and Statistics",Algorithms
1164,Missing Number In Arithmetic Progression,missing-number-in-arithmetic-progression,Easy,52.21,True,"Array,Math",Algorithms
1165,Meeting Scheduler,meeting-scheduler,Medium,55.2,True,"Array,Two Pointers,Sorting",Algorithms
1166,Toss Strange Coins,toss-strange-coins,Medium,58.11,True,"Array,Math,Dynamic Programming,Probability and Statistics",Algorithms
1192,Divide Chocolate,divide-chocolate,Hard,60.47,True,"Array,Binary Search",Algorithms
1349,Check If It Is a Straight Line,check-if-it-is-a-straight-line,Easy,39.97,False,"Array,Math,Geometry",Algorithms
1350,Remove Sub-Folders from the Filesystem,remove-sub-folders-from-the-filesystem,Medium,78.62,False,"Array,String,Depth-First Search,Trie",Algorithms
1351,Replace the Substring for Balanced String,replace-the-substring-for-balanced-string,Medium,40.55,False,"String,Sliding Window",Algorithms
1352,Maximum Profit in Job Scheduling,maximum-profit-in-job-scheduling,Hard,54.63,False,"Array,Binary Search,Dynamic Programming,Sorting",Algorithms
1271,Web Crawler,web-crawler,Medium,68.87,True,"String,Depth-First Search,Breadth-First Search,Interactive",Algorithms
1358,Find Positive Integer Solution for a Given Equation,find-positive-integer-solution-for-a-given-equation,Medium,69.84,False,"Math,Two Pointers,Binary Search,Interactive",Algorithms
1359,Circular Permutation in Binary Representation,circular-permutation-in-binary-representation,Medium,72.55,False,"Math,Backtracking,Bit Manipulation",Algorithms
1360,Maximum Length of a Concatenated String with Unique Characters,maximum-length-of-a-concatenated-string-with-unique-characters,Medium,54.62,False,"Array,String,Backtracking,Bit Manipulation",Algorithms
1361,Tiling a Rectangle with the Fewest Squares,tiling-a-rectangle-with-the-fewest-squares,Hard,54.8,False,Backtracking,Algorithms
1377,Number of Comments per Post,number-of-comments-per-post,Easy,65.65,True,Database,Database
1368,Web Crawler Multithreaded,web-crawler-multithreaded,Medium,50.96,True,"Depth-First Search,Breadth-First Search,Concurrency",Concurrency
1175,Array Transformation,array-transformation,Easy,53.58,True,"Array,Simulation",Algorithms
1176,Design A Leaderboard,design-a-leaderboard,Medium,68.09,True,"Hash Table,Design,Sorting",Algorithms
1177,Tree Diameter,tree-diameter,Medium,61.25,True,"Tree,Depth-First Search,Breadth-First Search,Graph Theory,Topological Sort",Algorithms
1202,Palindrome Removal,palindrome-removal,Hard,46.21,True,"Array,Dynamic Programming",Algorithms
1369,Minimum Swaps to Make Strings Equal,minimum-swaps-to-make-strings-equal,Medium,65.27,False,"Math,String,Greedy",Algorithms
1370,Count Number of Nice Subarrays,count-number-of-nice-subarrays,Medium,74.76,False,"Array,Hash Table,Math,Sliding Window,Prefix Sum",Algorithms
1371,Minimum Remove to Make Valid Parentheses,minimum-remove-to-make-valid-parentheses,Medium,71.26,False,"String,Stack",Algorithms
1372,Check If It Is a Good Array,check-if-it-is-a-good-array,Hard,63.35,False,"Array,Math,Number Theory",Algorithms
1390,Average Selling Price,average-selling-price,Easy,37.09,False,Database,Database
1378,Cells with Odd Values in a Matrix,cells-with-odd-values-in-a-matrix,Easy,79.67,False,"Array,Math,Simulation",Algorithms
1379,Reconstruct a 2-Row Binary Matrix,reconstruct-a-2-row-binary-matrix,Medium,48.68,False,"Array,Greedy,Matrix",Algorithms
1380,Number of Closed Islands,number-of-closed-islands,Medium,67.01,False,"Array,Depth-First Search,Breadth-First Search,Union-Find,Matrix",Algorithms
1381,Maximum Score Words Formed by Letters,maximum-score-words-formed-by-letters,Hard,81.55,False,"Array,Hash Table,String,Dynamic Programming,Backtracking,Bit Manipulation,Counting,Bitmask",Algorithms
1189,Encode Number,encode-number,Medium,70.3,True,"Math,String,Bit Manipulation",Algorithms
1190,Smallest Common Region,smallest-common-region,Medium,68.26,True,"Array,Hash Table,String,Tree,Depth-First Search,Breadth-First Search",Algorithms
1191,Synonymous Sentences,synonymous-sentences,Medium,57.08,True,"Array,Hash Table,String,Backtracking,Sort,Union-Find",Algorithms
1213,Handshakes That Don't Cross,handshakes-that-dont-cross,Hard,59.89,True,"Math,Dynamic Programming",Algorithms
1386,Shift 2D Grid,shift-2d-grid,Easy,67.93,False,"Array,Matrix,Simulation",Algorithms
1387,Find Elements in a Contaminated Binary Tree,find-elements-in-a-contaminated-binary-tree,Medium,84.1,False,"Hash Table,Tree,Depth-First Search,Breadth-First Search,Design,Binary Tree",Algorithms
1388,Greatest Sum Divisible by Three,greatest-sum-divisible-by-three,Medium,57.07,False,"Array,Dynamic Programming,Greedy,Sorting",Algorithms
1389,Minimum Moves to Move a Box to Their Target Location,minimum-moves-to-move-a-box-to-their-target-location,Hard,49.45,False,"Array,Breadth-First Search,Heap (Priority Queue),Matrix",Algorithms
1399,Page Recommendations,page-recommendations,Medium,65.36,True,Database,Database
1404,Print Immutable Linked List in Reverse,print-immutable-linked-list-in-reverse,Medium,94.08,True,"Linked List,Two Pointers,Stack,Recursion",Algorithms
1395,Minimum Time Visiting All Points,minimum-time-visiting-all-points,Easy,84.79,False,"Array,Math,Geometry",Algorithms
1396,Count Servers that Communicate,count-servers-that-communicate,Medium,73.52,False,"Array,Depth-First Search,Breadth-First Search,Union-Find,Matrix,Counting",Algorithms
1397,Search Suggestions System,search-suggestions-system,Medium,65.15,False,"Array,String,Binary Search,Trie,Sorting,Heap (Priority Queue)",Algorithms
1398,Number of Ways to Stay in the Same Place After Some Steps,number-of-ways-to-stay-in-the-same-place-after-some-steps,Hard,49.98,False,Dynamic Programming,Algorithms
1405,All People Report to the Given Manager,all-people-report-to-the-given-manager,Medium,84.01,True,Database,Database
1199,Hexspeak,hexspeak,Easy,58.38,True,"Math,String",Algorithms
1200,Remove Interval,remove-interval,Medium,67.13,True,Array,Algorithms
1201,Delete Tree Nodes,delete-tree-nodes,Medium,61.59,True,"Array,Tree,Depth-First Search,Breadth-First Search",Algorithms
1233,Number of Ships in a Rectangle,number-of-ships-in-a-rectangle,Hard,68.89,True,"Array,Divide and Conquer,Interactive",Algorithms
1400,Find Winner on a Tic Tac Toe Game,find-winner-on-a-tic-tac-toe-game,Easy,54.49,False,"Array,Hash Table,Matrix,Simulation",Algorithms
1401,Number of Burgers with No Waste of Ingredients,number-of-burgers-with-no-waste-of-ingredients,Medium,50.85,False,Math,Algorithms
1402,Count Square Submatrices with All Ones,count-square-submatrices-with-all-ones,Medium,80.66,False,"Array,Dynamic Programming,Matrix",Algorithms
1403,Palindrome Partitioning III,palindrome-partitioning-iii,Hard,62.13,False,"String,Dynamic Programming",Algorithms
1410,Traffic Light Controlled Intersection,traffic-light-controlled-intersection,Easy,72.78,True,Concurrency,Concurrency
1415,Students and Examinations,students-and-examinations,Easy,60.92,False,Database,Database
1406,Subtract the Product and Sum of Digits of an Integer,subtract-the-product-and-sum-of-digits-of-an-integer,Easy,86.55,False,Math,Algorithms
1407,Group the People Given the Group Size They Belong To,group-the-people-given-the-group-size-they-belong-to,Medium,87.51,False,"Array,Hash Table,Greedy",Algorithms
1408,Find the Smallest Divisor Given a Threshold,find-the-smallest-divisor-given-a-threshold,Medium,65.44,False,"Array,Binary Search",Algorithms
1409,Minimum Number of Flips to Convert Binary Matrix to Zero Matrix,minimum-number-of-flips-to-convert-binary-matrix-to-zero-matrix,Hard,72.42,False,"Array,Hash Table,Bit Manipulation,Breadth-First Search,Matrix",Algorithms
1420,Find the Start and End Number of Continuous Ranges,find-the-start-and-end-number-of-continuous-ranges,Medium,81.82,True,Database,Database
1211,Iterator for Combination,iterator-for-combination,Medium,72.66,False,"String,Backtracking,Design,Iterator",Algorithms
1221,Element Appearing More Than 25% In Sorted Array,element-appearing-more-than-25-in-sorted-array,Easy,61.14,False,Array,Algorithms
1222,Remove Covered Intervals,remove-covered-intervals,Medium,56.1,False,"Array,Sorting",Algorithms
1224,Minimum Falling Path Sum II,minimum-falling-path-sum-ii,Hard,63.22,False,"Array,Dynamic Programming,Matrix",Algorithms
1411,Convert Binary Number in a Linked List to Integer,convert-binary-number-in-a-linked-list-to-integer,Easy,82.32,False,"Linked List,Math",Algorithms
1212,Sequential Digits,sequential-digits,Medium,65.35,False,Enumeration,Algorithms
1413,Maximum Side Length of a Square with Sum Less than or Equal to Threshold,maximum-side-length-of-a-square-with-sum-less-than-or-equal-to-threshold,Medium,65.47,False,"Array,Binary Search,Matrix,Prefix Sum",Algorithms
1414,Shortest Path in a Grid with Obstacles Elimination,shortest-path-in-a-grid-with-obstacles-elimination,Hard,46.08,False,"Array,Breadth-First Search,Matrix",Algorithms
1425,Weather Type in Each Country,weather-type-in-each-country,Easy,67.03,True,Database,Database
1421,Find Numbers with Even Number of Digits,find-numbers-with-even-number-of-digits,Easy,79.64,False,"Array,Math",Algorithms
1422,Divide Array in Sets of K Consecutive Numbers,divide-array-in-sets-of-k-consecutive-numbers,Medium,59.09,False,"Array,Hash Table,Greedy,Sorting",Algorithms
1423,Maximum Number of Occurrences of a Substring,maximum-number-of-occurrences-of-a-substring,Medium,54.25,False,"Hash Table,String,Sliding Window",Algorithms
1424,Maximum Candies You Can Get from Boxes,maximum-candies-you-can-get-from-boxes,Hard,67.89,False,"Array,Breadth-First Search,Graph Theory",Algorithms
1231,Replace Elements with Greatest Element on Right Side,replace-elements-with-greatest-element-on-right-side,Easy,71.95,False,Array,Algorithms
1232,Sum of Mutated Array Closest to Target,sum-of-mutated-array-closest-to-target,Medium,46.13,False,"Array,Binary Search,Sorting",Algorithms
1234,Number of Paths with Max Score,number-of-paths-with-max-score,Hard,41.98,False,"Array,Dynamic Programming,Matrix",Algorithms
1254,Deepest Leaves Sum,deepest-leaves-sum,Medium,86.49,False,"Tree,Depth-First Search,Breadth-First Search,Binary Tree",Algorithms
1438,Find the Team Size,find-the-team-size,Easy,89.57,True,Database,Database
1426,Find N Unique Integers Sum up to Zero,find-n-unique-integers-sum-up-to-zero,Easy,78.47,False,"Array,Math",Algorithms
1427,All Elements in Two Binary Search Trees,all-elements-in-two-binary-search-trees,Medium,80.21,False,"Tree,Depth-First Search,Binary Search Tree,Sorting,Binary Tree",Algorithms
1428,Jump Game III,jump-game-iii,Medium,66.67,False,"Array,Depth-First Search,Breadth-First Search",Algorithms
1429,Verbal Arithmetic Puzzle,verbal-arithmetic-puzzle,Hard,34.87,False,"Array,Math,String,Backtracking",Algorithms
1439,Running Total for Different Genders,running-total-for-different-genders,Medium,86.19,True,Database,Database
1434,Decrypt String from Alphabet to Integer Mapping,decrypt-string-from-alphabet-to-integer-mapping,Easy,80.54,False,String,Algorithms
1435,XOR Queries of a Subarray,xor-queries-of-a-subarray,Medium,78.15,False,"Array,Bit Manipulation,Prefix Sum",Algorithms
1436,Get Watched Videos by Your Friends,get-watched-videos-by-your-friends,Medium,52.06,False,"Array,Hash Table,Breadth-First Search,Graph Theory,Sorting",Algorithms
1437,Minimum Insertion Steps to Make a String Palindrome,minimum-insertion-steps-to-make-a-string-palindrome,Hard,73.64,False,"String,Dynamic Programming",Algorithms
1241,Decompress Run-Length Encoded List,decompress-run-length-encoded-list,Easy,86.18,False,Array,Algorithms
1242,Matrix Block Sum,matrix-block-sum,Medium,76.37,False,"Array,Matrix,Prefix Sum",Algorithms
1243,Sum of Nodes with Even-Valued Grandparent,sum-of-nodes-with-even-valued-grandparent,Medium,85.91,False,"Tree,Depth-First Search,Breadth-First Search,Binary Tree",Algorithms
1244,Distinct Echo Substrings,distinct-echo-substrings,Hard,52.91,False,"String,Trie,Rolling Hash,Hash Function",Algorithms
1440,Convert Integer to the Sum of Two No-Zero Integers,convert-integer-to-the-sum-of-two-no-zero-integers,Easy,59.12,False,Math,Algorithms
1441,Minimum Flips to Make a OR b Equal to c,minimum-flips-to-make-a-or-b-equal-to-c,Medium,71.92,False,Bit Manipulation,Algorithms
1442,Number of Operations to Make Network Connected,number-of-operations-to-make-network-connected,Medium,66.13,False,"Depth-First Search,Breadth-First Search,Union-Find,Graph Theory",Algorithms
1443,Minimum Distance to Type a Word Using Two Fingers,minimum-distance-to-type-a-word-using-two-fingers,Hard,59.42,False,"String,Dynamic Programming",Algorithms
1452,Restaurant Growth,restaurant-growth,Medium,58.16,False,Database,Database
1453,Ads Performance,ads-performance,Easy,58.7,True,Database,Database
1448,Maximum 69 Number,maximum-69-number,Easy,84.51,False,"Math,Greedy",Algorithms
1449,Print Words Vertically,print-words-vertically,Medium,67.36,False,"Array,String,Simulation",Algorithms
1450,Delete Leaves With a Given Value,delete-leaves-with-a-given-value,Medium,77.24,False,"Tree,Depth-First Search,Binary Tree",Algorithms
1451,Minimum Number of Taps to Open to Water a Garden,minimum-number-of-taps-to-open-to-water-a-garden,Hard,50.95,False,"Array,Dynamic Programming,Greedy",Algorithms
1462,List the Products Ordered in a Period,list-the-products-ordered-in-a-period,Easy,71.65,False,Database,Database
1252,Break a Palindrome,break-a-palindrome,Medium,51.58,False,"String,Greedy",Algorithms
1253,Sort the Matrix Diagonally,sort-the-matrix-diagonally,Medium,83.15,False,"Array,Sorting,Matrix",Algorithms
1255,Reverse Subarray To Maximize Array Value,reverse-subarray-to-maximize-array-value,Hard,43.72,False,"Array,Math,Greedy",Algorithms
1256,Rank Transform of an Array,rank-transform-of-an-array,Easy,70.81,False,"Array,Hash Table,Sorting",Algorithms
1454,Remove Palindromic Subsequences,remove-palindromic-subsequences,Easy,76.98,False,"Two Pointers,String",Algorithms
1455,"Filter Restaurants by Vegan-Friendly, Price and Distance",filter-restaurants-by-vegan-friendly-price-and-distance,Medium,64.07,False,"Array,Sorting",Algorithms
1456,Find the City With the Smallest Number of Neighbors at a Threshold Distance,find-the-city-with-the-smallest-number-of-neighbors-at-a-threshold-distance,Medium,72.13,False,"Dynamic Programming,Graph Theory,Shortest Path",Algorithms
1457,Minimum Difficulty of a Job Schedule,minimum-difficulty-of-a-job-schedule,Hard,59.72,False,"Array,Dynamic Programming",Algorithms
1467,Number of Transactions per Visit,number-of-transactions-per-visit,Hard,47.71,True,Database,Database
1463,The K Weakest Rows in a Matrix,the-k-weakest-rows-in-a-matrix,Easy,74.26,False,"Array,Binary Search,Sorting,Heap (Priority Queue),Matrix",Algorithms
1464,Reduce Array Size to The Half,reduce-array-size-to-the-half,Medium,69.34,False,"Array,Hash Table,Greedy,Sorting,Heap (Priority Queue)",Algorithms
1465,Maximum Product of Splitted Binary Tree,maximum-product-of-splitted-binary-tree,Medium,55.54,False,"Tree,Depth-First Search,Binary Tree",Algorithms
1466,Jump Game V,jump-game-v,Hard,64.79,False,"Array,Dynamic Programming,Sorting",Algorithms
1480,Movie Rating,movie-rating,Medium,42.74,False,Database,Database
1444,Number of Steps to Reduce a Number to Zero,number-of-steps-to-reduce-a-number-to-zero,Easy,85.74,False,"Math,Bit Manipulation",Algorithms
1445,Number of Sub-arrays of Size K and Average Greater than or Equal to Threshold,number-of-sub-arrays-of-size-k-and-average-greater-than-or-equal-to-threshold,Medium,72.12,False,"Array,Sliding Window",Algorithms
1446,Angle Between Hands of a Clock,angle-between-hands-of-a-clock,Medium,64.38,False,Math,Algorithms
1447,Jump Game IV,jump-game-iv,Hard,46.23,False,"Array,Hash Table,Breadth-First Search",Algorithms
1468,Check If N and Its Double Exist,check-if-n-and-its-double-exist,Easy,41.64,False,"Array,Hash Table,Two Pointers,Binary Search,Sorting",Algorithms
1469,Minimum Number of Steps to Make Two Strings Anagram,minimum-number-of-steps-to-make-two-strings-anagram,Medium,82.46,False,"Hash Table,String,Counting",Algorithms
1470,Tweet Counts Per Frequency,tweet-counts-per-frequency,Medium,45.89,False,"Hash Table,String,Binary Search,Design,Sorting,Ordered Set",Algorithms
1471,Maximum Students Taking Exam,maximum-students-taking-exam,Hard,53.38,False,"Array,Dynamic Programming,Bit Manipulation,Matrix,Bitmask",Algorithms
1481,Students With Invalid Departments,students-with-invalid-departments,Easy,89.78,True,Database,Database
1476,Count Negative Numbers in a Sorted Matrix,count-negative-numbers-in-a-sorted-matrix,Easy,79.52,False,"Array,Binary Search,Matrix",Algorithms
1477,Product of the Last K Numbers,product-of-the-last-k-numbers,Medium,62.87,False,"Array,Math,Design,Data Stream,Prefix Sum",Algorithms
1478,Maximum Number of Events That Can Be Attended,maximum-number-of-events-that-can-be-attended,Medium,38.89,False,"Array,Greedy,Sorting,Heap (Priority Queue)",Algorithms
1479,Construct Target Array With Multiple Sums,construct-target-array-with-multiple-sums,Hard,36.83,False,"Array,Heap (Priority Queue)",Algorithms
1494,Activity Participants,activity-participants,Medium,72.0,True,Database,Database
1458,Sort Integers by The Number of 1 Bits,sort-integers-by-the-number-of-1-bits,Easy,78.98,False,"Array,Bit Manipulation,Sorting,Counting",Algorithms
1459,Apply Discount Every n Orders,apply-discount-every-n-orders,Medium,65.32,False,"Array,Hash Table,Design",Algorithms
1460,Number of Substrings Containing All Three Characters,number-of-substrings-containing-all-three-characters,Medium,73.49,False,"Hash Table,String,Sliding Window",Algorithms
1461,Count All Valid Pickup and Delivery Options,count-all-valid-pickup-and-delivery-options,Hard,64.86,False,"Math,Dynamic Programming,Combinatorics",Algorithms
1274,Number of Days Between Two Dates,number-of-days-between-two-dates,Easy,52.33,False,"Math,String",Algorithms
1275,Validate Binary Tree Nodes,validate-binary-tree-nodes,Medium,44.06,False,"Tree,Depth-First Search,Breadth-First Search,Union-Find,Graph Theory,Binary Tree",Algorithms
1276,Closest Divisors,closest-divisors,Medium,62.02,False,Math,Algorithms
1277,Largest Multiple of Three,largest-multiple-of-three,Hard,33.14,False,"Array,Math,Dynamic Programming,Greedy,Sorting",Algorithms
1495,Number of Trusted Contacts of a Customer,number-of-trusted-contacts-of-a-customer,Medium,74.77,True,Database,Database
1482,How Many Numbers Are Smaller Than the Current Number,how-many-numbers-are-smaller-than-the-current-number,Easy,87.46,False,"Array,Hash Table,Sorting,Counting Sort",Algorithms
1483,Rank Teams by Votes,rank-teams-by-votes,Medium,60.02,False,"Array,Hash Table,String,Sorting,Counting",Algorithms
1484,Linked List in Binary Tree,linked-list-in-binary-tree,Medium,51.92,False,"Linked List,Tree,Depth-First Search,Binary Tree",Algorithms
1485,Minimum Cost to Make at Least One Valid Path in a Grid,minimum-cost-to-make-at-least-one-valid-path-in-a-grid,Hard,70.9,False,"Array,Breadth-First Search,Graph Theory,Heap (Priority Queue),Matrix,Shortest Path",Algorithms
1504,Get the Second Most Recent Activity,get-the-second-most-recent-activity,Hard,67.32,True,Database,Database
1472,Increasing Decreasing String,increasing-decreasing-string,Easy,77.22,False,"Hash Table,String,Counting",Algorithms
1473,Find the Longest Substring Containing Vowels in Even Counts,find-the-longest-substring-containing-vowels-in-even-counts,Medium,75.68,False,"Hash Table,String,Bit Manipulation,Prefix Sum",Algorithms
1474,Longest ZigZag Path in a Binary Tree,longest-zigzag-path-in-a-binary-tree,Medium,66.98,False,"Dynamic Programming,Tree,Depth-First Search,Binary Tree",Algorithms
1475,Maximum Sum BST in Binary Tree,maximum-sum-bst-in-binary-tree,Hard,46.39,False,"Dynamic Programming,Tree,Depth-First Search,Binary Search Tree,Binary Tree",Algorithms
1490,Generate a String With Characters That Have Odd Counts,generate-a-string-with-characters-that-have-odd-counts,Easy,78.48,False,String,Algorithms
1491,Number of Times Binary String Is Prefix-Aligned,number-of-times-binary-string-is-prefix-aligned,Medium,66.0,False,Array,Algorithms
1492,Time Needed to Inform All Employees,time-needed-to-inform-all-employees,Medium,60.42,False,"Tree,Depth-First Search,Breadth-First Search",Algorithms
1493,Frog Position After T Seconds,frog-position-after-t-seconds,Hard,37.83,False,"Tree,Depth-First Search,Breadth-First Search,Graph Theory",Algorithms
1509,Replace Employee ID With The Unique Identifier,replace-employee-id-with-the-unique-identifier,Easy,83.53,False,Database,Database
1498,Find a Corresponding Node of a Binary Tree in a Clone of That Tree,find-a-corresponding-node-of-a-binary-tree-in-a-clone-of-that-tree,Easy,85.83,False,"Tree,Depth-First Search,Breadth-First Search,Binary Tree",Algorithms
1496,Lucky Numbers in a Matrix,lucky-numbers-in-a-matrix,Easy,79.99,False,"Array,Matrix",Algorithms
1497,Design a Stack With Increment Operation,design-a-stack-with-increment-operation,Medium,79.95,False,"Array,Stack,Design",Algorithms
1285,Balance a Binary Search Tree,balance-a-binary-search-tree,Medium,86.3,False,"Divide and Conquer,Greedy,Tree,Depth-First Search,Binary Search Tree,Binary Tree",Algorithms
1499,Maximum Performance of a Team,maximum-performance-of-a-team,Hard,47.71,False,"Array,Greedy,Sorting,Heap (Priority Queue)",Algorithms
1518,Total Sales Amount by Year,total-sales-amount-by-year,Hard,61.25,True,Database,Database
1486,Find the Distance Value Between Two Arrays,find-the-distance-value-between-two-arrays,Easy,71.42,False,"Array,Two Pointers,Binary Search,Sorting",Algorithms
1487,Cinema Seat Allocation,cinema-seat-allocation,Medium,43.59,False,"Array,Hash Table,Greedy,Bit Manipulation",Algorithms
1488,Sort Integers by The Power Value,sort-integers-by-the-power-value,Medium,71.54,False,"Dynamic Programming,Memoization,Sorting",Algorithms
1489,Pizza With 3n Slices,pizza-with-3n-slices,Hard,53.73,False,"Array,Dynamic Programming,Greedy,Heap (Priority Queue)",Algorithms
1505,Create Target Array in the Given Order,create-target-array-in-the-given-order,Easy,86.46,False,"Array,Simulation",Algorithms
1284,Four Divisors,four-divisors,Medium,56.64,False,"Array,Math",Algorithms
1507,Check if There is a Valid Path in a Grid,check-if-there-is-a-valid-path-in-a-grid,Medium,49.96,False,"Array,Depth-First Search,Breadth-First Search,Union-Find,Matrix",Algorithms
1508,Longest Happy Prefix,longest-happy-prefix,Hard,51.63,False,"String,Rolling Hash,String Matching,Hash Function",Algorithms
1523,Capital Gain/Loss,capital-gainloss,Medium,84.63,False,Database,Database
1510,Find Lucky Integer in an Array,find-lucky-integer-in-an-array,Easy,75.49,False,"Array,Hash Table,Counting",Algorithms
1511,Count Number of Teams,count-number-of-teams,Medium,70.15,False,"Array,Dynamic Programming,Binary Indexed Tree,Segment Tree",Algorithms
1512,Design Underground System,design-underground-system,Medium,74.37,False,"Hash Table,String,Design",Algorithms
1513,Find All Good Strings,find-all-good-strings,Hard,45.01,False,"String,Dynamic Programming,String Matching",Algorithms
1536,Customers Who Bought Products A and B but Not C,customers-who-bought-products-a-and-b-but-not-c,Medium,71.52,True,Database,Database
1500,Count Largest Group,count-largest-group,Easy,74.72,False,"Hash Table,Math",Algorithms
1502,Construct K Palindrome Strings,construct-k-palindrome-strings,Medium,68.58,False,"Hash Table,String,Greedy,Counting",Algorithms
1501,Circle and Rectangle Overlapping,circle-and-rectangle-overlapping,Medium,49.78,False,"Math,Geometry",Algorithms
1503,Reducing Dishes,reducing-dishes,Hard,76.64,False,"Array,Dynamic Programming,Greedy,Sorting",Algorithms
1519,Minimum Subsequence in Non-Increasing Order,minimum-subsequence-in-non-increasing-order,Easy,73.57,False,"Array,Greedy,Sorting",Algorithms
1520,Number of Steps to Reduce a Number in Binary Representation to One,number-of-steps-to-reduce-a-number-in-binary-representation-to-one,Medium,61.34,False,"String,Bit Manipulation,Simulation",Algorithms
1304,Longest Happy String,longest-happy-string,Medium,65.5,False,"String,Greedy,Heap (Priority Queue)",Algorithms
1522,Stone Game III,stone-game-iii,Hard,63.29,False,"Array,Math,Dynamic Programming,Game Theory",Algorithms
1541,Top Travellers,top-travellers,Easy,57.1,False,Database,Database
1524,String Matching in an Array,string-matching-in-an-array,Easy,69.74,False,"Array,String,String Matching",Algorithms
1525,Queries on a Permutation With Key,queries-on-a-permutation-with-key,Medium,84.84,False,"Array,Binary Indexed Tree,Simulation",Algorithms
1526,HTML Entity Parser,html-entity-parser,Medium,50.27,False,"Hash Table,String",Algorithms
1527,Number of Ways to Paint N × 3 Grid,number-of-ways-to-paint-n-3-grid,Hard,80.54,False,Dynamic Programming,Algorithms
1546,Find the Quiet Students in All Exams,find-the-quiet-students-in-all-exams,Hard,58.11,True,Database,Database
1514,Minimum Value to Get Positive Step by Step Sum,minimum-value-to-get-positive-step-by-step-sum,Easy,64.58,False,"Array,Prefix Sum",Algorithms
1515,Find the Minimum Number of Fibonacci Numbers Whose Sum Is K,find-the-minimum-number-of-fibonacci-numbers-whose-sum-is-k,Medium,64.82,False,"Math,Greedy",Algorithms
1516,The k-th Lexicographical String of All Happy Strings of Length n,the-k-th-lexicographical-string-of-all-happy-strings-of-length-n,Medium,85.29,False,"String,Backtracking",Algorithms
1517,Restore The Array,restore-the-array,Hard,46.75,False,"String,Dynamic Programming",Algorithms
1532,Reformat The String,reformat-the-string,Easy,52.12,False,String,Algorithms
1533,Display Table of Food Orders in a Restaurant,display-table-of-food-orders-in-a-restaurant,Medium,76.36,False,"Array,Hash Table,String,Sorting,Ordered Set",Algorithms
1534,Minimum Number of Frogs Croaking,minimum-number-of-frogs-croaking,Medium,51.12,False,"String,Counting",Algorithms
1535,Build Array Where You Can Find The Maximum Exactly K Comparisons,build-array-where-you-can-find-the-maximum-exactly-k-comparisons,Hard,65.93,False,"Dynamic Programming,Prefix Sum",Algorithms
1551,NPV Queries,npv-queries,Easy,82.92,True,Database,Database
1537,Maximum Score After Splitting a String,maximum-score-after-splitting-a-string,Easy,65.07,False,"String,Prefix Sum",Algorithms
1538,Maximum Points You Can Obtain from Cards,maximum-points-you-can-obtain-from-cards,Medium,57.23,False,"Array,Sliding Window,Prefix Sum",Algorithms
1539,Diagonal Traverse II,diagonal-traverse-ii,Medium,58.3,False,"Array,Sorting,Heap (Priority Queue)",Algorithms
1286,Constrained Subsequence Sum,constrained-subsequence-sum,Hard,56.37,False,"Array,Dynamic Programming,Queue,Sliding Window,Heap (Priority Queue),Monotonic Queue",Algorithms
1391,Counting Elements,counting-elements,Easy,60.72,True,"Array,Hash Table",Algorithms
1345,Perform String Shifts,perform-string-shifts,Easy,55.96,True,"Array,Math,String",Algorithms
1374,Leftmost Column with at Least a One,leftmost-column-with-at-least-a-one,Medium,55.06,True,"Array,Binary Search,Matrix,Interactive",Algorithms
1366,First Unique Number,first-unique-number,Medium,56.99,True,"Array,Hash Table,Design,Queue,Data Stream",Algorithms
1432,Check If a String Is a Valid Sequence from Root to Leaves Path in a Binary Tree,check-if-a-string-is-a-valid-sequence-from-root-to-leaves-path-in-a-binary-tree,Medium,47.47,True,"Tree,Depth-First Search,Breadth-First Search,Binary Tree",Algorithms
1528,Kids With the Greatest Number of Candies,kids-with-the-greatest-number-of-candies,Easy,88.05,False,Array,Algorithms
1529,Max Difference You Can Get From Changing an Integer,max-difference-you-can-get-from-changing-an-integer,Medium,48.8,False,"Math,Greedy",Algorithms
1530,Check If a String Can Break Another String,check-if-a-string-can-break-another-string,Medium,70.86,False,"String,Greedy,Sorting",Algorithms
1531,Number of Ways to Wear Different Hats to Each Other,number-of-ways-to-wear-different-hats-to-each-other,Hard,45.67,False,"Array,Dynamic Programming,Bit Manipulation,Bitmask",Algorithms
1564,Create a Session Bar Chart,create-a-session-bar-chart,Easy,74.41,True,Database,Database
1547,Destination City,destination-city,Easy,79.49,False,"Array,Hash Table,String",Algorithms
1548,Check If All 1's Are at Least Length K Places Away,check-if-all-1s-are-at-least-length-k-places-away,Easy,64.26,False,Array,Algorithms
1549,Longest Continuous Subarray With Absolute Diff Less Than or Equal to Limit,longest-continuous-subarray-with-absolute-diff-less-than-or-equal-to-limit,Medium,57.33,False,"Array,Queue,Sliding Window,Heap (Priority Queue),Ordered Set,Monotonic Queue",Algorithms
1550,Find the Kth Smallest Sum of a Matrix With Sorted Rows,find-the-kth-smallest-sum-of-a-matrix-with-sorted-rows,Hard,62.27,False,"Array,Binary Search,Heap (Priority Queue),Matrix",Algorithms
1565,Evaluate Boolean Expression,evaluate-boolean-expression,Medium,71.78,True,Database,Database
1552,Build an Array With Stack Operations,build-an-array-with-stack-operations,Medium,80.99,False,"Array,Stack,Simulation",Algorithms
1553,Count Triplets That Can Form Two Arrays of Equal XOR,count-triplets-that-can-form-two-arrays-of-equal-xor,Medium,84.84,False,"Array,Hash Table,Math,Bit Manipulation,Prefix Sum",Algorithms
1554,Minimum Time to Collect All Apples in a Tree,minimum-time-to-collect-all-apples-in-a-tree,Medium,63.53,False,"Hash Table,Tree,Depth-First Search,Breadth-First Search",Algorithms
1555,Number of Ways of Cutting a Pizza,number-of-ways-of-cutting-a-pizza,Hard,61.57,False,"Array,Dynamic Programming,Memoization,Matrix,Prefix Sum",Algorithms
1578,Apples & Oranges,apples-oranges,Medium,86.02,True,Database,Database
1542,Consecutive Characters,consecutive-characters,Easy,60.31,False,String,Algorithms
1543,Simplified Fractions,simplified-fractions,Medium,69.6,False,"Math,String,Number Theory",Algorithms
1544,Count Good Nodes in Binary Tree,count-good-nodes-in-binary-tree,Medium,73.75,False,"Tree,Depth-First Search,Breadth-First Search,Binary Tree",Algorithms
1545,Form Largest Integer With Digits That Add up to Target,form-largest-integer-with-digits-that-add-up-to-target,Hard,49.49,False,"Array,Dynamic Programming",Algorithms
1560,Number of Students Doing Homework at a Given Time,number-of-students-doing-homework-at-a-given-time,Easy,75.79,False,Array,Algorithms
1561,Rearrange Words in a Sentence,rearrange-words-in-a-sentence,Medium,66.86,False,"String,Sorting",Algorithms
1562,People Whose List of Favorite Companies Is Not a Subset of Another List,people-whose-list-of-favorite-companies-is-not-a-subset-of-another-list,Medium,60.49,False,"Array,Hash Table,String",Algorithms
1563,Maximum Number of Darts Inside of a Circular Dartboard,maximum-number-of-darts-inside-of-a-circular-dartboard,Hard,40.07,False,"Array,Math,Geometry",Algorithms
1579,Active Users,active-users,Medium,36.6,True,Database,Database
1566,Check If a Word Occurs As a Prefix of Any Word in a Sentence,check-if-a-word-occurs-as-a-prefix-of-any-word-in-a-sentence,Easy,68.76,False,"Two Pointers,String,String Matching",Algorithms
1567,Maximum Number of Vowels in a Substring of Given Length,maximum-number-of-vowels-in-a-substring-of-given-length,Medium,61.51,False,"String,Sliding Window",Algorithms
1568,Pseudo-Palindromic Paths in a Binary Tree,pseudo-palindromic-paths-in-a-binary-tree,Medium,68.37,False,"Bit Manipulation,Tree,Depth-First Search,Breadth-First Search,Binary Tree",Algorithms
1569,Max Dot Product of Two Subsequences,max-dot-product-of-two-subsequences,Hard,69.3,False,"Array,Dynamic Programming",Algorithms
1607,Rectangles Area,rectangles-area,Medium,68.7,True,Database,Database
1556,Make Two Arrays Equal by Reversing Subarrays,make-two-arrays-equal-by-reversing-subarrays,Easy,75.81,False,"Array,Hash Table,Sorting",Algorithms
1557,Check If a String Contains All Binary Codes of Size K,check-if-a-string-contains-all-binary-codes-of-size-k,Medium,56.92,False,"Hash Table,String,Bit Manipulation,Rolling Hash,Hash Function",Algorithms
1558,Course Schedule IV,course-schedule-iv,Medium,59.71,False,"Depth-First Search,Breadth-First Search,Graph Theory,Topological Sort",Algorithms
1559,Cherry Pickup II,cherry-pickup-ii,Hard,72.28,False,"Array,Dynamic Programming,Matrix",Algorithms
1574,Maximum Product of Two Elements in an Array,maximum-product-of-two-elements-in-an-array,Easy,83.53,False,"Array,Sorting,Heap (Priority Queue)",Algorithms
1575,Maximum Area of a Piece of Cake After Horizontal and Vertical Cuts,maximum-area-of-a-piece-of-cake-after-horizontal-and-vertical-cuts,Medium,41.39,False,"Array,Greedy,Sorting",Algorithms
1576,Reorder Routes to Make All Paths Lead to the City Zero,reorder-routes-to-make-all-paths-lead-to-the-city-zero,Medium,65.6,False,"Depth-First Search,Breadth-First Search,Graph Theory",Algorithms
1577,Probability of a Two Boxes Having The Same Number of Distinct Balls,probability-of-a-two-boxes-having-the-same-number-of-distinct-balls,Hard,60.94,False,"Array,Math,Dynamic Programming,Backtracking,Combinatorics,Probability and Statistics",Algorithms
1608,Calculate Salaries,calculate-salaries,Medium,77.37,True,Database,Database
1609,Find All The Lonely Nodes,find-all-the-lonely-nodes,Easy,84.1,True,"Tree,Depth-First Search,Breadth-First Search,Binary Tree",Algorithms
1580,Shuffle the Array,shuffle-the-array,Easy,88.95,False,Array,Algorithms
1581,The k Strongest Values in an Array,the-k-strongest-values-in-an-array,Medium,62.57,False,"Array,Two Pointers,Sorting",Algorithms
1582,Design Browser History,design-browser-history,Medium,78.17,False,"Array,Linked List,Stack,Design,Doubly-Linked List,Data Stream",Algorithms
1583,Paint House III,paint-house-iii,Hard,61.16,False,"Array,Dynamic Programming",Algorithms
1618,Delete N Nodes After M Nodes of a Linked List,delete-n-nodes-after-m-nodes-of-a-linked-list,Easy,74.43,True,Linked List,Algorithms
1570,Final Prices With a Special Discount in a Shop,final-prices-with-a-special-discount-in-a-shop,Easy,83.99,False,"Array,Stack,Monotonic Stack",Algorithms
1572,Subrectangle Queries,subrectangle-queries,Medium,86.26,False,"Array,Design,Matrix",Algorithms
1573,Find Two Non-overlapping Sub-arrays Each With Target Sum,find-two-non-overlapping-sub-arrays-each-with-target-sum,Medium,36.73,False,"Array,Hash Table,Binary Search,Dynamic Programming,Sliding Window",Algorithms
1571,Allocate Mailboxes,allocate-mailboxes,Hard,56.43,False,"Array,Math,Dynamic Programming,Sorting",Algorithms
1623,Sales by Day of the Week,sales-by-day-of-the-week,Hard,76.3,True,Database,Database
1603,Running Sum of 1d Array,running-sum-of-1d-array,Easy,86.9,False,"Array,Prefix Sum",Algorithms
1604,Least Number of Unique Integers after K Removals,least-number-of-unique-integers-after-k-removals,Medium,63.73,False,"Array,Hash Table,Greedy,Sorting,Counting",Algorithms
1605,Minimum Number of Days to Make m Bouquets,minimum-number-of-days-to-make-m-bouquets,Medium,56.22,False,"Array,Binary Search",Algorithms
1296,Kth Ancestor of a Tree Node,kth-ancestor-of-a-tree-node,Hard,37.09,False,"Binary Search,Dynamic Programming,Bit Manipulation,Tree,Depth-First Search,Breadth-First Search,Design",Algorithms
1625,Group Sold Products By The Date,group-sold-products-by-the-date,Easy,77.86,False,Database,Database
1624,Clone Binary Tree With Random Pointer,clone-binary-tree-with-random-pointer,Medium,80.88,True,"Hash Table,Tree,Depth-First Search,Breadth-First Search,Binary Tree",Algorithms
1610,XOR Operation in an Array,xor-operation-in-an-array,Easy,87.4,False,"Math,Bit Manipulation",Algorithms
1611,Making File Names Unique,making-file-names-unique,Medium,38.4,False,"Array,Hash Table,String",Algorithms
1612,Avoid Flood in The City,avoid-flood-in-the-city,Medium,38.96,False,"Array,Hash Table,Binary Search,Greedy,Heap (Priority Queue)",Algorithms
1613,Find Critical and Pseudo-Critical Edges in Minimum Spanning Tree,find-critical-and-pseudo-critical-edges-in-minimum-spanning-tree,Hard,66.32,False,"Union-Find,Graph Theory,Sorting,Minimum Spanning Tree,Strongly Connected Component",Algorithms
1634,Clone N-ary Tree,clone-n-ary-tree,Medium,83.09,True,"Hash Table,Tree,Depth-First Search,Breadth-First Search",Algorithms
1584,Average Salary Excluding the Minimum and Maximum Salary,average-salary-excluding-the-minimum-and-maximum-salary,Easy,63.53,False,"Array,Sorting",Algorithms
1585,The kth Factor of n,the-kth-factor-of-n,Medium,70.16,False,"Math,Number Theory",Algorithms
1586,Longest Subarray of 1's After Deleting One Element,longest-subarray-of-1s-after-deleting-one-element,Medium,71.05,False,"Array,Dynamic Programming,Sliding Window",Algorithms
1587,Parallel Courses II,parallel-courses-ii,Hard,30.5,False,"Dynamic Programming,Bit Manipulation,Graph Theory,Bitmask",Algorithms
1639,Friendly Movies Streamed Last Month,friendly-movies-streamed-last-month,Easy,48.87,True,Database,Database
1619,Path Crossing,path-crossing,Easy,62.55,False,"Hash Table,String",Algorithms
1620,Check If Array Pairs Are Divisible by k,check-if-array-pairs-are-divisible-by-k,Medium,46.17,False,"Array,Hash Table,Counting",Algorithms
1621,Number of Subsequences That Satisfy the Given Sum Condition,number-of-subsequences-that-satisfy-the-given-sum-condition,Medium,49.26,False,"Array,Two Pointers,Binary Search,Sorting",Algorithms
1622,Max Value of Equation,max-value-of-equation,Hard,44.94,False,"Array,Queue,Sliding Window,Heap (Priority Queue),Monotonic Queue",Algorithms
1640,Design a File Sharing System,design-a-file-sharing-system,Medium,41.59,True,"Hash Table,Design,Sorting,Heap (Priority Queue),Data Stream",Algorithms
1641,Countries You Can Safely Invest In,countries-you-can-safely-invest-in,Medium,50.62,True,Database,Database
1626,Can Make Arithmetic Progression From Sequence,can-make-arithmetic-progression-from-sequence,Easy,69.18,False,"Array,Sorting",Algorithms
1627,Last Moment Before All Ants Fall Out of a Plank,last-moment-before-all-ants-fall-out-of-a-plank,Medium,68.2,False,"Array,Brainteaser,Simulation",Algorithms
1628,Count Submatrices With All Ones,count-submatrices-with-all-ones,Medium,71.06,False,"Array,Dynamic Programming,Stack,Matrix,Monotonic Stack",Algorithms
1629,Minimum Possible Integer After at Most K Adjacent Swaps On Digits,minimum-possible-integer-after-at-most-k-adjacent-swaps-on-digits,Hard,40.99,False,"String,Greedy,Binary Indexed Tree,Segment Tree",Algorithms
1650,Find Root of N-Ary Tree,find-root-of-n-ary-tree,Medium,78.58,True,"Hash Table,Bit Manipulation,Tree,Depth-First Search",Algorithms
1283,Reformat Date,reformat-date,Easy,68.23,False,String,Algorithms
1615,Range Sum of Sorted Subarray Sums,range-sum-of-sorted-subarray-sums,Medium,63.08,False,"Array,Two Pointers,Binary Search,Sorting,Prefix Sum",Algorithms
1616,Minimum Difference Between Largest and Smallest Value in Three Moves,minimum-difference-between-largest-and-smallest-value-in-three-moves,Medium,59.21,False,"Array,Greedy,Sorting",Algorithms
1617,Stone Game IV,stone-game-iv,Hard,59.55,False,"Math,Dynamic Programming,Game Theory",Algorithms
1654,Customer Order Frequency,customer-order-frequency,Easy,66.46,True,Database,Database
1635,Number of Good Pairs,number-of-good-pairs,Easy,89.77,False,"Array,Hash Table,Math,Counting",Algorithms
1636,Number of Substrings With Only 1s,number-of-substrings-with-only-1s,Medium,57.41,False,"Math,String",Algorithms
1325,Path with Maximum Probability,path-with-maximum-probability,Medium,65.45,False,"Array,Graph Theory,Heap (Priority Queue),Shortest Path",Algorithms
1638,Best Position for a Service Centre,best-position-for-a-service-centre,Hard,35.15,False,"Array,Math,Geometry,Randomized",Algorithms
1655,Move Sub-Tree of N-Ary Tree,move-sub-tree-of-n-ary-tree,Hard,59.75,True,"Tree,Depth-First Search",Algorithms
1664,Find Users With Valid E-Mails,find-users-with-valid-e-mails,Easy,36.78,False,Database,Database
1642,Water Bottles,water-bottles,Easy,72.58,False,"Math,Simulation",Algorithms
1643,Number of Nodes in the Sub-Tree With the Same Label,number-of-nodes-in-the-sub-tree-with-the-same-label,Medium,55.34,False,"Hash Table,Tree,Depth-First Search,Breadth-First Search,Counting",Algorithms
1644,Maximum Number of Non-Overlapping Substrings,maximum-number-of-non-overlapping-substrings,Hard,41.38,False,"Hash Table,String,Greedy,Sorting",Algorithms
1645,Find a Value of a Mysterious Function Closest to Target,find-a-value-of-a-mysterious-function-closest-to-target,Hard,46.93,False,"Array,Binary Search,Bit Manipulation,Segment Tree",Algorithms
1665,Diameter of N-Ary Tree,diameter-of-n-ary-tree,Medium,75.44,True,"Tree,Depth-First Search",Algorithms
1630,Count Odd Numbers in an Interval Range,count-odd-numbers-in-an-interval-range,Easy,54.35,False,Math,Algorithms
1631,Number of Sub-arrays With Odd Sum,number-of-sub-arrays-with-odd-sum,Medium,55.77,False,"Array,Math,Dynamic Programming,Prefix Sum",Algorithms
1632,Number of Good Ways to Split a String,number-of-good-ways-to-split-a-string,Medium,68.43,False,"Hash Table,String,Dynamic Programming,Bit Manipulation",Algorithms
1633,Minimum Number of Increments on Subarrays to Form a Target Array,minimum-number-of-increments-on-subarrays-to-form-a-target-array,Hard,78.14,False,"Array,Dynamic Programming,Stack,Greedy,Monotonic Stack",Algorithms
1670,Patients With a Condition,patients-with-a-condition,Easy,38.77,False,Database,Database
1651,Shuffle String,shuffle-string,Easy,85.34,False,"Array,String",Algorithms
1652,Minimum Suffix Flips,minimum-suffix-flips,Medium,73.89,False,"String,Greedy",Algorithms
1653,Number of Good Leaf Nodes Pairs,number-of-good-leaf-nodes-pairs,Medium,71.78,False,"Tree,Depth-First Search,Binary Tree",Algorithms
1637,String Compression II,string-compression-ii,Hard,52.19,False,"String,Dynamic Programming",Algorithms
1671,The Most Recent Three Orders,the-most-recent-three-orders,Medium,69.1,True,Database,Database
1672,Find the Index of the Large Integer,find-the-index-of-the-large-integer,Medium,56.54,True,"Array,Binary Search,Interactive",Algorithms
1656,Count Good Triplets,count-good-triplets,Easy,85.51,False,"Array,Enumeration",Algorithms
1657,Find the Winner of an Array Game,find-the-winner-of-an-array-game,Medium,56.82,False,"Array,Simulation",Algorithms
1658,Minimum Swaps to Arrange a Binary Grid,minimum-swaps-to-arrange-a-binary-grid,Medium,49.17,False,"Array,Greedy,Matrix",Algorithms
1659,Get the Maximum Score,get-the-maximum-score,Hard,40.8,False,"Array,Two Pointers,Dynamic Programming,Greedy",Algorithms
1681,Guess the Majority in a Hidden Array,guess-the-majority-in-a-hidden-array,Medium,69.27,True,"Array,Math,Interactive",Algorithms
1646,Kth Missing Positive Number,kth-missing-positive-number,Easy,63.21,False,"Array,Binary Search",Algorithms
1647,Can Convert String in K Moves,can-convert-string-in-k-moves,Medium,37.01,False,"Hash Table,String",Algorithms
1648,Minimum Insertions to Balance a Parentheses String,minimum-insertions-to-balance-a-parentheses-string,Medium,53.48,False,"String,Stack,Greedy",Algorithms
1668,Find Longest Awesome Substring,find-longest-awesome-substring,Hard,46.5,False,"Hash Table,String,Bit Manipulation",Algorithms
1686,Fix Product Name Format,fix-product-name-format,Easy,58.79,True,Database,Database
1666,Make The String Great,make-the-string-great,Easy,68.4,False,"String,Stack",Algorithms
1667,Find Kth Bit in Nth Binary String,find-kth-bit-in-nth-binary-string,Medium,70.19,False,"String,Recursion,Simulation",Algorithms
1649,Maximum Number of Non-Overlapping Subarrays With Sum Equals Target,maximum-number-of-non-overlapping-subarrays-with-sum-equals-target,Medium,48.75,False,"Array,Hash Table,Greedy,Prefix Sum",Algorithms
1669,Minimum Cost to Cut a Stick,minimum-cost-to-cut-a-stick,Hard,62.78,False,"Array,Dynamic Programming,Sorting",Algorithms
1687,The Most Similar Path in a Graph,the-most-similar-path-in-a-graph,Hard,59.4,True,"Dynamic Programming,Graph Theory",Algorithms
1688,The Most Recent Orders for Each Product,the-most-recent-orders-for-each-product,Medium,65.01,True,Database,Database
1293,Three Consecutive Odds,three-consecutive-odds,Easy,69.35,False,Array,Algorithms
1674,Minimum Operations to Make Array Equal,minimum-operations-to-make-array-equal,Medium,82.68,False,Math,Algorithms
1675,Magnetic Force Between Two Balls,magnetic-force-between-two-balls,Medium,71.87,False,"Array,Binary Search,Sorting",Algorithms
1676,Minimum Number of Days to Eat N Oranges,minimum-number-of-days-to-eat-n-oranges,Hard,36.07,False,"Dynamic Programming,Memoization",Algorithms
1697,Strings Differ by One Character,strings-differ-by-one-character,Medium,40.15,True,"Hash Table,String,Rolling Hash,Hash Function",Algorithms
1702,Bank Account Summary,bank-account-summary,Medium,52.11,True,Database,Database
1660,Thousand Separator,thousand-separator,Easy,53.64,False,String,Algorithms
1661,Minimum Number of Vertices to Reach All Nodes,minimum-number-of-vertices-to-reach-all-nodes,Medium,81.49,False,Graph Theory,Algorithms
1662,Minimum Numbers of Function Calls to Make Target Array,minimum-numbers-of-function-calls-to-make-target-array,Medium,62.81,False,"Array,Greedy,Bit Manipulation",Algorithms
1663,Detect Cycles in 2D Grid,detect-cycles-in-2d-grid,Medium,52.38,False,"Array,Depth-First Search,Breadth-First Search,Union-Find,Matrix",Algorithms
1682,Most Visited Sector in  a Circular Track,most-visited-sector-in-a-circular-track,Easy,59.8,False,"Array,Simulation",Algorithms
1683,Maximum Number of Coins You Can Get,maximum-number-of-coins-you-can-get,Medium,84.75,False,"Array,Math,Greedy,Sorting,Game Theory",Algorithms
1684,Find Latest Group of Size M,find-latest-group-of-size-m,Medium,43.73,False,"Array,Hash Table,Binary Search,Simulation",Algorithms
1685,Stone Game V,stone-game-v,Hard,41.6,False,"Array,Math,Dynamic Programming,Game Theory",Algorithms
1703,Put Boxes Into the Warehouse I,put-boxes-into-the-warehouse-i,Medium,67.39,True,"Array,Greedy,Sorting",Algorithms
1712,Unique Orders and Customers Per Month,unique-orders-and-customers-per-month,Easy,81.96,True,Database,Database
1689,Detect Pattern of Length M Repeated K or More Times,detect-pattern-of-length-m-repeated-k-or-more-times,Easy,43.75,False,"Array,Enumeration",Algorithms
1690,Maximum Length of Subarray With Positive Product,maximum-length-of-subarray-with-positive-product,Medium,44.63,False,"Array,Dynamic Programming,Greedy",Algorithms
1691,Minimum Number of Days to Disconnect Island,minimum-number-of-days-to-disconnect-island,Hard,58.8,False,"Array,Depth-First Search,Breadth-First Search,Matrix,Strongly Connected Component",Algorithms
1692,Number of Ways to Reorder Array to Get Same BST,number-of-ways-to-reorder-array-to-get-same-bst,Hard,53.96,False,"Array,Math,Divide and Conquer,Dynamic Programming,Tree,Union-Find,Binary Search Tree,Memoization,Combinatorics,Binary Tree",Algorithms
1713,Dot Product of Two Sparse Vectors,dot-product-of-two-sparse-vectors,Medium,89.91,True,"Array,Hash Table,Two Pointers,Design",Algorithms
1718,Warehouse Manager,warehouse-manager,Easy,87.26,True,Database,Database
1677,Matrix Diagonal Sum,matrix-diagonal-sum,Easy,84.14,False,"Array,Matrix",Algorithms
1678,Number of Ways to Split a String,number-of-ways-to-split-a-string,Medium,34.49,False,"Math,String",Algorithms
1679,Shortest Subarray to be Removed to Make Array Sorted,shortest-subarray-to-be-removed-to-make-array-sorted,Medium,51.29,False,"Array,Two Pointers,Binary Search,Stack,Monotonic Stack",Algorithms
1680,Count All Possible Routes,count-all-possible-routes,Hard,64.88,False,"Array,Dynamic Programming,Memoization",Algorithms
1698,Replace All ?'s to Avoid Consecutive Repeating Characters,replace-all-s-to-avoid-consecutive-repeating-characters,Easy,45.23,False,String,Algorithms
1699,Number of Ways Where Square of Number Is Equal to Product of Two Numbers,number-of-ways-where-square-of-number-is-equal-to-product-of-two-numbers,Medium,43.17,False,"Array,Hash Table,Math,Two Pointers",Algorithms
1700,Minimum Time to Make Rope Colorful,minimum-time-to-make-rope-colorful,Medium,65.22,False,"Array,String,Dynamic Programming,Greedy",Algorithms
1701,Remove Max Number of Edges to Keep Graph Fully Traversable,remove-max-number-of-edges-to-keep-graph-fully-traversable,Hard,70.23,False,"Union-Find,Graph Theory",Algorithms
1719,Put Boxes Into the Warehouse II,put-boxes-into-the-warehouse-ii,Medium,65.74,True,"Array,Greedy,Sorting",Algorithms
1724,Customer Who Visited but Did Not Make Any Transactions,customer-who-visited-but-did-not-make-any-transactions,Easy,67.59,False,Database,Database
1704,Special Positions in a Binary Matrix,special-positions-in-a-binary-matrix,Easy,68.82,False,"Array,Matrix",Algorithms
1705,Count Unhappy Friends,count-unhappy-friends,Medium,62.51,False,"Array,Simulation",Algorithms
1706,Min Cost to Connect All Points,min-cost-to-connect-all-points,Medium,70.33,False,"Array,Union-Find,Graph Theory,Minimum Spanning Tree",Algorithms
1707,Check If String Is Transformable With Substring Sort Operations,check-if-string-is-transformable-with-substring-sort-operations,Hard,51.08,False,"String,Greedy,Sorting",Algorithms
1729,Binary Search Tree Iterator II,binary-search-tree-iterator-ii,Medium,63.34,True,"Stack,Tree,Design,Binary Search Tree,Binary Tree,Iterator",Algorithms
1734,Bank Account Summary II,bank-account-summary-ii,Easy,82.98,False,Database,Database
1693,Sum of All Odd Length Subarrays,sum-of-all-odd-length-subarrays,Easy,83.9,False,"Array,Math,Prefix Sum",Algorithms
1695,Maximum Sum Obtained of Any Permutation,maximum-sum-obtained-of-any-permutation,Medium,40.33,False,"Array,Greedy,Sorting,Prefix Sum",Algorithms
1694,Make Sum Divisible by P,make-sum-divisible-by-p,Medium,42.62,False,"Array,Hash Table,Prefix Sum",Algorithms
1696,Strange Printer II,strange-printer-ii,Hard,60.6,False,"Array,Graph Theory,Topological Sort,Matrix",Algorithms
1714,Rearrange Spaces Between Words,rearrange-spaces-between-words,Easy,44.13,False,String,Algorithms
1715,Split a String Into the Max Number of Unique Substrings,split-a-string-into-the-max-number-of-unique-substrings,Medium,68.59,False,"Hash Table,String,Backtracking",Algorithms
1716,Maximum Non Negative Product in a Matrix,maximum-non-negative-product-in-a-matrix,Medium,35.71,False,"Array,Dynamic Programming,Matrix",Algorithms
1717,Minimum Cost to Connect Two Groups of Points,minimum-cost-to-connect-two-groups-of-points,Hard,49.54,False,"Array,Dynamic Programming,Bit Manipulation,Matrix,Bitmask",Algorithms
1735,The Most Frequently Ordered Products for Each Customer,the-most-frequently-ordered-products-for-each-customer,Medium,77.7,True,Database,Database
1736,Build Binary Expression Tree From Infix Expression,build-binary-expression-tree-from-infix-expression,Hard,62.75,True,"String,Stack,Tree,Binary Tree",Algorithms
1720,Crawler Log Folder,crawler-log-folder,Easy,71.62,False,"Array,String,Stack",Algorithms
1721,Maximum Profit of Operating a Centennial Wheel,maximum-profit-of-operating-a-centennial-wheel,Medium,44.52,False,"Array,Simulation",Algorithms
1722,Throne Inheritance,throne-inheritance,Medium,66.78,False,"Hash Table,Tree,Depth-First Search,Design",Algorithms
1723,Maximum Number of Achievable Transfer Requests,maximum-number-of-achievable-transfer-requests,Hard,64.61,False,"Array,Backtracking,Bit Manipulation,Enumeration",Algorithms
1745,Find Nearest Right Node in Binary Tree,find-nearest-right-node-in-binary-tree,Medium,75.08,True,"Tree,Breadth-First Search,Binary Tree",Algorithms
1708,Design Parking System,design-parking-system,Easy,87.15,False,"Design,Simulation,Counting",Algorithms
1709,Alert Using Same Key-Card Three or More Times in a One Hour Period,alert-using-same-key-card-three-or-more-times-in-a-one-hour-period,Medium,46.14,False,"Array,Hash Table,String,Sorting",Algorithms
1711,Find Valid Matrix Given Row and Column Sums,find-valid-matrix-given-row-and-column-sums,Medium,82.69,False,"Array,Greedy,Matrix",Algorithms
1710,Find Servers That Handled Most Number of Requests,find-servers-that-handled-most-number-of-requests,Hard,45.17,False,"Array,Heap (Priority Queue),Simulation,Ordered Set",Algorithms
1749,Sellers With No Sales,sellers-with-no-sales,Easy,54.28,True,Database,Database
1730,Special Array With X Elements Greater Than or Equal X,special-array-with-x-elements-greater-than-or-equal-x,Easy,66.77,False,"Array,Binary Search,Sorting",Algorithms
1731,Even Odd Tree,even-odd-tree,Medium,67.02,False,"Tree,Breadth-First Search,Binary Tree",Algorithms
1733,Maximum Number of Visible Points,maximum-number-of-visible-points,Hard,37.94,False,"Array,Math,Geometry,Sliding Window,Sorting",Algorithms
1732,Minimum One Bit Operations to Make Integers Zero,minimum-one-bit-operations-to-make-integers-zero,Hard,78.45,False,"Math,Dynamic Programming,Bit Manipulation,Recursion,Memoization",Algorithms
1750,Check If Two Expression Trees are Equivalent,check-if-two-expression-trees-are-equivalent,Medium,71.73,True,"Hash Table,Tree,Depth-First Search,Binary Tree,Counting",Algorithms
1759,Find the Missing IDs,find-the-missing-ids,Medium,72.93,True,Database,Database
1737,Maximum Nesting Depth of the Parentheses,maximum-nesting-depth-of-the-parentheses,Easy,84.77,False,"String,Stack",Algorithms
1738,Maximal Network Rank,maximal-network-rank,Medium,65.86,False,Graph Theory,Algorithms
1739,Split Two Strings to Make Palindrome,split-two-strings-to-make-palindrome,Medium,32.1,False,"Two Pointers,String",Algorithms
1740,Count Subtrees With Max Distance Between Cities,count-subtrees-with-max-distance-between-cities,Hard,67.25,False,"Dynamic Programming,Bit Manipulation,Tree,Enumeration,Bitmask",Algorithms
1384,Maximum Font to Fit a Sentence in a Screen,maximum-font-to-fit-a-sentence-in-a-screen,Medium,61.91,True,"Array,String,Binary Search,Interactive",Algorithms
1210,Mean of Array After Removing Some Elements,mean-of-array-after-removing-some-elements,Easy,71.48,False,"Array,Sorting",Algorithms
1726,Coordinate With Maximum Network Quality,coordinate-with-maximum-network-quality,Medium,39.26,False,"Array,Enumeration",Algorithms
1725,Number of Sets of K Non-Overlapping Line Segments,number-of-sets-of-k-non-overlapping-line-segments,Medium,45.57,False,"Math,Dynamic Programming,Combinatorics,Prefix Sum",Algorithms
1728,Fancy Sequence,fancy-sequence,Hard,18.56,False,"Math,Design,Segment Tree",Algorithms
1763,All Valid Triplets That Can Represent a Country,all-valid-triplets-that-can-represent-a-country,Easy,80.9,True,Database,Database
1746,Largest Substring Between Two Equal Characters,largest-substring-between-two-equal-characters,Easy,68.29,False,"Hash Table,String",Algorithms
1747,Lexicographically Smallest String After Applying Operations,lexicographically-smallest-string-after-applying-operations,Medium,79.39,False,"String,Depth-First Search,Breadth-First Search,Enumeration",Algorithms
1748,Best Team With No Conflicts,best-team-with-no-conflicts,Medium,50.61,False,"Array,Dynamic Programming,Sorting",Algorithms
1223,Graph Connectivity With Threshold,graph-connectivity-with-threshold,Hard,49.18,False,"Array,Math,Union-Find,Number Theory",Algorithms
1768,Design an Expression Tree With Evaluate Function,design-an-expression-tree-with-evaluate-function,Medium,82.49,True,"Array,Math,Stack,Tree,Design,Binary Tree",Algorithms
1751,Slowest Key,slowest-key,Easy,59.5,False,"Array,String",Algorithms
1752,Arithmetic Subarrays,arithmetic-subarrays,Medium,83.76,False,"Array,Hash Table,Sorting",Algorithms
1753,Path With Minimum Effort,path-with-minimum-effort,Medium,62.77,False,"Array,Binary Search,Depth-First Search,Breadth-First Search,Union-Find,Heap (Priority Queue),Matrix",Algorithms
1257,Rank Transform of a Matrix,rank-transform-of-a-matrix,Hard,42.03,False,"Array,Union-Find,Graph Theory,Topological Sort,Sorting,Matrix",Algorithms
1773,Percentage of Users Attended a Contest,percentage-of-users-attended-a-contest,Easy,59.92,False,Database,Database
1774,Add Two Polynomials Represented as Linked Lists,add-two-polynomials-represented-as-linked-lists,Medium,60.99,True,"Linked List,Math,Two Pointers",Algorithms
1779,Hopper Company Queries I,hopper-company-queries-i,Hard,48.05,True,Database,Database
1741,Sort Array by Increasing Frequency,sort-array-by-increasing-frequency,Easy,80.67,False,"Array,Hash Table,Sorting",Algorithms
1742,Widest Vertical Area Between Two Points Containing No Points,widest-vertical-area-between-two-points-containing-no-points,Easy,87.09,False,"Array,Sorting",Algorithms
1743,Count Substrings That Differ by One Character,count-substrings-that-differ-by-one-character,Medium,72.33,False,"Hash Table,String,Dynamic Programming,Enumeration",Algorithms
1744,Number of Ways to Form a Target String Given a Dictionary,number-of-ways-to-form-a-target-string-given-a-dictionary,Hard,56.65,False,"Array,String,Dynamic Programming",Algorithms
1760,Check Array Formation Through Concatenation,check-array-formation-through-concatenation,Easy,57.27,False,"Array,Hash Table",Algorithms
1761,Count Sorted Vowel Strings,count-sorted-vowel-strings,Medium,79.19,False,"Math,Dynamic Programming,Combinatorics",Algorithms
1762,Furthest Building You Can Reach,furthest-building-you-can-reach,Medium,50.7,False,"Array,Greedy,Heap (Priority Queue)",Algorithms
489,Kth Smallest Instructions,kth-smallest-instructions,Hard,44.64,False,"Array,Math,Dynamic Programming,Combinatorics",Algorithms
1780,Lowest Common Ancestor of a Binary Tree II,lowest-common-ancestor-of-a-binary-tree-ii,Medium,69.49,True,"Tree,Depth-First Search,Binary Tree",Algorithms
1785,Hopper Company Queries II,hopper-company-queries-ii,Hard,39.7,True,Database,Database
1769,Get Maximum in Generated Array,get-maximum-in-generated-array,Easy,51.38,False,"Array,Simulation",Algorithms
1770,Minimum Deletions to Make Character Frequencies Unique,minimum-deletions-to-make-character-frequencies-unique,Medium,61.44,False,"Hash Table,String,Greedy,Sorting",Algorithms
1771,Sell Diminishing-Valued Colored Balls,sell-diminishing-valued-colored-balls,Medium,30.08,False,"Array,Math,Binary Search,Greedy,Sorting,Heap (Priority Queue)",Algorithms
1772,Create Sorted Array through Instructions,create-sorted-array-through-instructions,Hard,41.25,False,"Array,Binary Search,Divide and Conquer,Binary Indexed Tree,Segment Tree,Merge Sort,Ordered Set",Algorithms
1790,Lowest Common Ancestor of a Binary Tree III,lowest-common-ancestor-of-a-binary-tree-iii,Medium,82.93,True,"Hash Table,Two Pointers,Tree,Binary Tree",Algorithms
1795,Hopper Company Queries III,hopper-company-queries-iii,Hard,65.29,True,Database,Database
1755,Defuse the Bomb,defuse-the-bomb,Easy,79.28,False,"Array,Sliding Window",Algorithms
1756,Minimum Deletions to Make String Balanced,minimum-deletions-to-make-string-balanced,Medium,68.18,False,"String,Dynamic Programming,Stack",Algorithms
1757,Minimum Jumps to Reach Home,minimum-jumps-to-reach-home,Medium,30.6,False,"Array,Hash Table,Breadth-First Search",Algorithms
1758,Distribute Repeating Integers,distribute-repeating-integers,Hard,40.39,False,"Array,Hash Table,Dynamic Programming,Backtracking,Bit Manipulation,Counting,Bitmask",Algorithms
1775,Design an Ordered Stream,design-an-ordered-stream,Easy,82.56,False,"Array,Hash Table,Design,Data Stream",Algorithms
1777,Determine if Two Strings Are Close,determine-if-two-strings-are-close,Medium,54.22,False,"Hash Table,String,Sorting,Counting",Algorithms
1776,Minimum Operations to Reduce X to Zero,minimum-operations-to-reduce-x-to-zero,Medium,40.42,False,"Array,Hash Table,Binary Search,Sliding Window,Prefix Sum",Algorithms
1778,Maximize Grid Happiness,maximize-grid-happiness,Hard,40.79,False,"Dynamic Programming,Bit Manipulation,Memoization,Bitmask",Algorithms
1796,Correct a Binary Tree,correct-a-binary-tree,Medium,74.29,True,"Hash Table,Tree,Depth-First Search,Breadth-First Search,Binary Tree",Algorithms
1801,Average Time of Process per Machine,average-time-of-process-per-machine,Easy,66.93,False,Database,Database
1781,Check If Two String Arrays are Equivalent,check-if-two-string-arrays-are-equivalent,Easy,86.04,False,"Array,String",Algorithms
1782,Smallest String With A Given Numeric Value,smallest-string-with-a-given-numeric-value,Medium,67.42,False,"String,Greedy",Algorithms
1783,Ways to Make a Fair Array,ways-to-make-a-fair-array,Medium,66.3,False,"Array,Prefix Sum",Algorithms
1784,Minimum Initial Energy to Finish Tasks,minimum-initial-energy-to-finish-tasks,Hard,60.62,False,"Array,Greedy,Sorting",Algorithms
1810,Change the Root of a Binary Tree,change-the-root-of-a-binary-tree,Medium,75.04,True,"Tree,Depth-First Search,Binary Tree",Algorithms
1811,Fix Names in a Table,fix-names-in-a-table,Easy,60.59,False,Database,Database
1764,Maximum Repeating Substring,maximum-repeating-substring,Easy,41.04,False,"String,Dynamic Programming,String Matching",Algorithms
1765,Merge In Between Linked Lists,merge-in-between-linked-lists,Medium,82.84,False,Linked List,Algorithms
1767,Design Front Middle Back Queue,design-front-middle-back-queue,Medium,56.9,False,"Array,Linked List,Design,Queue,Doubly-Linked List,Data Stream",Algorithms
1766,Minimum Number of Removals to Make Mountain Array,minimum-number-of-removals-to-make-mountain-array,Hard,54.8,False,"Array,Binary Search,Dynamic Programming,Greedy",Algorithms
1791,Richest Customer Wealth,richest-customer-wealth,Easy,88.66,False,"Array,Matrix",Algorithms
1792,Find the Most Competitive Subsequence,find-the-most-competitive-subsequence,Medium,52.67,False,"Array,Stack,Greedy,Monotonic Stack",Algorithms
1793,Minimum Moves to Make Array Complementary,minimum-moves-to-make-array-complementary,Medium,43.28,False,"Array,Hash Table,Prefix Sum",Algorithms
1794,Minimize Deviation in Array,minimize-deviation-in-array,Hard,53.97,False,"Array,Greedy,Heap (Priority Queue),Ordered Set",Algorithms
1816,Lowest Common Ancestor of a Binary Tree IV,lowest-common-ancestor-of-a-binary-tree-iv,Medium,79.51,True,"Hash Table,Tree,Depth-First Search,Binary Tree",Algorithms
1821,Product's Worth Over Invoices,products-worth-over-invoices,Easy,38.55,True,Database,Database
1797,Goal Parser Interpretation,goal-parser-interpretation,Easy,87.99,False,String,Algorithms
1798,Max Number of K-Sum Pairs,max-number-of-k-sum-pairs,Medium,56.85,False,"Array,Hash Table,Two Pointers,Sorting",Algorithms
1800,Concatenation of Consecutive Binary Numbers,concatenation-of-consecutive-binary-numbers,Medium,56.92,False,"Math,Bit Manipulation,Simulation",Algorithms
1799,Minimum Incompatibility,minimum-incompatibility,Hard,41.0,False,"Array,Hash Table,Dynamic Programming,Bit Manipulation,Bitmask",Algorithms
1822,Longest Palindromic Subsequence II,longest-palindromic-subsequence-ii,Medium,50.38,True,"String,Dynamic Programming",Algorithms
1827,Invalid Tweets,invalid-tweets,Easy,85.2,False,Database,Database
1786,Count the Number of Consistent Strings,count-the-number-of-consistent-strings,Easy,88.47,False,"Array,Hash Table,String,Bit Manipulation,Counting",Algorithms
1787,Sum of Absolute Differences in a Sorted Array,sum-of-absolute-differences-in-a-sorted-array,Medium,68.23,False,"Array,Math,Prefix Sum",Algorithms
1788,Stone Game VI,stone-game-vi,Medium,60.43,False,"Array,Math,Greedy,Sorting,Heap (Priority Queue),Game Theory",Algorithms
1789,Delivering Boxes from Storage to Ports,delivering-boxes-from-storage-to-ports,Hard,39.9,False,"Array,Dynamic Programming,Segment Tree,Queue,Heap (Priority Queue),Prefix Sum,Monotonic Queue",Algorithms
1806,Count of Matches in Tournament,count-of-matches-in-tournament,Easy,86.31,False,"Math,Simulation",Algorithms
1807,Partitioning Into Minimum Number Of Deci-Binary Numbers,partitioning-into-minimum-number-of-deci-binary-numbers,Medium,88.76,False,"String,Greedy",Algorithms
1808,Stone Game VII,stone-game-vii,Medium,58.69,False,"Array,Math,Dynamic Programming,Game Theory",Algorithms
1367,Maximum Height by Stacking Cuboids ,maximum-height-by-stacking-cuboids,Hard,61.66,False,"Array,Dynamic Programming,Sorting",Algorithms
1828,Count Ways to Distribute Candies,count-ways-to-distribute-candies,Hard,63.78,True,Dynamic Programming,Algorithms
1837,Daily Leads and Partners,daily-leads-and-partners,Easy,86.62,False,Database,Database
1812,Reformat Phone Number,reformat-phone-number,Easy,67.58,False,String,Algorithms
1813,Maximum Erasure Value,maximum-erasure-value,Medium,64.12,False,"Array,Hash Table,Sliding Window",Algorithms
1814,Jump Game VI,jump-game-vi,Medium,46.36,False,"Array,Dynamic Programming,Queue,Heap (Priority Queue),Monotonic Queue",Algorithms
1815,Checking Existence of Edge Length Limited Paths,checking-existence-of-edge-length-limited-paths,Hard,63.15,False,"Array,Two Pointers,Union-Find,Graph Theory,Sorting",Algorithms
1838,Number of Distinct Substrings in a String,number-of-distinct-substrings-in-a-string,Medium,64.8,True,"String,Trie,Rolling Hash,Suffix Array,Hash Function",Algorithms
1842,Number of Calls Between Two Persons,number-of-calls-between-two-persons,Medium,80.79,True,Database,Database
1802,Number of Students Unable to Eat Lunch,number-of-students-unable-to-eat-lunch,Easy,79.34,False,"Array,Stack,Queue,Simulation",Algorithms
1803,Average Waiting Time,average-waiting-time,Medium,73.07,False,"Array,Simulation",Algorithms
1804,Maximum Binary String After Change,maximum-binary-string-after-change,Medium,47.98,False,"String,Greedy",Algorithms
1805,Minimum Adjacent Swaps for K Consecutive Ones,minimum-adjacent-swaps-for-k-consecutive-ones,Hard,42.25,False,"Array,Greedy,Sliding Window,Prefix Sum",Algorithms
1823,Determine if String Halves Are Alike,determine-if-string-halves-are-alike,Easy,78.77,False,"String,Counting",Algorithms
1824,Maximum Number of Eaten Apples,maximum-number-of-eaten-apples,Medium,42.64,False,"Array,Greedy,Heap (Priority Queue)",Algorithms
1324,Where Will the Ball Fall,where-will-the-ball-fall,Medium,72.24,False,"Array,Matrix,Simulation",Algorithms
1826,Maximum XOR With an Element From Array,maximum-xor-with-an-element-from-array,Hard,57.5,False,"Array,Bit Manipulation,Trie",Algorithms
1847,Largest Subarray Length K,largest-subarray-length-k,Easy,65.68,True,"Array,Greedy",Algorithms
1852,Biggest Window Between Visits,biggest-window-between-visits,Medium,69.64,True,Database,Database
1829,Maximum Units on a Truck,maximum-units-on-a-truck,Easy,74.64,False,"Array,Greedy,Sorting",Algorithms
1830,Count Good Meals,count-good-meals,Medium,32.52,False,"Array,Hash Table",Algorithms
1831,Ways to Split Array Into Three Subarrays,ways-to-split-array-into-three-subarrays,Medium,34.14,False,"Array,Two Pointers,Binary Search,Prefix Sum",Algorithms
1832,Minimum Operations to Make a Subsequence,minimum-operations-to-make-a-subsequence,Hard,49.58,False,"Array,Hash Table,Binary Search,Greedy",Algorithms
1809,Sum Of Special Evenly-Spaced Elements In Array,sum-of-special-evenly-spaced-elements-in-array,Hard,49.85,True,"Array,Dynamic Programming",Algorithms
1862,Count Apples and Oranges,count-apples-and-oranges,Medium,75.76,True,Database,Database
1817,Calculate Money in Leetcode Bank,calculate-money-in-leetcode-bank,Easy,82.32,False,Math,Algorithms
1818,Maximum Score From Removing Substrings,maximum-score-from-removing-substrings,Medium,66.56,False,"String,Stack,Greedy",Algorithms
1819,Construct the Lexicographically Largest Valid Sequence,construct-the-lexicographically-largest-valid-sequence,Medium,72.8,False,"Array,Backtracking",Algorithms
1820,Number Of Ways To Reconstruct A Tree,number-of-ways-to-reconstruct-a-tree,Hard,45.25,False,"Array,Hash Table,Tree,Graph Theory,Simulation",Algorithms
1839,Decode XORed Array,decode-xored-array,Easy,87.31,False,"Array,Bit Manipulation",Algorithms
528,Swapping Nodes in a Linked List,swapping-nodes-in-a-linked-list,Medium,69.2,False,"Linked List,Two Pointers",Algorithms
1840,Minimize Hamming Distance After Swap Operations,minimize-hamming-distance-after-swap-operations,Medium,49.12,False,"Array,Depth-First Search,Union-Find",Algorithms
1825,Find Minimum Time to Finish All Jobs,find-minimum-time-to-finish-all-jobs,Hard,45.34,False,"Array,Dynamic Programming,Backtracking,Bit Manipulation,Bitmask",Algorithms
1865,Checking Existence of Edge Length Limited Paths II,checking-existence-of-edge-length-limited-paths-ii,Hard,51.73,True,"Depth-First Search,Union-Find,Graph Theory,Design,Sorting,Heap (Priority Queue),Minimum Spanning Tree",Algorithms
1843,Number Of Rectangles That Can Form The Largest Square,number-of-rectangles-that-can-form-the-largest-square,Easy,79.35,False,Array,Algorithms
1364,Tuple with Same Product,tuple-with-same-product,Medium,70.12,False,"Array,Hash Table,Counting",Algorithms
1845,Largest Submatrix With Rearrangements,largest-submatrix-with-rearrangements,Medium,75.22,False,"Array,Greedy,Sorting,Matrix",Algorithms
1727,Cat and Mouse II,cat-and-mouse-ii,Hard,40.26,False,"Array,Math,Dynamic Programming,Graph Theory,Topological Sort,Memoization,Matrix,Game Theory",Algorithms
1877,Find Followers Count,find-followers-count,Easy,69.52,False,Database,Database
550,Shortest Path to Get Food,shortest-path-to-get-food,Medium,57.09,True,"Array,Breadth-First Search,Matrix",Algorithms
1882,The Number of Employees Which Report to Each Employee,the-number-of-employees-which-report-to-each-employee,Easy,52.97,False,Database,Database
1833,Find the Highest Altitude,find-the-highest-altitude,Easy,83.87,False,"Array,Prefix Sum",Algorithms
1834,Minimum Number of People to Teach,minimum-number-of-people-to-teach,Medium,67.66,False,"Array,Hash Table,Greedy",Algorithms
1835,Decode XORed Permutation,decode-xored-permutation,Medium,66.83,False,"Array,Bit Manipulation",Algorithms
1836,Count Ways to Make Array With Product,count-ways-to-make-array-with-product,Hard,54.32,False,"Array,Math,Dynamic Programming,Combinatorics,Number Theory",Algorithms
1858,Latest Time by Replacing Hidden Digits,latest-time-by-replacing-hidden-digits,Easy,43.63,False,"String,Greedy",Algorithms
1859,Change Minimum Characters to Satisfy One of Three Conditions,change-minimum-characters-to-satisfy-one-of-three-conditions,Medium,37.74,False,"Hash Table,String,Counting,Prefix Sum",Algorithms
1860,Find Kth Largest XOR Coordinate Value,find-kth-largest-xor-coordinate-value,Medium,64.15,False,"Array,Divide and Conquer,Bit Manipulation,Sorting,Heap (Priority Queue),Matrix,Prefix Sum,Quickselect",Algorithms
1861,Building Boxes,building-boxes,Hard,52.38,False,"Math,Binary Search,Greedy",Algorithms
1883,Find Distance in a Binary Tree,find-distance-in-a-binary-tree,Medium,74.31,True,"Hash Table,Tree,Depth-First Search,Breadth-First Search,Binary Tree",Algorithms
1892,Find Total Time Spent by Each Employee,find-total-time-spent-by-each-employee,Easy,86.42,False,Database,Database
1844,Maximum Number of Balls in a Box,maximum-number-of-balls-in-a-box,Easy,74.72,False,"Hash Table,Math,Counting",Algorithms
1866,Restore the Array From Adjacent Pairs,restore-the-array-from-adjacent-pairs,Medium,75.01,False,"Array,Hash Table,Depth-First Search",Algorithms
1872,Can You Eat Your Favorite Candy on Your Favorite Day?,can-you-eat-your-favorite-candy-on-your-favorite-day,Medium,35.74,False,"Array,Prefix Sum",Algorithms
1871,Palindrome Partitioning IV,palindrome-partitioning-iv,Hard,45.16,False,"String,Dynamic Programming",Algorithms
1893,Maximum Subarray Sum After One Operation,maximum-subarray-sum-after-one-operation,Medium,65.24,True,"Array,Dynamic Programming",Algorithms
1898,Leetflex Banned Accounts,leetflex-banned-accounts,Medium,61.81,True,Database,Database
1848,Sum of Unique Elements,sum-of-unique-elements,Easy,79.76,False,"Array,Hash Table,Counting",Algorithms
1849,Maximum Absolute Sum of Any Subarray,maximum-absolute-sum-of-any-subarray,Medium,71.18,False,"Array,Dynamic Programming",Algorithms
1850,Minimum Length of String After Deleting Similar Ends,minimum-length-of-string-after-deleting-similar-ends,Medium,56.04,False,"Two Pointers,String",Algorithms
1851,Maximum Number of Events That Can Be Attended II,maximum-number-of-events-that-can-be-attended-ii,Hard,63.61,False,"Array,Binary Search,Dynamic Programming,Sorting",Algorithms
1878,Check if Array Is Sorted and Rotated,check-if-array-is-sorted-and-rotated,Easy,55.71,False,Array,Algorithms
1879,Maximum Score From Removing Stones,maximum-score-from-removing-stones,Medium,68.57,False,"Math,Greedy,Heap (Priority Queue)",Algorithms
1880,Largest Merge Of Two Strings,largest-merge-of-two-strings,Medium,53.4,False,"Two Pointers,String,Greedy",Algorithms
1881,Closest Subsequence Sum,closest-subsequence-sum,Hard,43.2,False,"Array,Two Pointers,Dynamic Programming,Bit Manipulation,Sorting,Bitmask",Algorithms
1903,Design Most Recently Used Queue,design-most-recently-used-queue,Medium,77.73,True,"Array,Linked List,Divide and Conquer,Design,Simulation,Doubly-Linked List",Algorithms
1908,Recyclable and Low Fat Products,recyclable-and-low-fat-products,Easy,88.77,False,Database,Database
1884,Minimum Changes To Make Alternating Binary String,minimum-changes-to-make-alternating-binary-string,Easy,63.77,False,String,Algorithms
1885,Count Number of Homogenous Substrings,count-number-of-homogenous-substrings,Medium,57.37,False,"Math,String",Algorithms
1886,Minimum Limit of Balls in a Bag,minimum-limit-of-balls-in-a-bag,Medium,66.55,False,"Array,Binary Search",Algorithms
1887,Minimum Degree of a Connected Trio in a Graph,minimum-degree-of-a-connected-trio-in-a-graph,Hard,44.23,False,"Graph Theory,Enumeration",Algorithms
1909,Buildings With an Ocean View,buildings-with-an-ocean-view,Medium,80.89,True,"Array,Stack,Monotonic Stack",Algorithms
1873,Longest Nice Substring,longest-nice-substring,Easy,63.65,False,"Hash Table,String,Divide and Conquer,Bit Manipulation,Sliding Window",Algorithms
1874,Form Array by Concatenating Subarrays of Another Array,form-array-by-concatenating-subarrays-of-another-array,Medium,54.71,False,"Array,Two Pointers,Greedy,String Matching",Algorithms
1876,Map of Highest Peak,map-of-highest-peak,Medium,75.63,False,"Array,Breadth-First Search,Matrix",Algorithms
1875,Tree of Coprimes,tree-of-coprimes,Hard,43.78,False,"Array,Math,Tree,Depth-First Search,Number Theory",Algorithms
1914,Find the Subtasks That Did Not Execute,find-the-subtasks-that-did-not-execute,Hard,78.43,True,Database,Database
1894,Merge Strings Alternately,merge-strings-alternately,Easy,82.09,False,"Two Pointers,String",Algorithms
1895,Minimum Number of Operations to Move All Balls to Each Box,minimum-number-of-operations-to-move-all-balls-to-each-box,Medium,90.12,False,"Array,String,Prefix Sum",Algorithms
1896,Maximum Score from Performing Multiplication Operations,maximum-score-from-performing-multiplication-operations,Hard,43.13,False,"Array,Dynamic Programming",Algorithms
1897,Maximize Palindrome Length From Subsequences,maximize-palindrome-length-from-subsequences,Hard,38.2,False,"String,Dynamic Programming",Algorithms
1919,Sort Features by Popularity,sort-features-by-popularity,Medium,66.3,True,"Array,Hash Table,String,Sorting",Algorithms
1899,Count Items Matching a Rule,count-items-matching-a-rule,Easy,85.27,False,"Array,String",Algorithms
1900,Closest Dessert Cost,closest-dessert-cost,Medium,48.37,False,"Array,Dynamic Programming,Backtracking",Algorithms
1901,Equal Sum Arrays With Minimum Number of Operations,equal-sum-arrays-with-minimum-number-of-operations,Medium,54.59,False,"Array,Hash Table,Greedy,Counting",Algorithms
1902,Car Fleet II,car-fleet-ii,Hard,57.65,False,"Array,Math,Stack,Heap (Priority Queue),Monotonic Stack",Algorithms
1926,Product's Price for Each Store,products-price-for-each-store,Easy,82.1,True,Database,Database
1931,Shortest Path in a Hidden Grid,shortest-path-in-a-hidden-grid,Medium,44.45,True,"Array,Depth-First Search,Breadth-First Search,Matrix,Interactive",Algorithms
1888,Find Nearest Point That Has the Same X or Y Coordinate,find-nearest-point-that-has-the-same-x-or-y-coordinate,Easy,69.89,False,Array,Algorithms
1889,Check if Number is a Sum of Powers of Three,check-if-number-is-a-sum-of-powers-of-three,Medium,79.38,False,Math,Algorithms
1890,Sum of Beauty of All Substrings,sum-of-beauty-of-all-substrings,Medium,73.5,False,"Hash Table,String,Counting",Algorithms
1891,Count Pairs Of Nodes,count-pairs-of-nodes,Hard,42.42,False,"Array,Hash Table,Two Pointers,Binary Search,Graph Theory,Sorting,Counting",Algorithms
1932,Grand Slam Titles,grand-slam-titles,Medium,82.93,True,Database,Database
1910,Check if Binary String Has at Most One Segment of Ones,check-if-binary-string-has-at-most-one-segment-of-ones,Easy,39.36,False,String,Algorithms
1911,Minimum Elements to Add to Form a Given Sum,minimum-elements-to-add-to-form-a-given-sum,Medium,44.95,False,"Array,Greedy",Algorithms
1912,Number of Restricted Paths From First to Last Node,number-of-restricted-paths-from-first-to-last-node,Medium,40.9,False,"Dynamic Programming,Graph Theory,Topological Sort,Heap (Priority Queue),Shortest Path",Algorithms
1913,Make the XOR of All Segments Equal to Zero,make-the-xor-of-all-segments-equal-to-zero,Hard,40.86,False,"Array,Hash Table,Dynamic Programming,Bit Manipulation,Counting",Algorithms
1937,Maximize the Beauty of the Garden,maximize-the-beauty-of-the-garden,Hard,64.6,True,"Array,Hash Table,Greedy,Prefix Sum",Algorithms
1942,Primary Department for Each Employee,primary-department-for-each-employee,Easy,73.9,False,Database,Database
1915,Check if One String Swap Can Make Strings Equal,check-if-one-string-swap-can-make-strings-equal,Easy,49.48,False,"Hash Table,String,Counting",Algorithms
1916,Find Center of Star Graph,find-center-of-star-graph,Easy,86.64,False,Graph Theory,Algorithms
1917,Maximum Average Pass Ratio,maximum-average-pass-ratio,Medium,74.11,False,"Array,Greedy,Heap (Priority Queue)",Algorithms
1918,Maximum Score of a Good Subarray,maximum-score-of-a-good-subarray,Hard,64.41,False,"Array,Two Pointers,Binary Search,Stack,Monotonic Stack",Algorithms
1943,Count Pairs of Equal Substrings With Minimum Difference,count-pairs-of-equal-substrings-with-minimum-difference,Medium,63.97,True,"Hash Table,String,Greedy",Algorithms
1948,Rearrange Products Table,rearrange-products-table,Easy,85.55,False,Database,Database
1904,Second Largest Digit in a String,second-largest-digit-in-a-string,Easy,53.75,False,"Hash Table,String",Algorithms
1905,Design Authentication Manager,design-authentication-manager,Medium,58.38,False,"Hash Table,Linked List,Design,Doubly-Linked List",Algorithms
1930,Maximum Number of Consecutive Values You Can Make,maximum-number-of-consecutive-values-you-can-make,Medium,63.49,False,"Array,Greedy,Sorting",Algorithms
1906,Maximize Score After N Operations,maximize-score-after-n-operations,Hard,57.95,False,"Array,Math,Dynamic Programming,Backtracking,Bit Manipulation,Number Theory,Bitmask",Algorithms
1927,Maximum Ascending Subarray Sum,maximum-ascending-subarray-sum,Easy,66.3,False,Array,Algorithms
1928,Number of Orders in the Backlog,number-of-orders-in-the-backlog,Medium,53.57,False,"Array,Heap (Priority Queue),Simulation",Algorithms
1929,Maximum Value at a Given Index in a Bounded Array,maximum-value-at-a-given-index-in-a-bounded-array,Medium,38.88,False,"Math,Binary Search,Greedy",Algorithms
1907,Count Pairs With XOR in a Range,count-pairs-with-xor-in-a-range,Hard,46.24,False,"Array,Bit Manipulation,Trie",Algorithms
1949,Implement Trie II (Prefix Tree),implement-trie-ii-prefix-tree,Medium,63.25,True,"Hash Table,String,Design,Trie",Algorithms
1933,Number of Different Integers in a String,number-of-different-integers-in-a-string,Easy,40.01,False,"Hash Table,String",Algorithms
1935,Minimum Number of Operations to Reinitialize a Permutation,minimum-number-of-operations-to-reinitialize-a-permutation,Medium,72.69,False,"Array,Math,Simulation",Algorithms
1934,Evaluate the Bracket Pairs of a String,evaluate-the-bracket-pairs-of-a-string,Medium,69.24,False,"Array,Hash Table,String",Algorithms
1936,Maximize Number of Nice Divisors,maximize-number-of-nice-divisors,Hard,35.3,False,"Math,Recursion,Number Theory",Algorithms
1958,Ad-Free Sessions,ad-free-sessions,Easy,58.84,True,Database,Database
1959,Minimum Path Cost in a Hidden Grid,minimum-path-cost-in-a-hidden-grid,Medium,58.68,True,"Array,Depth-First Search,Breadth-First Search,Graph Theory,Heap (Priority Queue),Matrix,Interactive,Shortest Path",Algorithms
1964,Find Interview Candidates,find-interview-candidates,Medium,60.59,True,Database,Database
1920,Determine Color of a Chessboard Square,determine-color-of-a-chessboard-square,Easy,79.78,False,"Math,String",Algorithms
1923,Sentence Similarity III,sentence-similarity-iii,Medium,48.48,False,"Array,Two Pointers,String",Algorithms
1925,Count Nice Pairs in an Array,count-nice-pairs-in-an-array,Medium,48.44,False,"Array,Hash Table,Math,Counting",Algorithms
1924,Maximum Number of Groups Getting Fresh Donuts,maximum-number-of-groups-getting-fresh-donuts,Hard,41.43,False,"Array,Dynamic Programming,Bit Manipulation,Memoization,Bitmask",Algorithms
1944,Truncate Sentence,truncate-sentence,Easy,86.62,False,"Array,String",Algorithms
1945,Finding the Users Active Minutes,finding-the-users-active-minutes,Medium,80.8,False,"Array,Hash Table",Algorithms
1946,Minimum Absolute Sum Difference,minimum-absolute-sum-difference,Medium,32.19,False,"Array,Binary Search,Sorting,Ordered Set",Algorithms
1947,Number of Different Subsequences GCDs,number-of-different-subsequences-gcds,Hard,44.9,False,"Array,Math,Counting,Number Theory",Algorithms
1969,Maximum Number of Accepted Invitations,maximum-number-of-accepted-invitations,Medium,52.27,True,"Array,Depth-First Search,Graph Theory,Matrix",Algorithms
1974,Find Customers With Positive Revenue this Year,find-customers-with-positive-revenue-this-year,Easy,87.68,True,Database,Database
1950,Sign of the Product of an Array,sign-of-the-product-of-an-array,Easy,64.83,False,"Array,Math",Algorithms
1951,Find the Winner of the Circular Game,find-the-winner-of-the-circular-game,Medium,82.22,False,"Array,Math,Recursion,Queue,Simulation",Algorithms
1952,Minimum Sideway Jumps,minimum-sideway-jumps,Medium,51.47,False,"Array,Dynamic Programming,Greedy",Algorithms
1953,Finding MK Average,finding-mk-average,Hard,38.65,False,"Design,Queue,Heap (Priority Queue),Data Stream,Ordered Set",Algorithms
1980,Faulty Sensor,faulty-sensor,Easy,50.48,True,"Array,Two Pointers",Algorithms
1938,Minimum Operations to Make the Array Increasing,minimum-operations-to-make-the-array-increasing,Easy,81.82,False,"Array,Greedy",Algorithms
1939,Queries on Number of Points Inside a Circle,queries-on-number-of-points-inside-a-circle,Medium,86.77,False,"Array,Math,Geometry",Algorithms
1940,Maximum XOR for Each Query,maximum-xor-for-each-query,Medium,84.76,False,"Array,Bit Manipulation,Prefix Sum",Algorithms
1941,Minimum Number of Operations to Make String Sorted,minimum-number-of-operations-to-make-string-sorted,Hard,50.68,False,"Hash Table,Math,String,Combinatorics,Counting",Algorithms
1981,Maximum Transaction Each Day,maximum-transaction-each-day,Medium,82.45,True,Database,Database
1960,Check if the Sentence Is Pangram,check-if-the-sentence-is-pangram,Easy,84.11,False,"Hash Table,String",Algorithms
1961,Maximum Ice Cream Bars,maximum-ice-cream-bars,Medium,74.19,False,"Array,Greedy,Sorting,Counting Sort",Algorithms
1962,Single-Threaded CPU,single-threaded-cpu,Medium,47.32,False,"Array,Sorting,Heap (Priority Queue)",Algorithms
1963,Find XOR Sum of All Pairs Bitwise AND,find-xor-sum-of-all-pairs-bitwise-and,Hard,62.47,False,"Array,Math,Bit Manipulation",Algorithms
1982,Remove Duplicates From an Unsorted Linked List,remove-duplicates-from-an-unsorted-linked-list,Medium,75.66,True,"Hash Table,Linked List",Algorithms
1965,Sum of Digits in Base K,sum-of-digits-in-base-k,Easy,78.5,False,Math,Algorithms
1966,Frequency of the Most Frequent Element,frequency-of-the-most-frequent-element,Medium,44.62,False,"Array,Binary Search,Greedy,Sliding Window,Sorting,Prefix Sum",Algorithms
1967,Longest Substring Of All Vowels in Order,longest-substring-of-all-vowels-in-order,Medium,51.53,False,"String,Sliding Window",Algorithms
1968,Maximum Building Height,maximum-building-height,Hard,38.28,False,"Array,Math,Sorting",Algorithms
1991,League Statistics,league-statistics,Medium,53.41,True,Database,Database
1997,Next Palindrome Using Same Digits,next-palindrome-using-same-digits,Hard,54.16,True,"Two Pointers,String",Algorithms
1998,Suspicious Bank Accounts,suspicious-bank-accounts,Medium,44.22,True,Database,Database
1954,Replace All Digits with Characters,replace-all-digits-with-characters,Easy,82.64,False,String,Algorithms
1955,Seat Reservation Manager,seat-reservation-manager,Medium,67.04,False,"Design,Heap (Priority Queue)",Algorithms
1956,Maximum Element After Decreasing and Rearranging,maximum-element-after-decreasing-and-rearranging,Medium,65.78,False,"Array,Greedy,Sorting",Algorithms
1957,Closest Room,closest-room,Hard,41.06,False,"Array,Binary Search,Sorting,Ordered Set",Algorithms
1975,Minimum Distance to the Target Element,minimum-distance-to-the-target-element,Easy,54.24,False,Array,Algorithms
1976,Splitting a String Into Descending Consecutive Values,splitting-a-string-into-descending-consecutive-values,Medium,37.43,False,"String,Backtracking,Enumeration",Algorithms
1978,Minimum Adjacent Swaps to Reach the Kth Smallest Number,minimum-adjacent-swaps-to-reach-the-kth-smallest-number,Medium,72.06,False,"Two Pointers,String,Greedy",Algorithms
1977,Minimum Interval to Include Each Query,minimum-interval-to-include-each-query,Hard,53.89,False,"Array,Binary Search,Sweep Line,Sorting,Heap (Priority Queue)",Algorithms
2003,Distinct Numbers in Each Subarray,distinct-numbers-in-each-subarray,Medium,77.28,True,"Array,Hash Table,Sliding Window",Algorithms
2004,Convert Date Format,convert-date-format,Easy,84.96,True,Database,Database
1983,Maximum Population Year,maximum-population-year,Easy,63.64,False,"Array,Counting,Prefix Sum",Algorithms
1984,Maximum Distance Between a Pair of Values,maximum-distance-between-a-pair-of-values,Medium,54.28,False,"Array,Two Pointers,Binary Search",Algorithms
1985,Maximum Subarray Min-Product,maximum-subarray-min-product,Medium,39.98,False,"Array,Stack,Monotonic Stack,Prefix Sum",Algorithms
1986,Largest Color Value in a Directed Graph,largest-color-value-in-a-directed-graph,Hard,57.35,False,"Hash Table,String,Dynamic Programming,Graph Theory,Topological Sort,Memoization,Counting",Algorithms
2009,Longest Word With All Prefixes,longest-word-with-all-prefixes,Medium,71.98,True,"Array,String,Depth-First Search,Trie",Algorithms
1970,Sorting the Sentence,sorting-the-sentence,Easy,84.07,False,"String,Sorting",Algorithms
1971,Incremental Memory Leak,incremental-memory-leak,Medium,72.96,False,"Math,Simulation",Algorithms
1972,Rotating the Box,rotating-the-box,Medium,79.2,False,"Array,Two Pointers,Matrix",Algorithms
1326,Sum of Floored Pairs,sum-of-floored-pairs,Hard,30.61,False,"Array,Math,Binary Search,Counting,Enumeration,Prefix Sum",Algorithms
1993,Sum of All Subset XOR Totals,sum-of-all-subset-xor-totals,Easy,90.08,False,"Array,Math,Backtracking,Bit Manipulation,Combinatorics,Enumeration",Algorithms
1994,Minimum Number of Swaps to Make the Binary String Alternating,minimum-number-of-swaps-to-make-the-binary-string-alternating,Medium,43.84,False,"String,Greedy",Algorithms
1995,Finding Pairs With a Certain Sum,finding-pairs-with-a-certain-sum,Medium,61.59,False,"Array,Hash Table,Design",Algorithms
1996,Number of Ways to Rearrange Sticks With K Sticks Visible,number-of-ways-to-rearrange-sticks-with-k-sticks-visible,Hard,60.46,False,"Math,Dynamic Programming,Combinatorics",Algorithms
2014,Orders With Maximum Quantity Above Average,orders-with-maximum-quantity-above-average,Medium,70.68,True,Database,Database
2019,Product of Two Run-Length Encoded Arrays,product-of-two-run-length-encoded-arrays,Medium,59.56,True,"Array,Two Pointers",Algorithms
1999,Longer Contiguous Segments of Ones than Zeros,longer-contiguous-segments-of-ones-than-zeros,Easy,62.07,False,String,Algorithms
2000,Minimum Speed to Arrive on Time,minimum-speed-to-arrive-on-time,Medium,47.66,False,"Array,Binary Search",Algorithms
2001,Jump Game VII,jump-game-vii,Medium,26.33,False,"String,Dynamic Programming,Sliding Window,Prefix Sum",Algorithms
2002,Stone Game VIII,stone-game-viii,Hard,53.9,False,"Array,Math,Dynamic Programming,Prefix Sum,Game Theory",Algorithms
2024,Calculate Special Bonus,calculate-special-bonus,Easy,56.99,False,Database,Database
2029,Minimize Product Sum of Two Arrays,minimize-product-sum-of-two-arrays,Medium,89.89,True,"Array,Greedy,Sorting",Algorithms
2030,Group Employees of the Same Salary,group-employees-of-the-same-salary,Medium,65.44,True,Database,Database
1987,Substrings of Size Three with Distinct Characters,substrings-of-size-three-with-distinct-characters,Easy,76.53,False,"Hash Table,String,Sliding Window,Counting",Algorithms
1988,Minimize Maximum Pair Sum in Array,minimize-maximum-pair-sum-in-array,Medium,83.32,False,"Array,Two Pointers,Greedy,Sorting",Algorithms
1990,Get Biggest Three Rhombus Sums in a Grid,get-biggest-three-rhombus-sums-in-a-grid,Medium,50.09,False,"Array,Math,Sorting,Heap (Priority Queue),Matrix,Prefix Sum",Algorithms
1989,Minimum XOR Sum of Two Arrays,minimum-xor-sum-of-two-arrays,Hard,50.47,False,"Array,Dynamic Programming,Bit Manipulation,Bitmask",Algorithms
2010,Check if Word Equals Summation of Two Words,check-if-word-equals-summation-of-two-words,Easy,75.15,False,String,Algorithms
2011,Maximum Value after Insertion,maximum-value-after-insertion,Medium,39.21,False,"String,Greedy",Algorithms
2012,Process Tasks Using Servers,process-tasks-using-servers,Medium,41.94,False,"Array,Heap (Priority Queue)",Algorithms
2013,Minimum Skips to Arrive at Meeting On Time,minimum-skips-to-arrive-at-meeting-on-time,Hard,38.78,False,"Array,Dynamic Programming",Algorithms
2031,Egg Drop With 2 Eggs and N Floors,egg-drop-with-2-eggs-and-n-floors,Medium,74.56,False,"Math,Dynamic Programming",Algorithms
2036,Count Pairs in Two Arrays,count-pairs-in-two-arrays,Medium,60.39,True,"Array,Two Pointers,Binary Search,Sorting",Algorithms
2015,Determine Whether Matrix Can Be Obtained By Rotation,determine-whether-matrix-can-be-obtained-by-rotation,Easy,59.21,False,"Array,Matrix",Algorithms
2016,Reduction Operations to Make the Array Elements Equal,reduction-operations-to-make-the-array-elements-equal,Medium,72.49,False,"Array,Sorting",Algorithms
2017,Minimum Number of Flips to Make the Binary String Alternating,minimum-number-of-flips-to-make-the-binary-string-alternating,Medium,41.06,False,"String,Dynamic Programming,Sliding Window",Algorithms
2018,Minimum Space Wasted From Packaging,minimum-space-wasted-from-packaging,Hard,33.43,False,"Array,Binary Search,Sorting,Prefix Sum",Algorithms
2041,The Latest Login in 2020,the-latest-login-in-2020,Easy,77.03,False,Database,Database
2045,Cutting Ribbons,cutting-ribbons,Medium,53.0,True,"Array,Binary Search",Algorithms
2046,Page Recommendations II,page-recommendations-ii,Hard,45.51,True,Database,Database
2005,Check if All the Integers in a Range Are Covered,check-if-all-the-integers-in-a-range-are-covered,Easy,50.8,False,"Array,Hash Table,Prefix Sum",Algorithms
2006,Find the Student that Will Replace the Chalk,find-the-student-that-will-replace-the-chalk,Medium,53.17,False,"Array,Binary Search,Simulation,Prefix Sum",Algorithms
1311,Largest Magic Square,largest-magic-square,Medium,75.29,False,"Array,Matrix,Prefix Sum",Algorithms
2008,Minimum Cost to Change the Final Value of Expression,minimum-cost-to-change-the-final-value-of-expression,Hard,51.1,False,"Math,String,Dynamic Programming,Stack",Algorithms
2025,Redistribute Characters to Make All Strings Equal,redistribute-characters-to-make-all-strings-equal,Easy,66.81,False,"Hash Table,String,Counting",Algorithms
2027,Maximum Number of Removable Characters,maximum-number-of-removable-characters,Medium,46.84,False,"Array,Two Pointers,String,Binary Search",Algorithms
2026,Merge Triplets to Form Target Triplet,merge-triplets-to-form-target-triplet,Medium,68.81,False,"Array,Greedy",Algorithms
2028,The Earliest and Latest Rounds Where Players Compete,the-earliest-and-latest-rounds-where-players-compete,Hard,72.74,False,"Dynamic Programming,Memoization",Algorithms
2047,Find a Peak Element II,find-a-peak-element-ii,Medium,54.35,False,"Array,Binary Search,Matrix",Algorithms
2052,Depth of BST Given Insertion Order,depth-of-bst-given-insertion-order,Medium,42.51,True,"Array,Tree,Binary Search Tree,Binary Tree,Ordered Set",Algorithms
2032,Largest Odd Number in String,largest-odd-number-in-string,Easy,66.94,False,"Math,String,Greedy",Algorithms
2033,The Number of Full Rounds You Have Played,the-number-of-full-rounds-you-have-played,Medium,43.45,False,"Math,String",Algorithms
2035,Count Sub Islands,count-sub-islands,Medium,72.98,False,"Array,Depth-First Search,Breadth-First Search,Union-Find,Matrix",Algorithms
2034,Minimum Absolute Difference Queries,minimum-absolute-difference-queries,Medium,45.62,False,"Array,Prefix Sum",Algorithms
2057,Count Salary Categories,count-salary-categories,Medium,63.98,False,Database,Database
2062,Game of Nim,game-of-nim,Medium,62.43,True,"Array,Math,Dynamic Programming,Bit Manipulation,Brainteaser,Game Theory",Algorithms
2020,Remove One Element to Make the Array Strictly Increasing,remove-one-element-to-make-the-array-strictly-increasing,Easy,29.52,False,Array,Algorithms
2021,Remove All Occurrences of a Substring,remove-all-occurrences-of-a-substring,Medium,78.42,False,"String,Stack,Simulation",Algorithms
2022,Maximum Alternating Subsequence Sum,maximum-alternating-subsequence-sum,Medium,59.0,False,"Array,Dynamic Programming",Algorithms
2023,Design Movie Rental System,design-movie-rental-system,Hard,62.56,False,"Array,Hash Table,Design,Heap (Priority Queue),Ordered Set",Algorithms
2042,Maximum Product Difference Between Two Pairs,maximum-product-difference-between-two-pairs,Easy,83.04,False,"Array,Sorting",Algorithms
2043,Cyclically Rotating a Grid,cyclically-rotating-a-grid,Medium,51.51,False,"Array,Matrix,Simulation",Algorithms
2044,Number of Wonderful Substrings,number-of-wonderful-substrings,Medium,66.61,False,"Hash Table,String,Bit Manipulation,Prefix Sum",Algorithms
1313,Count Ways to Build Rooms in an Ant Colony,count-ways-to-build-rooms-in-an-ant-colony,Hard,50.97,False,"Array,Math,Dynamic Programming,Tree,Depth-First Search,Graph Theory,Topological Sort,Combinatorics",Algorithms
2063,Leetcodify Friends Recommendations,leetcodify-friends-recommendations,Hard,28.58,True,Database,Database
2069,Kth Smallest Subarray Sum,kth-smallest-subarray-sum,Medium,53.36,True,"Array,Binary Search,Sliding Window",Algorithms
2064,Leetcodify Similar Friends,leetcodify-similar-friends,Hard,43.08,True,Database,Database
2048,Build Array from Permutation,build-array-from-permutation,Easy,91.08,False,"Array,Simulation",Algorithms
2049,Eliminate Maximum Number of Monsters,eliminate-maximum-number-of-monsters,Medium,51.01,False,"Array,Greedy,Sorting",Algorithms
2050,Count Good Numbers,count-good-numbers,Medium,57.36,False,"Math,Recursion",Algorithms
2051,Longest Common Subpath,longest-common-subpath,Hard,29.33,False,"Array,Binary Search,Rolling Hash,Suffix Array,Hash Function",Algorithms
2074,Erect the Fence II,erect-the-fence-ii,Hard,51.33,True,"Array,Math,Geometry",Algorithms
2037,Count Square Sum Triples,count-square-sum-triples,Easy,77.14,False,"Math,Enumeration",Algorithms
2038,Nearest Exit from Entrance in Maze,nearest-exit-from-entrance-in-maze,Medium,48.31,False,"Array,Breadth-First Search,Matrix",Algorithms
2039,Sum Game,sum-game,Medium,49.52,False,"Math,String,Greedy,Game Theory",Algorithms
2040,Minimum Cost to Reach Destination in Time,minimum-cost-to-reach-destination-in-time,Hard,41.1,False,"Array,Dynamic Programming,Graph Theory",Algorithms
2058,Concatenation of Array,concatenation-of-array,Easy,90.54,False,"Array,Simulation",Algorithms
2059,Unique Length-3 Palindromic Subsequences,unique-length-3-palindromic-subsequences,Medium,73.79,False,"Hash Table,String,Bit Manipulation,Prefix Sum",Algorithms
2061,Painting a Grid With Three Different Colors,painting-a-grid-with-three-different-colors,Hard,77.29,False,Dynamic Programming,Algorithms
2060,Merge BSTs to Create Single BST,merge-bsts-to-create-single-bst,Hard,37.94,False,"Array,Hash Table,Tree,Depth-First Search,Binary Search Tree,Binary Tree",Algorithms
2070,Check if String Is Decomposable Into Value-Equal Substrings,check-if-string-is-decomposable-into-value-equal-substrings,Easy,50.86,True,String,Algorithms
2087,Confirmation Rate,confirmation-rate,Medium,61.64,False,Database,Database
1264,Maximum Number of Words You Can Type,maximum-number-of-words-you-can-type,Easy,82.94,False,"Hash Table,String",Algorithms
2066,Add Minimum Number of Rungs,add-minimum-number-of-rungs,Medium,43.75,False,"Array,Greedy",Algorithms
2067,Maximum Number of Points with Cost,maximum-number-of-points-with-cost,Medium,41.83,False,"Array,Dynamic Programming,Matrix",Algorithms
2068,Maximum Genetic Difference Query,maximum-genetic-difference-query,Hard,46.38,False,"Array,Hash Table,Bit Manipulation,Depth-First Search,Trie",Algorithms
2092,Users That Actively Request Confirmation Messages,users-that-actively-request-confirmation-messages,Easy,56.74,True,Database,Database
2071,Longest Common Subsequence Between Sorted Arrays,longest-common-subsequence-between-sorted-arrays,Medium,81.29,True,"Array,Hash Table,Counting",Algorithms
2053,Check if All Characters Have Equal Number of Occurrences,check-if-all-characters-have-equal-number-of-occurrences,Easy,79.37,False,"Hash Table,String,Counting",Algorithms
2054,The Number of the Smallest Unoccupied Chair,the-number-of-the-smallest-unoccupied-chair,Medium,60.38,False,"Array,Hash Table,Heap (Priority Queue)",Algorithms
2055,Describe the Painting,describe-the-painting,Medium,51.91,False,"Array,Hash Table,Sorting,Prefix Sum",Algorithms
1305,Number of Visible People in a Queue,number-of-visible-people-in-a-queue,Hard,72.34,False,"Array,Stack,Monotonic Stack",Algorithms
2076,Sum of Digits of String After Convert,sum-of-digits-of-string-after-convert,Easy,74.79,False,"String,Simulation",Algorithms
2077,Largest Number After Mutating Substring,largest-number-after-mutating-substring,Medium,37.83,False,"Array,String,Greedy",Algorithms
2078,Maximum Compatibility Score Sum,maximum-compatibility-score-sum,Medium,64.32,False,"Array,Dynamic Programming,Backtracking,Bit Manipulation,Bitmask",Algorithms
2079,Delete Duplicate Folders in System,delete-duplicate-folders-in-system,Hard,77.72,False,"Array,Hash Table,String,Trie,Hash Function",Algorithms
2097,Strong Friendship,strong-friendship,Medium,54.38,True,Database,Database
2072,Maximum of Minimum Values in All Subarrays,maximum-of-minimum-values-in-all-subarrays,Medium,47.99,True,"Array,Stack,Monotonic Stack",Algorithms
2098,All the Pairs With the Maximum Number of Common Followers,all-the-pairs-with-the-maximum-number-of-common-followers,Medium,69.54,True,Database,Database
2083,Three Divisors,three-divisors,Easy,63.89,False,"Math,Enumeration,Number Theory",Algorithms
2084,Maximum Number of Weeks for Which You Can Work,maximum-number-of-weeks-for-which-you-can-work,Medium,42.3,False,"Array,Greedy",Algorithms
1295,Minimum Garden Perimeter to Collect Enough Apples,minimum-garden-perimeter-to-collect-enough-apples,Medium,55.46,False,"Math,Binary Search",Algorithms
2086,Count Number of Special Subsequences,count-number-of-special-subsequences,Hard,52.66,False,"Array,Dynamic Programming",Algorithms
2073,Minimum Time For K Virus Variants to Spread,minimum-time-for-k-virus-variants-to-spread,Hard,50.91,True,"Array,Math,Binary Search,Geometry,Enumeration",Algorithms
1302,Delete Characters to Make Fancy String,delete-characters-to-make-fancy-string,Easy,74.11,False,String,Algorithms
2080,Check if Move is Legal,check-if-move-is-legal,Medium,50.0,False,"Array,Matrix,Enumeration",Algorithms
2081,Minimum Total Space Wasted With K Resizing Operations,minimum-total-space-wasted-with-k-resizing-operations,Medium,43.86,False,"Array,Dynamic Programming,Prefix Sum",Algorithms
1336,Maximum Product of the Length of Two Palindromic Substrings,maximum-product-of-the-length-of-two-palindromic-substrings,Hard,30.91,False,"Two Pointers,String,Rolling Hash,Hash Function",Algorithms
2093,Check If String Is a Prefix of Array,check-if-string-is-a-prefix-of-array,Easy,52.73,False,"Array,Two Pointers,String",Algorithms
2094,Remove Stones to Minimize the Total,remove-stones-to-minimize-the-total,Medium,65.46,False,"Array,Greedy,Heap (Priority Queue)",Algorithms
2095,Minimum Number of Swaps to Make the String Balanced,minimum-number-of-swaps-to-make-the-string-balanced,Medium,78.14,False,"Two Pointers,String,Stack,Greedy",Algorithms
2096,Find the Longest Valid Obstacle Course at Each Position,find-the-longest-valid-obstacle-course-at-each-position,Hard,62.55,False,"Array,Binary Search,Binary Indexed Tree",Algorithms
2110,Employees With Missing Information,employees-with-missing-information,Easy,73.04,False,Database,Database
2111,Binary Searchable Numbers in an Unsorted Array,binary-searchable-numbers-in-an-unsorted-array,Medium,63.32,True,"Array,Binary Search,Stack,Monotonic Stack",Algorithms
2099,Number of Strings That Appear as Substrings in Word,number-of-strings-that-appear-as-substrings-in-word,Easy,82.42,False,"Array,String",Algorithms
2085,Array With Elements Not Equal to Average of Neighbors,array-with-elements-not-equal-to-average-of-neighbors,Medium,50.58,False,"Array,Greedy,Sorting",Algorithms
2100,Minimum Non-Zero Product of the Array Elements,minimum-non-zero-product-of-the-array-elements,Medium,37.39,False,"Math,Greedy,Recursion",Algorithms
2101,Last Day Where You Can Still Cross,last-day-where-you-can-still-cross,Hard,68.63,False,"Array,Binary Search,Depth-First Search,Breadth-First Search,Union-Find,Matrix",Algorithms
2121,Find if Path Exists in Graph,find-if-path-exists-in-graph,Easy,54.72,False,"Depth-First Search,Breadth-First Search,Union-Find,Graph Theory",Algorithms
2120,First and Last Call On the Same Day,first-and-last-call-on-the-same-day,Hard,51.03,True,Database,Database
2126,Count Nodes Equal to Sum of Descendants,count-nodes-equal-to-sum-of-descendants,Medium,77.36,True,"Tree,Depth-First Search,Binary Tree",Algorithms
2088,Minimum Time to Type Word Using Special Typewriter,minimum-time-to-type-word-using-special-typewriter,Easy,78.37,False,"String,Greedy",Algorithms
2089,Maximum Matrix Sum,maximum-matrix-sum,Medium,67.57,False,"Array,Greedy,Matrix",Algorithms
2090,Number of Ways to Arrive at Destination,number-of-ways-to-arrive-at-destination,Medium,37.31,False,"Dynamic Programming,Graph Theory,Topological Sort,Shortest Path",Algorithms
2091,Number of Ways to Separate Numbers,number-of-ways-to-separate-numbers,Hard,21.57,False,"String,Dynamic Programming,Suffix Array",Algorithms
2127,Employees Whose Manager Left the Company,employees-whose-manager-left-the-company,Easy,48.63,False,Database,Database
2106,Find Greatest Common Divisor of Array,find-greatest-common-divisor-of-array,Easy,79.67,False,"Array,Math,Number Theory",Algorithms
2107,Find Unique Binary String,find-unique-binary-string,Medium,79.44,False,"Array,Hash Table,String,Backtracking",Algorithms
2108,Minimize the Difference Between Target and Chosen Elements,minimize-the-difference-between-target-and-chosen-elements,Medium,36.68,False,"Array,Dynamic Programming,Matrix",Algorithms
2109,Find Array Given Subset Sums,find-array-given-subset-sums,Hard,49.37,False,"Array,Divide and Conquer",Algorithms
519,Widest Pair of Indices With Equal Range Sum,widest-pair-of-indices-with-equal-range-sum,Medium,54.0,True,"Array,Hash Table,Prefix Sum",Algorithms
2112,Minimum Difference Between Highest and Lowest of K Scores,minimum-difference-between-highest-and-lowest-of-k-scores,Easy,66.18,False,"Array,Sliding Window,Sorting",Algorithms
2113,Find the Kth Largest Integer in the Array,find-the-kth-largest-integer-in-the-array,Medium,47.58,False,"Array,String,Divide and Conquer,Sorting,Heap (Priority Queue),Quickselect",Algorithms
2114,Minimum Number of Work Sessions to Finish the Tasks,minimum-number-of-work-sessions-to-finish-the-tasks,Medium,34.55,False,"Array,Dynamic Programming,Backtracking,Bit Manipulation,Bitmask",Algorithms
2115,Number of Unique Good Subsequences,number-of-unique-good-subsequences,Hard,52.55,False,"String,Dynamic Programming",Algorithms
2136,Find Cutoff Score for Each School,find-cutoff-score-for-each-school,Medium,66.89,True,Database,Database
1979,Maximum Number of People That Can Be Caught in Tag,maximum-number-of-people-that-can-be-caught-in-tag,Medium,49.37,True,"Array,Two Pointers,Greedy",Algorithms
2143,Count the Number of Experiments,count-the-number-of-experiments,Medium,48.75,True,Database,Database
2102,Find the Middle Index in Array,find-the-middle-index-in-array,Easy,69.1,False,"Array,Prefix Sum",Algorithms
2103,Find All Groups of Farmland,find-all-groups-of-farmland,Medium,75.48,False,"Array,Depth-First Search,Breadth-First Search,Matrix",Algorithms
2104,Operations on Tree,operations-on-tree,Medium,45.02,False,"Array,Hash Table,Tree,Depth-First Search,Breadth-First Search,Design",Algorithms
2105,The Number of Good Subsets,the-number-of-good-subsets,Hard,37.06,False,"Array,Hash Table,Math,Dynamic Programming,Bit Manipulation,Counting,Number Theory,Bitmask",Algorithms
2122,Count Special Quadruplets,count-special-quadruplets,Easy,64.37,False,"Array,Hash Table,Enumeration",Algorithms
2123,The Number of Weak Characters in the Game,the-number-of-weak-characters-in-the-game,Medium,44.48,False,"Array,Stack,Greedy,Sorting,Monotonic Stack",Algorithms
2124,First Day Where You Have Been in All the Rooms,first-day-where-you-have-been-in-all-the-rooms,Medium,40.41,False,"Array,Dynamic Programming",Algorithms
2125,GCD Sort of an Array,gcd-sort-of-an-array,Hard,48.47,False,"Array,Math,Union-Find,Sorting,Number Theory",Algorithms
2141,Smallest Greater Multiple Made of Two Digits,smallest-greater-multiple-made-of-two-digits,Medium,48.29,True,"Math,Enumeration",Algorithms
2128,Reverse Prefix of Word,reverse-prefix-of-word,Easy,86.45,False,"Two Pointers,String,Stack",Algorithms
2129,Number of Pairs of Interchangeable Rectangles,number-of-pairs-of-interchangeable-rectangles,Medium,52.4,False,"Array,Hash Table,Math,Counting,Number Theory",Algorithms
2130,Maximum Product of the Length of Two Palindromic Subsequences,maximum-product-of-the-length-of-two-palindromic-subsequences,Medium,62.36,False,"String,Dynamic Programming,Backtracking,Bit Manipulation,Bitmask",Algorithms
2131,Smallest Missing Genetic Value in Each Subtree,smallest-missing-genetic-value-in-each-subtree,Hard,47.67,False,"Array,Dynamic Programming,Tree,Depth-First Search,Union-Find",Algorithms
2152,The Number of Seniors and Juniors to Join the Company,the-number-of-seniors-and-juniors-to-join-the-company,Hard,45.95,True,Database,Database
2153,Subtree Removal Game with Fibonacci Tree,subtree-removal-game-with-fibonacci-tree,Hard,57.87,True,"Math,Dynamic Programming,Tree,Binary Tree,Game Theory",Algorithms
2116,Count Number of Pairs With Absolute Difference K,count-number-of-pairs-with-absolute-difference-k,Easy,85.31,False,"Array,Hash Table,Counting",Algorithms
2117,Find Original Array From Doubled Array,find-original-array-from-doubled-array,Medium,40.74,False,"Array,Hash Table,Greedy,Sorting",Algorithms
2118,Maximum Earnings From Taxi,maximum-earnings-from-taxi,Medium,46.22,False,"Array,Hash Table,Binary Search,Dynamic Programming,Sorting",Algorithms
2119,Minimum Number of Operations to Make Array Continuous,minimum-number-of-operations-to-make-array-continuous,Hard,52.12,False,"Array,Hash Table,Binary Search,Sliding Window",Algorithms
2158,The Number of Seniors and Juniors to Join the Company II,the-number-of-seniors-and-juniors-to-join-the-company-ii,Hard,65.69,True,Database,Database
2137,Final Value of Variable After Performing Operations,final-value-of-variable-after-performing-operations,Easy,90.55,False,"Array,String,Simulation",Algorithms
2138,Sum of Beauty in the Array,sum-of-beauty-in-the-array,Medium,51.07,False,Array,Algorithms
2139,Detect Squares,detect-squares,Medium,52.26,False,"Array,Hash Table,Design,Counting,Data Stream",Algorithms
2140,Longest Subsequence Repeated k Times,longest-subsequence-repeated-k-times,Hard,71.3,False,"Hash Table,Two Pointers,String,Backtracking,Counting,Enumeration",Algorithms
2142,Average Height of Buildings in Each Segment,average-height-of-buildings-in-each-segment,Medium,58.47,True,"Array,Sorting,Heap (Priority Queue),Prefix Sum",Algorithms
2144,Maximum Difference Between Increasing Elements,maximum-difference-between-increasing-elements,Easy,66.44,False,Array,Algorithms
2145,Grid Game,grid-game,Medium,60.88,False,"Array,Matrix,Prefix Sum",Algorithms
2146,Check if Word Can Be Placed In Crossword,check-if-word-can-be-placed-in-crossword,Medium,50.63,False,"Array,Matrix,Enumeration",Algorithms
2147,The Score of Students Solving Math Expression,the-score-of-students-solving-math-expression,Hard,33.84,False,"Array,Hash Table,Math,String,Dynamic Programming,Stack,Memoization",Algorithms
2167,Number of Accounts That Did Not Stream,number-of-accounts-that-did-not-stream,Medium,72.0,True,Database,Database
2075,Brightest Position on Street,brightest-position-on-street,Medium,60.61,True,"Array,Sorting,Prefix Sum,Ordered Set",Algorithms
2132,Convert 1D Array Into 2D Array,convert-1d-array-into-2d-array,Easy,72.09,False,"Array,Matrix,Simulation",Algorithms
2133,Number of Pairs of Strings With Concatenation Equal to Target,number-of-pairs-of-strings-with-concatenation-equal-to-target,Medium,75.35,False,"Array,Hash Table,String,Counting",Algorithms
2134,Maximize the Confusion of an Exam,maximize-the-confusion-of-an-exam,Medium,69.69,False,"String,Binary Search,Sliding Window,Prefix Sum",Algorithms
2135,Maximum Number of Ways to Partition an Array,maximum-number-of-ways-to-partition-an-array,Hard,35.42,False,"Array,Hash Table,Counting,Enumeration,Prefix Sum",Algorithms
2172,Low-Quality Problems,low-quality-problems,Easy,84.08,True,Database,Database
2154,Minimum Moves to Convert String,minimum-moves-to-convert-string,Easy,57.68,False,"String,Greedy",Algorithms
2155,Find Missing Observations,find-missing-observations,Medium,57.39,False,"Array,Math,Simulation",Algorithms
2156,Stone Game IX,stone-game-ix,Medium,29.77,False,"Array,Math,Greedy,Counting,Game Theory",Algorithms
2157,Smallest K-Length Subsequence With Occurrences of a Letter,smallest-k-length-subsequence-with-occurrences-of-a-letter,Hard,39.61,False,"String,Stack,Greedy,Monotonic Stack",Algorithms
510,Count Subarrays With More Ones Than Zeros,count-subarrays-with-more-ones-than-zeros,Medium,49.1,True,"Array,Hash Table,Binary Search,Divide and Conquer,Binary Indexed Tree,Segment Tree,Merge Sort,Ordered Set",Algorithms
2159,Two Out of Three,two-out-of-three,Easy,77.41,False,"Array,Hash Table,Bit Manipulation",Algorithms
2160,Minimum Operations to Make a Uni-Value Grid,minimum-operations-to-make-a-uni-value-grid,Medium,67.47,False,"Array,Math,Sorting,Matrix",Algorithms
2161,Stock Price Fluctuation ,stock-price-fluctuation,Medium,48.87,False,"Hash Table,Design,Heap (Priority Queue),Data Stream,Ordered Set",Algorithms
2162,Partition Array Into Two Arrays to Minimize Sum Difference,partition-array-into-two-arrays-to-minimize-sum-difference,Hard,22.98,False,"Array,Two Pointers,Binary Search,Dynamic Programming,Bit Manipulation,Sorting,Ordered Set,Bitmask",Algorithms
512,Maximum Alternating Subarray Sum,maximum-alternating-subarray-sum,Medium,39.96,True,"Array,Dynamic Programming",Algorithms
2148,Minimum Number of Moves to Seat Everyone,minimum-number-of-moves-to-seat-everyone,Easy,87.19,False,"Array,Greedy,Sorting,Counting Sort",Algorithms
2149,Remove Colored Pieces if Both Neighbors are the Same Color,remove-colored-pieces-if-both-neighbors-are-the-same-color,Medium,63.03,False,"Math,String,Greedy,Game Theory",Algorithms
2151,The Time When the Network Becomes Idle,the-time-when-the-network-becomes-idle,Medium,55.25,False,"Array,Breadth-First Search,Graph Theory",Algorithms
2150,Kth Smallest Product of Two Sorted Arrays,kth-smallest-product-of-two-sorted-arrays,Hard,48.88,False,"Array,Binary Search",Algorithms
2185,Accepted Candidates From the Interviews,accepted-candidates-from-the-interviews,Medium,78.43,True,Database,Database
2168,Check if Numbers Are Ascending in a Sentence,check-if-numbers-are-ascending-in-a-sentence,Easy,72.85,False,String,Algorithms
2169,Simple Bank System,simple-bank-system,Medium,69.81,False,"Array,Hash Table,Design,Simulation",Algorithms
2170,Count Number of Maximum Bitwise-OR Subsets,count-number-of-maximum-bitwise-or-subsets,Medium,89.56,False,"Array,Backtracking,Bit Manipulation,Enumeration",Algorithms
2171,Second Minimum Time to Reach Destination,second-minimum-time-to-reach-destination,Hard,62.36,False,"Breadth-First Search,Graph Theory,Shortest Path",Algorithms
1992,Sort Linked List Already Sorted Using Absolute Values,sort-linked-list-already-sorted-using-absolute-values,Medium,67.03,True,"Linked List,Two Pointers,Sorting",Algorithms
2173,Number of Valid Words in a Sentence,number-of-valid-words-in-a-sentence,Easy,30.95,False,String,Algorithms
2174,Next Greater Numerically Balanced Number,next-greater-numerically-balanced-number,Medium,63.0,False,"Hash Table,Math,Backtracking,Counting,Enumeration",Algorithms
2175,Count Nodes With the Highest Score,count-nodes-with-the-highest-score,Medium,52.49,False,"Array,Tree,Depth-First Search,Binary Tree",Algorithms
2176,Parallel Courses III,parallel-courses-iii,Hard,66.81,False,"Array,Dynamic Programming,Graph Theory,Topological Sort",Algorithms
2194,The Category of Each Member in the Store,the-category-of-each-member-in-the-store,Medium,70.43,True,Database,Database
2082,Minimum Cost to Separate Sentence Into Rows,minimum-cost-to-separate-sentence-into-rows,Medium,51.05,True,"String,Dynamic Programming",Algorithms
2163,Kth Distinct String in an Array,kth-distinct-string-in-an-array,Easy,82.11,False,"Array,Hash Table,String,Counting",Algorithms
2164,Two Best Non-Overlapping Events,two-best-non-overlapping-events,Medium,64.05,False,"Array,Binary Search,Dynamic Programming,Sorting,Heap (Priority Queue)",Algorithms
2165,Plates Between Candles,plates-between-candles,Medium,47.3,False,"Array,String,Binary Search,Prefix Sum",Algorithms
2166,Number of Valid Move Combinations On Chessboard,number-of-valid-move-combinations-on-chessboard,Hard,48.75,False,"Array,String,Backtracking,Simulation",Algorithms
2181,Smallest Index With Equal Value,smallest-index-with-equal-value,Easy,73.07,False,Array,Algorithms
2182,Find the Minimum and Maximum Number of Nodes Between Critical Points,find-the-minimum-and-maximum-number-of-nodes-between-critical-points,Medium,69.45,False,Linked List,Algorithms
2183,Minimum Operations to Convert Number,minimum-operations-to-convert-number,Medium,51.52,False,"Array,Breadth-First Search",Algorithms
2184,Check if an Original String Exists Given Two Encoded Strings,check-if-an-original-string-exists-given-two-encoded-strings,Hard,43.52,False,"String,Dynamic Programming",Algorithms
2203,Number of Spaces Cleaning Robot Cleaned,number-of-spaces-cleaning-robot-cleaned,Medium,62.57,True,"Array,Matrix,Simulation",Algorithms
2186,Count Vowel Substrings of a String,count-vowel-substrings-of-a-string,Easy,72.81,False,"Hash Table,String",Algorithms
2187,Vowels of All Substrings,vowels-of-all-substrings,Medium,55.23,False,"Math,String,Dynamic Programming,Combinatorics",Algorithms
2188,Minimized Maximum of Products Distributed to Any Store,minimized-maximum-of-products-distributed-to-any-store,Medium,62.96,False,"Array,Binary Search,Greedy",Algorithms
2189,Maximum Path Quality of a Graph,maximum-path-quality-of-a-graph,Hard,61.57,False,"Array,Backtracking,Graph Theory",Algorithms
2208,Account Balance,account-balance,Medium,81.7,True,Database,Database
2209,Number of Equal Count Substrings,number-of-equal-count-substrings,Medium,45.22,True,"Hash Table,String,Sliding Window,Counting",Algorithms
2177,Check Whether Two Strings are Almost Equivalent,check-whether-two-strings-are-almost-equivalent,Easy,64.1,False,"Hash Table,String,Counting",Algorithms
2178,Walking Robot Simulation II,walking-robot-simulation-ii,Medium,25.6,False,"Design,Simulation",Algorithms
2179,Most Beautiful Item for Each Query,most-beautiful-item-for-each-query,Medium,62.11,False,"Array,Binary Search,Sorting",Algorithms
2180,Maximum Number of Tasks You Can Assign,maximum-number-of-tasks-you-can-assign,Hard,50.16,False,"Array,Two Pointers,Binary Search,Greedy,Queue,Sorting,Monotonic Queue",Algorithms
2214,The Winner University,the-winner-university,Easy,75.47,True,Database,Database
2195,Time Needed to Buy Tickets,time-needed-to-buy-tickets,Easy,72.1,False,"Array,Queue,Simulation",Algorithms
2196,Reverse Nodes in Even Length Groups,reverse-nodes-in-even-length-groups,Medium,63.64,False,Linked List,Algorithms
2197,Decode the Slanted Ciphertext,decode-the-slanted-ciphertext,Medium,50.26,False,"String,Simulation",Algorithms
2198,Process Restricted Friend Requests,process-restricted-friend-requests,Hard,59.39,False,"Union-Find,Graph Theory",Algorithms
2218,Paths in Maze That Lead to Same Room,paths-in-maze-that-lead-to-same-room,Medium,56.49,True,Graph Theory,Algorithms
2199,Two Furthest Houses With Different Colors,two-furthest-houses-with-different-colors,Easy,65.53,False,"Array,Greedy",Algorithms
1310,Watering Plants,watering-plants,Medium,79.96,False,"Array,Simulation",Algorithms
1294,Range Frequency Queries,range-frequency-queries,Medium,42.08,False,"Array,Hash Table,Binary Search,Design,Segment Tree",Algorithms
2202,Sum of k-Mirror Numbers,sum-of-k-mirror-numbers,Hard,63.75,False,"Math,Enumeration",Algorithms
2223,The Number of Rich Customers,the-number-of-rich-customers,Easy,77.38,True,Database,Database
2225,Substrings That Begin and End With the Same Letter,substrings-that-begin-and-end-with-the-same-letter,Medium,74.4,True,"Hash Table,Math,String,Counting,Prefix Sum",Algorithms
2224,Drop Type 1 Orders for Customers With Type 0 Orders,drop-type-1-orders-for-customers-with-type-0-orders,Medium,86.6,True,Database,Database
2190,Count Common Words With One Occurrence,count-common-words-with-one-occurrence,Easy,73.16,False,"Array,Hash Table,String,Counting",Algorithms
2191,Minimum Number of Food Buckets to Feed the Hamsters,minimum-number-of-food-buckets-to-feed-the-hamsters,Medium,47.93,False,"String,Dynamic Programming,Greedy",Algorithms
2192,Minimum Cost Homecoming of a Robot in a Grid,minimum-cost-homecoming-of-a-robot-in-a-grid,Medium,51.58,False,"Array,Greedy",Algorithms
2193,Count Fertile Pyramids in a Land,count-fertile-pyramids-in-a-land,Hard,66.23,False,"Array,Dynamic Programming,Matrix",Algorithms
2210,Find Target Indices After Sorting Array,find-target-indices-after-sorting-array,Easy,77.8,False,"Array,Binary Search,Sorting",Algorithms
2211,K Radius Subarray Averages,k-radius-subarray-averages,Medium,46.03,False,"Array,Sliding Window",Algorithms
2212,Removing Minimum and Maximum From Array,removing-minimum-and-maximum-from-array,Medium,56.21,False,"Array,Greedy",Algorithms
2213,Find All People With Secret,find-all-people-with-secret,Hard,48.42,False,"Depth-First Search,Breadth-First Search,Union-Find,Graph Theory,Sorting",Algorithms
2230,Minimum Cost to Reach City With Discounts,minimum-cost-to-reach-city-with-discounts,Medium,60.13,True,"Graph Theory,Heap (Priority Queue),Shortest Path",Algorithms
2215,Finding 3-Digit Even Numbers,finding-3-digit-even-numbers,Easy,78.81,False,"Array,Hash Table,Recursion,Sorting,Enumeration",Algorithms
2216,Delete the Middle Node of a Linked List,delete-the-middle-node-of-a-linked-list,Medium,59.48,False,"Linked List,Two Pointers",Algorithms
2217,Step-By-Step Directions From a Binary Tree Node to Another,step-by-step-directions-from-a-binary-tree-node-to-another,Medium,56.4,False,"String,Tree,Depth-First Search,Binary Tree",Algorithms
2201,Valid Arrangement of Pairs,valid-arrangement-of-pairs,Hard,66.46,False,"Array,Depth-First Search,Graph Theory,Eulerian Circuit",Algorithms
2242,Subsequence of Size K With the Largest Even Sum,subsequence-of-size-k-with-the-largest-even-sum,Medium,35.7,True,"Array,Greedy,Sorting",Algorithms
2204,Find Subsequence of Length K With the Largest Sum,find-subsequence-of-length-k-with-the-largest-sum,Easy,57.4,False,"Array,Hash Table,Sorting,Heap (Priority Queue)",Algorithms
2205,Find Good Days to Rob the Bank,find-good-days-to-rob-the-bank,Medium,51.39,False,"Array,Dynamic Programming,Prefix Sum",Algorithms
2206,Detonate the Maximum Bombs,detonate-the-maximum-bombs,Medium,49.88,False,"Array,Math,Depth-First Search,Breadth-First Search,Graph Theory,Geometry",Algorithms
2207,Sequentially Ordinal Rank Tracker,sequentially-ordinal-rank-tracker,Hard,61.53,False,"Design,Heap (Priority Queue),Data Stream,Ordered Set",Algorithms
2226,Rings and Rods,rings-and-rods,Easy,81.46,False,"Hash Table,String",Algorithms
2227,Sum of Subarray Ranges,sum-of-subarray-ranges,Medium,60.72,False,"Array,Stack,Monotonic Stack",Algorithms
2228,Watering Plants II,watering-plants-ii,Medium,48.59,False,"Array,Two Pointers,Simulation",Algorithms
2229,Maximum Fruits Harvested After at Most K Steps,maximum-fruits-harvested-after-at-most-k-steps,Hard,61.03,False,"Array,Binary Search,Sliding Window,Prefix Sum",Algorithms
2247,Number of Unique Flavors After Sharing K Candies,number-of-unique-flavors-after-sharing-k-candies,Medium,60.45,True,"Array,Hash Table,Sliding Window",Algorithms
2231,Find First Palindromic String in the Array,find-first-palindromic-string-in-the-array,Easy,83.97,False,"Array,Two Pointers,String",Algorithms
2232,Adding Spaces to a String,adding-spaces-to-a-string,Medium,71.77,False,"Array,Two Pointers,String,Simulation",Algorithms
2233,Number of Smooth Descent Periods of a Stock,number-of-smooth-descent-periods-of-a-stock,Medium,67.73,False,"Array,Math,Two Pointers,Dynamic Programming,Sliding Window",Algorithms
2234,Minimum Operations to Make the Array K-Increasing,minimum-operations-to-make-the-array-k-increasing,Hard,40.19,False,"Array,Binary Search",Algorithms
2252,The Airport With the Most Traffic,the-airport-with-the-most-traffic,Medium,71.45,True,Database,Database
2258,Elements in Array After Removing and Replacing Elements,elements-in-array-after-removing-and-replacing-elements,Medium,70.39,True,Array,Algorithms
2219,Maximum Number of Words Found in Sentences,maximum-number-of-words-found-in-sentences,Easy,86.65,False,"Array,String",Algorithms
2220,Find All Possible Recipes from Given Supplies,find-all-possible-recipes-from-given-supplies,Medium,56.78,False,"Array,Hash Table,String,Graph Theory,Topological Sort",Algorithms
2221,Check if a Parentheses String Can Be Valid,check-if-a-parentheses-string-can-be-valid,Medium,45.07,False,"String,Stack,Greedy",Algorithms
2222,Abbreviating the Product of a Range,abbreviating-the-product-of-a-range,Hard,24.81,False,"Math,Number Theory",Algorithms
2253,Build the Equation,build-the-equation,Hard,56.73,True,Database,Database
2238,A Number After a Double Reversal,a-number-after-a-double-reversal,Easy,81.95,False,Math,Algorithms
2239,Execution of All Suffix Instructions Staying in a Grid,execution-of-all-suffix-instructions-staying-in-a-grid,Medium,81.97,False,"String,Simulation",Algorithms
2240,Intervals Between Identical Elements,intervals-between-identical-elements,Medium,45.5,False,"Array,Hash Table,Prefix Sum",Algorithms
2241,Recover the Original Array,recover-the-original-array,Hard,41.19,False,"Array,Hash Table,Two Pointers,Sorting,Enumeration",Algorithms
2259,Minimum Operations to Remove Adjacent Ones in Matrix,minimum-operations-to-remove-adjacent-ones-in-matrix,Hard,42.8,True,"Array,Graph Theory,Matrix",Algorithms
2243,Check if All A's Appears Before All B's,check-if-all-as-appears-before-all-bs,Easy,73.07,False,String,Algorithms
2244,Number of Laser Beams in a Bank,number-of-laser-beams-in-a-bank,Medium,87.01,False,"Array,Math,String,Matrix",Algorithms
2245,Destroying Asteroids,destroying-asteroids,Medium,53.33,False,"Array,Greedy,Sorting",Algorithms
2246,Maximum Employees to Be Invited to a Meeting,maximum-employees-to-be-invited-to-a-meeting,Hard,61.8,False,"Depth-First Search,Graph Theory,Topological Sort",Algorithms
2268,Remove All Ones With Row and Column Flips,remove-all-ones-with-row-and-column-flips,Medium,76.21,True,"Array,Math,Bit Manipulation,Matrix",Algorithms
2235,Capitalize the Title,capitalize-the-title,Easy,67.75,False,String,Algorithms
2236,Maximum Twin Sum of a Linked List,maximum-twin-sum-of-a-linked-list,Medium,81.63,False,"Linked List,Two Pointers,Stack",Algorithms
2237,Longest Palindrome by Concatenating Two Letter Words,longest-palindrome-by-concatenating-two-letter-words,Medium,53.55,False,"Array,Hash Table,String,Greedy,Counting",Algorithms
2200,Stamping the Grid,stamping-the-grid,Hard,34.88,False,"Array,Greedy,Matrix,Prefix Sum",Algorithms
2254,Check if Every Row and Column Contains All Numbers,check-if-every-row-and-column-contains-all-numbers,Easy,53.92,False,"Array,Hash Table,Matrix",Algorithms
2255,Minimum Swaps to Group All 1's Together II,minimum-swaps-to-group-all-1s-together-ii,Medium,65.62,False,"Array,Sliding Window",Algorithms
2256,Count Words Obtained After Adding a Letter,count-words-obtained-after-adding-a-letter,Medium,43.91,False,"Array,Hash Table,String,Bit Manipulation,Sorting",Algorithms
2257,Earliest Possible Day of Full Bloom,earliest-possible-day-of-full-bloom,Hard,71.21,False,"Array,Greedy,Sorting",Algorithms
2273,Pour Water Between Buckets to Make Water Levels Equal,pour-water-between-buckets-to-make-water-levels-equal,Medium,68.18,True,"Array,Binary Search",Algorithms
2260,Divide a String Into Groups of Size k,divide-a-string-into-groups-of-size-k,Easy,77.1,False,"String,Simulation",Algorithms
1303,Minimum Moves to Reach Target Score,minimum-moves-to-reach-target-score,Medium,52.03,False,"Math,Greedy",Algorithms
2262,Solving Questions With Brainpower,solving-questions-with-brainpower,Medium,60.21,False,"Array,Dynamic Programming",Algorithms
2263,Maximum Running Time of N Computers,maximum-running-time-of-n-computers,Hard,56.4,False,"Array,Binary Search,Greedy,Sorting",Algorithms
2281,The Number of Passengers in Each Bus I,the-number-of-passengers-in-each-bus-i,Medium,49.05,True,Database,Database
2282,Choose Numbers From Two Arrays in Range,choose-numbers-from-two-arrays-in-range,Hard,52.93,True,"Array,Dynamic Programming",Algorithms
2248,Minimum Cost of Buying Candies With Discount,minimum-cost-of-buying-candies-with-discount,Easy,62.65,False,"Array,Greedy,Sorting",Algorithms
2249,Count the Hidden Sequences,count-the-hidden-sequences,Medium,56.75,False,"Array,Prefix Sum",Algorithms
2250,K Highest Ranked Items Within a Price Range,k-highest-ranked-items-within-a-price-range,Medium,46.37,False,"Array,Breadth-First Search,Sorting,Heap (Priority Queue),Matrix",Algorithms
2251,Number of Ways to Divide a Long Corridor,number-of-ways-to-divide-a-long-corridor,Hard,54.59,False,"Math,String,Dynamic Programming",Algorithms
2269,Count Elements With Strictly Smaller and Greater Elements ,count-elements-with-strictly-smaller-and-greater-elements,Easy,59.78,False,"Array,Sorting,Counting",Algorithms
2271,Rearrange Array Elements by Sign,rearrange-array-elements-by-sign,Medium,84.53,False,"Array,Two Pointers,Simulation",Algorithms
2270,Find All Lonely Numbers in the Array,find-all-lonely-numbers-in-the-array,Medium,62.64,False,"Array,Hash Table,Counting",Algorithms
2272,Maximum Good People Based on Statements,maximum-good-people-based-on-statements,Hard,52.22,False,"Array,Backtracking,Bit Manipulation,Enumeration",Algorithms
2287,Minimum Number of Lines to Cover Points,minimum-number-of-lines-to-cover-points,Medium,43.81,True,"Array,Hash Table,Math,Dynamic Programming,Backtracking,Bit Manipulation,Geometry,Bitmask",Algorithms
2296,The Number of Passengers in Each Bus II,the-number-of-passengers-in-each-bus-ii,Hard,40.0,True,Database,Database
2274,Keep Multiplying Found Values by Two,keep-multiplying-found-values-by-two,Easy,75.07,False,"Array,Hash Table,Sorting,Simulation",Algorithms
2261,All Divisions With the Highest Score of a Binary Array,all-divisions-with-the-highest-score-of-a-binary-array,Medium,65.44,False,Array,Algorithms
2275,Find Substring With Given Hash Value,find-substring-with-given-hash-value,Hard,25.92,False,"String,Sliding Window,Rolling Hash,Hash Function",Algorithms
2276,Groups of Strings,groups-of-strings,Hard,27.38,False,"Array,Hash Table,String,Bit Manipulation,Union-Find",Algorithms
2297,Amount of New Area Painted Each Day,amount-of-new-area-painted-each-day,Hard,55.58,True,"Array,Segment Tree,Ordered Set",Algorithms
2302,Order Two Columns Independently,order-two-columns-independently,Medium,61.48,True,Database,Database
2264,Minimum Sum of Four Digit Number After Splitting Digits,minimum-sum-of-four-digit-number-after-splitting-digits,Easy,86.23,False,"Math,Greedy,Sorting",Algorithms
2265,Partition Array According to Given Pivot,partition-array-according-to-given-pivot,Medium,89.8,False,"Array,Two Pointers,Simulation",Algorithms
2266,Minimum Cost to Set Cooking Time,minimum-cost-to-set-cooking-time,Medium,41.49,False,"Math,Enumeration",Algorithms
2267,Minimum Difference in Sums After Removal of Elements,minimum-difference-in-sums-after-removal-of-elements,Hard,69.87,False,"Array,Dynamic Programming,Heap (Priority Queue)",Algorithms
2283,Sort Even and Odd Indices Independently,sort-even-and-odd-indices-independently,Easy,63.15,False,"Array,Sorting",Algorithms
2284,Smallest Value of the Rearranged Number,smallest-value-of-the-rearranged-number,Medium,53.4,False,"Math,Sorting",Algorithms
2285,Design Bitset,design-bitset,Medium,32.53,False,"Array,Hash Table,String,Design",Algorithms
2286,Minimum Time to Remove All Cars Containing Illegal Goods,minimum-time-to-remove-all-cars-containing-illegal-goods,Hard,42.01,False,"String,Dynamic Programming",Algorithms
2303,Unique Substrings With Equal Digit Frequency,unique-substrings-with-equal-digit-frequency,Medium,64.53,True,"Hash Table,String,Rolling Hash,Counting,Hash Function",Algorithms
2288,Count Operations to Obtain Zero,count-operations-to-obtain-zero,Easy,79.81,False,"Math,Simulation",Algorithms
2289,Minimum Operations to Make the Array Alternating,minimum-operations-to-make-the-array-alternating,Medium,35.35,False,"Array,Hash Table,Greedy,Counting",Algorithms
2290,Removing Minimum Number of Magic Beans,removing-minimum-number-of-magic-beans,Medium,44.38,False,"Array,Greedy,Sorting,Enumeration,Prefix Sum",Algorithms
2291,Maximum AND Sum of Array,maximum-and-sum-of-array,Hard,50.66,False,"Array,Dynamic Programming,Bit Manipulation,Bitmask",Algorithms
2313,Longest Winning Streak,longest-winning-streak,Hard,54.05,True,Database,Database
2314,Remove All Ones With Row and Column Flips II,remove-all-ones-with-row-and-column-flips-ii,Medium,67.24,True,"Array,Bit Manipulation,Breadth-First Search,Matrix",Algorithms
2315,The Change in Global Rankings,the-change-in-global-rankings,Medium,60.79,True,Database,Database
2277,Count Equal and Divisible Pairs in an Array,count-equal-and-divisible-pairs-in-an-array,Easy,83.99,False,Array,Algorithms
2278,Find Three Consecutive Integers That Sum to a Given Number,find-three-consecutive-integers-that-sum-to-a-given-number,Medium,65.26,False,"Math,Simulation",Algorithms
2279,Maximum Split of Positive Even Integers,maximum-split-of-positive-even-integers,Medium,59.64,False,"Math,Backtracking,Greedy",Algorithms
2280,Count Good Triplets in an Array,count-good-triplets-in-an-array,Hard,65.79,False,"Array,Binary Search,Divide and Conquer,Binary Indexed Tree,Segment Tree,Merge Sort,Ordered Set",Algorithms
2298,Count Integers With Even Digit Sum,count-integers-with-even-digit-sum,Easy,69.72,False,"Math,Simulation",Algorithms
2299,Merge Nodes in Between Zeros,merge-nodes-in-between-zeros,Medium,89.65,False,"Linked List,Simulation",Algorithms
2300,Construct String With Repeat Limit,construct-string-with-repeat-limit,Medium,70.9,False,"Hash Table,String,Greedy,Heap (Priority Queue),Counting",Algorithms
2301,Count Array Pairs Divisible by K,count-array-pairs-divisible-by-k,Hard,30.53,False,"Array,Hash Table,Math,Counting,Number Theory",Algorithms
2322,Number of Ways to Build Sturdy Brick Wall,number-of-ways-to-build-sturdy-brick-wall,Medium,49.52,True,"Array,Dynamic Programming,Bit Manipulation,Bitmask",Algorithms
2292,Counting Words With a Given Prefix,counting-words-with-a-given-prefix,Easy,84.46,False,"Array,String,String Matching",Algorithms
2293,Minimum Number of Steps to Make Two Strings Anagram II,minimum-number-of-steps-to-make-two-strings-anagram-ii,Medium,73.0,False,"Hash Table,String,Counting",Algorithms
2294,Minimum Time to Complete Trips,minimum-time-to-complete-trips,Medium,39.55,False,"Array,Binary Search",Algorithms
2295,Minimum Time to Finish the Race,minimum-time-to-finish-the-race,Hard,43.28,False,"Array,Dynamic Programming",Algorithms
1385,Number of Ways to Build House of Cards,number-of-ways-to-build-house-of-cards,Medium,62.56,True,"Math,Dynamic Programming",Algorithms
2312,Most Frequent Number Following Key In an Array,most-frequent-number-following-key-in-an-array,Easy,59.38,False,"Array,Hash Table,Counting",Algorithms
1333,Sort the Jumbled Numbers,sort-the-jumbled-numbers,Medium,59.96,False,"Array,Sorting",Algorithms
1431,All Ancestors of a Node in a Directed Acyclic Graph,all-ancestors-of-a-node-in-a-directed-acyclic-graph,Medium,62.12,False,"Depth-First Search,Breadth-First Search,Graph Theory,Topological Sort",Algorithms
1356,Minimum Number of Moves to Make Palindrome,minimum-number-of-moves-to-make-palindrome,Hard,52.58,False,"Two Pointers,String,Greedy,Binary Indexed Tree",Algorithms
2304,Cells in a Range on an Excel Sheet,cells-in-a-range-on-an-excel-sheet,Easy,84.16,False,String,Algorithms
2305,Append K Integers With Minimal Sum,append-k-integers-with-minimal-sum,Medium,26.83,False,"Array,Math,Greedy,Sorting",Algorithms
2306,Create Binary Tree From Descriptions,create-binary-tree-from-descriptions,Medium,81.71,False,"Array,Hash Table,Tree,Binary Tree",Algorithms
2307,Replace Non-Coprime Numbers in Array,replace-non-coprime-numbers-in-array,Hard,57.66,False,"Array,Math,Stack,Number Theory",Algorithms
1383,Number of Single Divisor Triplets,number-of-single-divisor-triplets,Medium,54.84,True,"Array,Counting,Enumeration",Algorithms
2335,Finding the Topic of Each Post,finding-the-topic-of-each-post,Hard,50.2,True,Database,Database
2320,Find All K-Distant Indices in an Array,find-all-k-distant-indices-in-an-array,Easy,77.4,False,"Array,Two Pointers",Algorithms
1312,Count Artifacts That Can Be Extracted,count-artifacts-that-can-be-extracted,Medium,57.04,False,"Array,Hash Table,Simulation",Algorithms
1346,Maximize the Topmost Element After K Moves,maximize-the-topmost-element-after-k-moves,Medium,23.96,False,"Array,Greedy",Algorithms
2321,Minimum Weighted Subgraph With the Required Paths,minimum-weighted-subgraph-with-the-required-paths,Hard,40.96,False,"Graph Theory,Heap (Priority Queue),Shortest Path",Algorithms
1347,Distance to a Cycle in Undirected Graph,distance-to-a-cycle-in-undirected-graph,Hard,73.56,True,"Depth-First Search,Breadth-First Search,Graph Theory,Topological Sort",Algorithms
2336,The Number of Users That Are Eligible for Discount,the-number-of-users-that-are-eligible-for-discount,Easy,50.74,True,Database,Database
2308,Divide Array Into Equal Pairs,divide-array-into-equal-pairs,Easy,79.23,False,"Array,Hash Table,Bit Manipulation,Counting",Algorithms
2309,Maximize Number of Subsequences in a String,maximize-number-of-subsequences-in-a-string,Medium,35.92,False,"String,Greedy,Prefix Sum",Algorithms
2310,Minimum Operations to Halve Array Sum,minimum-operations-to-halve-array-sum,Medium,49.95,False,"Array,Greedy,Heap (Priority Queue)",Algorithms
2311,Minimum White Tiles After Covering With Carpets,minimum-white-tiles-after-covering-with-carpets,Hard,38.57,False,"String,Dynamic Programming,Prefix Sum",Algorithms
2316,Count Hills and Valleys in an Array,count-hills-and-valleys-in-an-array,Easy,69.13,False,Array,Algorithms
2317,Count Collisions on a Road,count-collisions-on-a-road,Medium,58.07,False,"String,Stack,Simulation",Algorithms
2318,Maximum Points in an Archery Competition,maximum-points-in-an-archery-competition,Medium,51.35,False,"Array,Backtracking,Bit Manipulation,Enumeration",Algorithms
2319,Longest Substring of One Repeating Character,longest-substring-of-one-repeating-character,Hard,34.09,False,"Array,String,Segment Tree,Ordered Set",Algorithms
2354,Minimum Health to Beat Game,minimum-health-to-beat-game,Medium,58.83,True,"Array,Greedy",Algorithms
1392,Find the Difference of Two Arrays,find-the-difference-of-two-arrays,Easy,81.3,False,"Array,Hash Table",Algorithms
1355,Minimum Deletions to Make Array Beautiful,minimum-deletions-to-make-array-beautiful,Medium,49.74,False,"Array,Stack,Greedy",Algorithms
1375,Find Palindrome With Fixed Length,find-palindrome-with-fixed-length,Medium,37.91,False,"Array,Math",Algorithms
1393,Maximum Value of K Coins From Piles,maximum-value-of-k-coins-from-piles,Hard,60.41,False,"Array,Dynamic Programming,Prefix Sum",Algorithms
2369,Maximum Sum Score of Array,maximum-sum-score-of-array,Medium,62.63,True,"Array,Prefix Sum",Algorithms
2323,Minimum Bit Flips to Convert Number,minimum-bit-flips-to-convert-number,Easy,87.83,False,Bit Manipulation,Algorithms
2324,Find Triangular Sum of an Array,find-triangular-sum-of-an-array,Medium,81.96,False,"Array,Math,Simulation,Combinatorics",Algorithms
2325,Number of Ways to Select Buildings,number-of-ways-to-select-buildings,Medium,50.82,False,"String,Dynamic Programming,Prefix Sum",Algorithms
2326,Sum of Scores of Built Strings,sum-of-scores-of-built-strings,Hard,46.46,False,"String,Binary Search,Rolling Hash,Suffix Array,String Matching,Hash Function",Algorithms
2345,Minimum Number of Operations to Convert Time,minimum-number-of-operations-to-convert-time,Easy,66.26,False,"String,Greedy",Algorithms
1354,Find Players With Zero or One Losses,find-players-with-zero-or-one-losses,Medium,72.45,False,"Array,Hash Table,Sorting,Counting",Algorithms
1335,Maximum Candies Allocated to K Children,maximum-candies-allocated-to-k-children,Medium,49.9,False,"Array,Binary Search",Algorithms
1433,Encrypt and Decrypt Strings,encrypt-and-decrypt-strings,Hard,38.03,False,"Array,Hash Table,String,Design,Trie",Algorithms
2370,Users With Two Purchases Within Seven Days,users-with-two-purchases-within-seven-days,Medium,46.62,True,Database,Database
1416,Check if an Array Is Consecutive,check-if-an-array-is-consecutive,Easy,62.08,True,"Array,Hash Table,Sorting",Algorithms
2371,The Users That Are Eligible for Discount,the-users-that-are-eligible-for-discount,Easy,50.58,True,Database,Database
2327,Largest Number After Digit Swaps by Parity,largest-number-after-digit-swaps-by-parity,Easy,64.99,False,"Sorting,Heap (Priority Queue)",Algorithms
2328,Minimize Result by Adding Parentheses to Expression,minimize-result-by-adding-parentheses-to-expression,Medium,68.17,False,"String,Enumeration",Algorithms
2329,Maximum Product After K Increments,maximum-product-after-k-increments,Medium,43.13,False,"Array,Greedy,Heap (Priority Queue)",Algorithms
2330,Maximum Total Beauty of the Gardens,maximum-total-beauty-of-the-gardens,Hard,30.32,False,"Array,Two Pointers,Binary Search,Greedy,Sorting,Enumeration,Prefix Sum",Algorithms
2383,Add Two Integers,add-two-integers,Easy,87.94,False,Math,Algorithms
2384,Root Equals Sum of Children,root-equals-sum-of-children,Easy,84.85,False,"Tree,Binary Tree",Algorithms
2385,Count Positions on Street With Required Brightness,count-positions-on-street-with-required-brightness,Medium,62.92,True,"Array,Prefix Sum",Algorithms
2376,Number of Times a Driver Was a Passenger,number-of-times-a-driver-was-a-passenger,Medium,71.61,True,Database,Database
2350,Find Closest Number to Zero,find-closest-number-to-zero,Easy,47.71,False,Array,Algorithms
2351,Number of Ways to Buy Pens and Pencils,number-of-ways-to-buy-pens-and-pencils,Medium,56.57,False,"Math,Enumeration",Algorithms
2352,Design an ATM Machine,design-an-atm-machine,Medium,44.51,False,"Array,Greedy,Design",Algorithms
2353,Maximum Score of a Node Sequence,maximum-score-of-a-node-sequence,Hard,39.74,False,"Array,Graph Theory,Sorting,Enumeration",Algorithms
2361,Calculate Digit Sum of a String,calculate-digit-sum-of-a-string,Easy,67.61,False,"String,Simulation",Algorithms
2362,Minimum Rounds to Complete All Tasks,minimum-rounds-to-complete-all-tasks,Medium,63.21,False,"Array,Hash Table,Greedy,Counting",Algorithms
2363,Maximum Trailing Zeros in a Cornered Path,maximum-trailing-zeros-in-a-cornered-path,Medium,37.43,False,"Array,Matrix,Prefix Sum",Algorithms
2364,Longest Path With Different Adjacent Characters,longest-path-with-different-adjacent-characters,Hard,53.94,False,"Array,String,Tree,Depth-First Search,Graph Theory,Topological Sort",Algorithms
2007,Maximum Cost of Trip With K Highways,maximum-cost-of-trip-with-k-highways,Hard,51.06,True,"Dynamic Programming,Bit Manipulation,Graph Theory,Bitmask",Algorithms
2331,Intersection of Multiple Arrays,intersection-of-multiple-arrays,Easy,68.63,False,"Array,Hash Table,Sorting,Counting",Algorithms
2332,Count Lattice Points Inside a Circle,count-lattice-points-inside-a-circle,Medium,56.45,False,"Array,Hash Table,Math,Geometry,Enumeration",Algorithms
2333,Count Number of Rectangles Containing Each Point,count-number-of-rectangles-containing-each-point,Medium,37.33,False,"Array,Hash Table,Binary Search,Binary Indexed Tree,Sorting",Algorithms
2334,Number of Flowers in Full Bloom,number-of-flowers-in-full-bloom,Hard,57.72,False,"Array,Hash Table,Binary Search,Sorting,Prefix Sum,Ordered Set",Algorithms
2381,Dynamic Pivoting of a Table,dynamic-pivoting-of-a-table,Hard,57.01,True,Database,Database
2382,Dynamic Unpivoting of a Table,dynamic-unpivoting-of-a-table,Hard,69.21,True,Database,Database
2396,Design Video Sharing Platform,design-video-sharing-platform,Hard,64.04,True,"Hash Table,Stack,Design,Ordered Set",Algorithms
2341,Count Prefixes of a Given String,count-prefixes-of-a-given-string,Easy,74.18,False,"Array,String",Algorithms
2342,Minimum Average Difference,minimum-average-difference,Medium,43.79,False,"Array,Prefix Sum",Algorithms
2343,Count Unguarded Cells in the Grid,count-unguarded-cells-in-the-grid,Medium,69.0,False,"Array,Matrix,Simulation",Algorithms
2344,Escape the Spreading Fire,escape-the-spreading-fire,Hard,37.52,False,"Array,Binary Search,Breadth-First Search,Matrix",Algorithms
2337,Remove Digit From Number to Maximize Result,remove-digit-from-number-to-maximize-result,Easy,48.2,False,"String,Greedy,Enumeration",Algorithms
2338,Minimum Consecutive Cards to Pick Up,minimum-consecutive-cards-to-pick-up,Medium,53.5,False,"Array,Hash Table,Sliding Window",Algorithms
2339,K Divisible Elements Subarrays,k-divisible-elements-subarrays,Medium,54.75,False,"Array,Hash Table,Trie,Rolling Hash,Hash Function,Enumeration",Algorithms
2340,Total Appeal of A String,total-appeal-of-a-string,Hard,56.32,False,"Hash Table,String,Dynamic Programming",Algorithms
1419,Make Array Non-decreasing or Non-increasing,make-array-non-decreasing-or-non-increasing,Hard,65.57,True,"Dynamic Programming,Greedy",Algorithms
2346,Largest 3-Same-Digit Number in String,largest-3-same-digit-number-in-string,Easy,72.69,False,String,Algorithms
2347,Count Nodes Equal to Average of Subtree,count-nodes-equal-to-average-of-subtree,Medium,86.75,False,"Tree,Depth-First Search,Binary Tree",Algorithms
2348,Count Number of Texts,count-number-of-texts,Medium,49.88,False,"Hash Table,Math,String,Dynamic Programming",Algorithms
2349, Check if There Is a Valid Parentheses String Path,check-if-there-is-a-valid-parentheses-string-path,Hard,40.07,False,"Array,Dynamic Programming,Matrix",Algorithms
2405,Minimum Number of Keypresses,minimum-number-of-keypresses,Medium,71.44,True,"Hash Table,String,Greedy,Sorting,Counting",Algorithms
1430,Find the K-Beauty of a Number,find-the-k-beauty-of-a-number,Easy,62.97,False,"Math,String,Sliding Window",Algorithms
2358,Number of Ways to Split Array,number-of-ways-to-split-array,Medium,55.91,False,"Array,Prefix Sum",Algorithms
2359,Maximum White Tiles Covered by a Carpet,maximum-white-tiles-covered-by-a-carpet,Medium,35.64,False,"Array,Binary Search,Greedy,Sliding Window,Sorting,Prefix Sum",Algorithms
2360,Substring With Largest Variance,substring-with-largest-variance,Hard,46.04,False,"Array,Dynamic Programming",Algorithms
1353,Find Resultant Array After Removing Anagrams,find-resultant-array-after-removing-anagrams,Easy,69.85,False,"Array,Hash Table,String,Sorting",Algorithms
2355,Maximum Consecutive Floors Without Special Floors,maximum-consecutive-floors-without-special-floors,Medium,52.47,False,"Array,Sorting",Algorithms
2356,Largest Combination With Bitwise AND Greater Than Zero,largest-combination-with-bitwise-and-greater-than-zero,Medium,80.8,False,"Array,Hash Table,Bit Manipulation,Counting",Algorithms
2357,Count Integers in Intervals,count-integers-in-intervals,Hard,35.64,False,"Design,Segment Tree,Ordered Set",Algorithms
2420,Closest Node to Path in Tree,closest-node-to-path-in-tree,Hard,62.33,True,"Array,Tree,Depth-First Search,Breadth-First Search",Algorithms
2365,Percentage of Letter in String,percentage-of-letter-in-string,Easy,75.03,False,String,Algorithms
2366,Maximum Bags With Full Capacity of Rocks,maximum-bags-with-full-capacity-of-rocks,Medium,67.97,False,"Array,Greedy,Sorting",Algorithms
2367,Minimum Lines to Represent a Line Chart,minimum-lines-to-represent-a-line-chart,Medium,26.79,False,"Array,Math,Geometry,Sorting,Number Theory",Algorithms
2368,Sum of Total Strength of Wizards,sum-of-total-strength-of-wizards,Hard,29.11,False,"Array,Stack,Monotonic Stack,Prefix Sum",Algorithms
2425,Number of People That Can Be Seen in a Grid,number-of-people-that-can-be-seen-in-a-grid,Medium,47.37,True,"Array,Stack,Matrix,Monotonic Stack",Algorithms
2377,Check if Number Has Equal Digit Count and Digit Value,check-if-number-has-equal-digit-count-and-digit-value,Easy,73.05,False,"Hash Table,String,Counting",Algorithms
2378,Sender With Largest Word Count,sender-with-largest-word-count,Medium,59.47,False,"Array,Hash Table,String,Counting",Algorithms
2379,Maximum Total Importance of Roads,maximum-total-importance-of-roads,Medium,69.12,False,"Greedy,Graph Theory,Sorting,Heap (Priority Queue)",Algorithms
2380,Booking Concert Tickets in Groups,booking-concert-tickets-in-groups,Hard,19.1,False,"Binary Search,Design,Binary Indexed Tree,Segment Tree",Algorithms
2372,Rearrange Characters to Make Target String,rearrange-characters-to-make-target-string,Easy,61.02,False,"Hash Table,String,Counting",Algorithms
2373,Apply Discount to Prices,apply-discount-to-prices,Medium,33.78,False,String,Algorithms
2374,Steps to Make Array Non-decreasing,steps-to-make-array-non-decreasing,Medium,24.59,False,"Array,Linked List,Stack,Monotonic Stack",Algorithms
2375,Minimum Obstacle Removal to Reach Corner,minimum-obstacle-removal-to-reach-corner,Hard,70.44,False,"Array,Breadth-First Search,Graph Theory,Heap (Priority Queue),Matrix,Shortest Path",Algorithms
2426,Maximum Profit From Trading Stocks,maximum-profit-from-trading-stocks,Medium,48.02,True,"Array,Dynamic Programming",Algorithms
2431,Products With Three or More Orders in Two Consecutive Years,products-with-three-or-more-orders-in-two-consecutive-years,Medium,40.54,True,Database,Database
2386,Min Max Game,min-max-game,Easy,64.22,False,"Array,Simulation",Algorithms
2387,Partition Array Such That Maximum Difference Is K,partition-array-such-that-maximum-difference-is-k,Medium,81.85,False,"Array,Greedy,Sorting",Algorithms
2388,Replace Elements in an Array,replace-elements-in-an-array,Medium,59.58,False,"Array,Hash Table,Simulation",Algorithms
2389,Design a Text Editor,design-a-text-editor,Hard,49.94,False,"Linked List,String,Stack,Design,Simulation,Doubly-Linked List",Algorithms
2056,Jump Game VIII,jump-game-viii,Medium,45.42,True,"Array,Dynamic Programming,Stack,Graph Theory,Monotonic Stack,Shortest Path",Algorithms
2440,Tasks Count in the Weekend,tasks-count-in-the-weekend,Medium,81.73,True,Database,Database
2391,Strong Password Checker II,strong-password-checker-ii,Easy,55.31,False,String,Algorithms
2392,Successful Pairs of Spells and Potions,successful-pairs-of-spells-and-potions,Medium,49.43,False,"Array,Two Pointers,Binary Search,Sorting",Algorithms
2393,Match Substring After Replacement,match-substring-after-replacement,Hard,43.14,False,"Array,Hash Table,String,String Matching",Algorithms
2394,Count Subarrays With Score Less Than K,count-subarrays-with-score-less-than-k,Hard,62.32,False,"Array,Binary Search,Sliding Window,Prefix Sum",Algorithms
1382,Calculate Amount Paid in Taxes,calculate-amount-paid-in-taxes,Easy,68.95,False,"Array,Simulation",Algorithms
1394,Minimum Path Cost in a Grid,minimum-path-cost-in-a-grid,Medium,67.91,False,"Array,Dynamic Programming,Matrix",Algorithms
1418,Fair Distribution of Cookies,fair-distribution-of-cookies,Medium,69.8,False,"Array,Dynamic Programming,Backtracking,Bit Manipulation,Bitmask",Algorithms
2390,Naming a Company,naming-a-company,Hard,46.48,False,"Array,Hash Table,String,Bit Manipulation,Enumeration",Algorithms
2065,Check for Contradictions in Equations,check-for-contradictions-in-equations,Hard,43.76,True,"Array,Depth-First Search,Union-Find,Graph Theory",Algorithms
2441,Arrange Table by Gender,arrange-table-by-gender,Medium,70.66,True,Database,Database
1363,Greatest English Letter in Upper and Lower Case,greatest-english-letter-in-upper-and-lower-case,Easy,71.84,False,"Hash Table,String,Enumeration",Algorithms
1334,Sum of Numbers With Units Digit K,sum-of-numbers-with-units-digit-k,Medium,28.09,False,"Math,Dynamic Programming,Greedy,Enumeration",Algorithms
2395,Longest Binary Subsequence Less Than or Equal to K,longest-binary-subsequence-less-than-or-equal-to-k,Medium,52.85,False,"String,Dynamic Programming,Greedy,Memoization",Algorithms
1376,Selling Pieces of Wood,selling-pieces-of-wood,Hard,52.72,False,"Array,Dynamic Programming,Memoization",Algorithms
2399,Minimum Flips in Binary Tree to Get Result,minimum-flips-in-binary-tree-to-get-result,Hard,56.75,True,"Dynamic Programming,Tree,Depth-First Search,Binary Tree",Algorithms
2446,The First Day of the Maximum Recorded Degree in Each City,the-first-day-of-the-maximum-recorded-degree-in-each-city,Medium,73.32,True,Database,Database
2401,Count Asterisks,count-asterisks,Easy,83.26,False,String,Algorithms
2403,Count Unreachable Pairs of Nodes in an Undirected Graph,count-unreachable-pairs-of-nodes-in-an-undirected-graph,Medium,49.81,False,"Depth-First Search,Breadth-First Search,Union-Find,Graph Theory",Algorithms
2402,Maximum XOR After Operations ,maximum-xor-after-operations,Medium,79.87,False,"Array,Math,Bit Manipulation",Algorithms
2404,Number of Distinct Roll Sequences,number-of-distinct-roll-sequences,Hard,58.12,False,"Dynamic Programming,Memoization",Algorithms
2398,Check if Matrix Is X-Matrix,check-if-matrix-is-x-matrix,Easy,66.36,False,"Array,Matrix",Algorithms
2397,Count Number of Ways to Place Houses,count-number-of-ways-to-place-houses,Medium,43.76,False,Dynamic Programming,Algorithms
1348,Maximum Score Of Spliced Array,maximum-score-of-spliced-array,Hard,58.27,False,"Array,Dynamic Programming",Algorithms
2400,Minimum Score After Removals on a Tree,minimum-score-after-removals-on-a-tree,Hard,76.21,False,"Array,Bit Manipulation,Tree,Depth-First Search",Algorithms
2458,Find Minimum Time to Finish All Jobs II,find-minimum-time-to-finish-all-jobs-ii,Medium,66.0,True,"Array,Greedy,Sorting",Algorithms
2451,Product Sales Analysis IV,product-sales-analysis-iv,Medium,75.86,True,Database,Database
2406,Decode the Message,decode-the-message,Easy,85.82,False,"Hash Table,String",Algorithms
2411,Spiral Matrix IV,spiral-matrix-iv,Medium,82.28,False,"Array,Linked List,Matrix,Simulation",Algorithms
2408,Number of People Aware of a Secret,number-of-people-aware-of-a-secret,Medium,60.89,False,"Dynamic Programming,Queue,Simulation",Algorithms
2409,Number of Increasing Paths in a Grid,number-of-increasing-paths-in-a-grid,Hard,57.42,False,"Array,Dynamic Programming,Depth-First Search,Breadth-First Search,Graph Theory,Topological Sort,Memoization,Matrix",Algorithms
2452,Product Sales Analysis V,product-sales-analysis-v,Easy,70.75,True,Database,Database
2468,Valid Palindrome IV,valid-palindrome-iv,Medium,75.7,True,"Two Pointers,String",Algorithms
2416,Evaluate Boolean Binary Tree,evaluate-boolean-binary-tree,Easy,82.43,False,"Tree,Depth-First Search,Binary Tree",Algorithms
2417,The Latest Time to Catch a Bus,the-latest-time-to-catch-a-bus,Medium,29.93,False,"Array,Two Pointers,Binary Search,Sorting",Algorithms
2418,Minimum Sum of Squared Difference,minimum-sum-of-squared-difference,Medium,26.75,False,"Array,Binary Search,Greedy,Sorting,Heap (Priority Queue)",Algorithms
2419,Subarray With Elements Greater Than Varying Threshold,subarray-with-elements-greater-than-varying-threshold,Hard,45.21,False,"Array,Stack,Union-Find,Monotonic Stack",Algorithms
2412,Minimum Amount of Time to Fill Cups,minimum-amount-of-time-to-fill-cups,Easy,60.0,False,"Array,Greedy,Sorting,Heap (Priority Queue)",Algorithms
2413,Smallest Number in Infinite Set,smallest-number-in-infinite-set,Medium,70.57,False,"Hash Table,Design,Heap (Priority Queue),Ordered Set",Algorithms
2414,Move Pieces to Obtain a String,move-pieces-to-obtain-a-string,Medium,56.71,False,"Two Pointers,String",Algorithms
2415,Count the Number of Ideal Arrays,count-the-number-of-ideal-arrays,Hard,56.92,False,"Math,Dynamic Programming,Combinatorics,Number Theory",Algorithms
2453,All the Matches of the League,all-the-matches-of-the-league,Easy,88.52,True,Database,Database
2474,Minimum Adjacent Swaps to Make a Valid Array,minimum-adjacent-swaps-to-make-a-valid-array,Medium,72.22,True,"Array,Greedy",Algorithms
2421,Maximum Number of Pairs in Array,maximum-number-of-pairs-in-array,Easy,76.01,False,"Array,Hash Table,Counting",Algorithms
2473,Max Sum of a Pair With Equal Sum of Digits,max-sum-of-a-pair-with-equal-sum-of-digits,Medium,65.97,False,"Array,Hash Table,Sorting,Heap (Priority Queue)",Algorithms
2422,Query Kth Smallest Trimmed Number,query-kth-smallest-trimmed-number,Medium,47.05,False,"Array,String,Divide and Conquer,Sorting,Heap (Priority Queue),Radix Sort,Quickselect",Algorithms
2423,Minimum Deletions to Make Array Divisible,minimum-deletions-to-make-array-divisible,Hard,59.64,False,"Array,Math,Sorting,Heap (Priority Queue),Number Theory",Algorithms
2485,Finding the Number of Visible Mountains,finding-the-number-of-visible-mountains,Medium,37.18,True,"Array,Stack,Sorting,Monotonic Stack",Algorithms
2484,Compute the Rank as a Percentage,compute-the-rank-as-a-percentage,Medium,33.87,True,Database,Database
2433,Best Poker Hand,best-poker-hand,Easy,61.6,False,"Array,Hash Table,Counting",Algorithms
2432,Number of Zero-Filled Subarrays,number-of-zero-filled-subarrays,Medium,70.13,False,"Array,Math",Algorithms
2434,Design a Number Container System,design-a-number-container-system,Medium,57.1,False,"Hash Table,Design,Heap (Priority Queue),Ordered Set",Algorithms
2435,Shortest Impossible Sequence of Rolls,shortest-impossible-sequence-of-rolls,Hard,69.34,False,"Array,Hash Table,Greedy",Algorithms
2427,First Letter to Appear Twice,first-letter-to-appear-twice,Easy,74.87,False,"Hash Table,String,Bit Manipulation,Counting",Algorithms
2428,Equal Row and Column Pairs,equal-row-and-column-pairs,Medium,70.8,False,"Array,Hash Table,Matrix,Simulation",Algorithms
2429,Design a Food Rating System,design-a-food-rating-system,Medium,52.87,False,"Array,Hash Table,String,Design,Heap (Priority Queue),Ordered Set",Algorithms
2430,Number of Excellent Pairs,number-of-excellent-pairs,Hard,48.98,False,"Array,Hash Table,Binary Search,Bit Manipulation",Algorithms
2490,Maximum Number of Books You Can Take,maximum-number-of-books-you-can-take,Hard,39.45,True,"Array,Dynamic Programming,Stack,Monotonic Stack",Algorithms
2495,Number of Unique Subjects Taught by Each Teacher,number-of-unique-subjects-taught-by-each-teacher,Easy,89.24,False,Database,Database
2436,Make Array Zero by Subtracting Equal Amounts,make-array-zero-by-subtracting-equal-amounts,Easy,73.73,False,"Array,Hash Table,Greedy,Sorting,Heap (Priority Queue),Simulation",Algorithms
2437,Maximum Number of Groups Entering a Competition,maximum-number-of-groups-entering-a-competition,Medium,68.51,False,"Array,Math,Binary Search,Greedy",Algorithms
2438,Find Closest Node to Given Two Nodes,find-closest-node-to-given-two-nodes,Medium,52.95,False,"Depth-First Search,Graph Theory",Algorithms
2439,Longest Cycle in a Graph,longest-cycle-in-a-graph,Hard,50.42,False,"Depth-First Search,Breadth-First Search,Graph Theory,Topological Sort",Algorithms
2500,Minimum Costs Using the Train Line,minimum-costs-using-the-train-line,Hard,77.85,True,"Array,Dynamic Programming",Algorithms
2501,Generate the Invoice,generate-the-invoice,Hard,75.62,True,Database,Database
2447,Merge Similar Items,merge-similar-items,Easy,77.36,False,"Array,Hash Table,Sorting,Ordered Set",Algorithms
2448,Count Number of Bad Pairs,count-number-of-bad-pairs,Medium,54.23,False,"Array,Hash Table,Math,Counting",Algorithms
2483,Task Scheduler II,task-scheduler-ii,Medium,54.66,False,"Array,Hash Table,Simulation",Algorithms
2450,Minimum Replacements to Sort the Array,minimum-replacements-to-sort-the-array,Hard,53.21,False,"Array,Math,Greedy",Algorithms
2442,Number of Arithmetic Triplets,number-of-arithmetic-triplets,Easy,85.37,False,"Array,Hash Table,Two Pointers,Enumeration",Algorithms
2445,Reachable Nodes With Restrictions,reachable-nodes-with-restrictions,Medium,60.18,False,"Array,Hash Table,Tree,Depth-First Search,Breadth-First Search,Union-Find,Graph Theory",Algorithms
2443,Check if There is a Valid Partition For The Array,check-if-there-is-a-valid-partition-for-the-array,Medium,52.23,False,"Array,Dynamic Programming",Algorithms
2444,Longest Ideal Subsequence,longest-ideal-subsequence,Medium,46.66,False,"Hash Table,String,Dynamic Programming",Algorithms
2506,Minimize Maximum Value in a Grid,minimize-maximum-value-in-a-grid,Hard,70.19,True,"Array,Union-Find,Graph Theory,Topological Sort,Sorting,Matrix",Algorithms
2515,Calculate the Influence of Each Salesperson,calculate-the-influence-of-each-salesperson,Medium,83.98,True,Database,Database
2454,Largest Local Values in a Matrix,largest-local-values-in-a-matrix,Easy,87.72,False,"Array,Matrix",Algorithms
2455,Node With Highest Edge Score,node-with-highest-edge-score,Medium,49.2,False,"Hash Table,Graph Theory",Algorithms
2456,Construct Smallest Number From DI String,construct-smallest-number-from-di-string,Medium,85.65,False,"String,Backtracking,Stack,Greedy",Algorithms
2457,Count Special Integers,count-special-integers,Hard,41.67,False,"Math,Dynamic Programming",Algorithms
2516,Sort the Olympic Table,sort-the-olympic-table,Easy,79.37,True,Database,Database
2517,Choose Edges to Maximize Score in a Tree,choose-edges-to-maximize-score-in-a-tree,Medium,56.59,True,"Dynamic Programming,Tree,Depth-First Search",Algorithms
2463,Minimum Recolors to Get K Consecutive Black Blocks,minimum-recolors-to-get-k-consecutive-black-blocks,Easy,68.57,False,"String,Sliding Window",Algorithms
2464,Time Needed to Rearrange a Binary String,time-needed-to-rearrange-a-binary-string,Medium,52.57,False,"String,Dynamic Programming,Simulation",Algorithms
2465,Shifting Letters II,shifting-letters-ii,Medium,53.52,False,"Array,String,Prefix Sum",Algorithms
2466,Maximum Segment Sum After Removals,maximum-segment-sum-after-removals,Hard,49.26,False,"Array,Union-Find,Prefix Sum,Ordered Set",Algorithms
2459,Minimum Hours of Training to Win a Competition,minimum-hours-of-training-to-win-a-competition,Easy,42.41,False,"Array,Greedy",Algorithms
2475,Largest Palindromic Number,largest-palindromic-number,Medium,37.02,False,"Hash Table,String,Greedy,Counting",Algorithms
2461,Amount of Time for Binary Tree to Be Infected,amount-of-time-for-binary-tree-to-be-infected,Medium,65.09,False,"Hash Table,Tree,Depth-First Search,Breadth-First Search,Binary Tree",Algorithms
2462,Find the K-Sum of an Array,find-the-k-sum-of-an-array,Hard,41.05,False,"Array,Sorting,Heap (Priority Queue)",Algorithms
2522,Median of a Row Wise Sorted Matrix,median-of-a-row-wise-sorted-matrix,Medium,70.87,True,"Array,Binary Search,Matrix",Algorithms
2523,Change Null Values in a Table to the Previous Value,change-null-values-in-a-table-to-the-previous-value,Medium,51.18,True,Database,Database
2469,Longest Subsequence With Limited Sum,longest-subsequence-with-limited-sum,Easy,73.4,False,"Array,Binary Search,Greedy,Sorting,Prefix Sum",Algorithms
2470,Removing Stars From a String,removing-stars-from-a-string,Medium,78.93,False,"String,Stack,Simulation",Algorithms
2471,Minimum Amount of Time to Collect Garbage,minimum-amount-of-time-to-collect-garbage,Medium,85.11,False,"Array,String,Prefix Sum",Algorithms
2472,Build a Matrix With Conditions,build-a-matrix-with-conditions,Hard,79.32,False,"Array,Graph Theory,Topological Sort,Matrix",Algorithms
2535,Count Strictly Increasing Subarrays,count-strictly-increasing-subarrays,Medium,71.3,True,"Array,Math,Dynamic Programming",Algorithms
2534,Employees With Deductions,employees-with-deductions,Medium,42.28,True,Database,Database
2480,Find Subarrays With Equal Sum,find-subarrays-with-equal-sum,Easy,66.85,False,"Array,Hash Table",Algorithms
2481,Strictly Palindromic Number,strictly-palindromic-number,Medium,90.19,False,"Math,Two Pointers,Brainteaser",Algorithms
2482,Maximum Rows Covered by Columns,maximum-rows-covered-by-columns,Medium,57.67,False,"Array,Backtracking,Bit Manipulation,Matrix,Enumeration",Algorithms
2449,Maximum Number of Robots Within Budget,maximum-number-of-robots-within-budget,Hard,37.97,False,"Array,Binary Search,Queue,Sliding Window,Heap (Priority Queue),Prefix Sum,Monotonic Queue",Algorithms
2476,Check Distances Between Same Letters,check-distances-between-same-letters,Easy,71.4,False,"Array,Hash Table,String",Algorithms
2477,Number of Ways to Reach a Position After Exactly k Steps,number-of-ways-to-reach-a-position-after-exactly-k-steps,Medium,36.77,False,"Math,Dynamic Programming,Combinatorics",Algorithms
2478,Longest Nice Subarray,longest-nice-subarray,Medium,64.79,False,"Array,Bit Manipulation,Sliding Window",Algorithms
2479,Meeting Rooms III,meeting-rooms-iii,Hard,51.66,False,"Array,Hash Table,Sorting,Heap (Priority Queue),Simulation",Algorithms
2537,Minimum Time to Kill All Monsters,minimum-time-to-kill-all-monsters,Hard,57.18,True,"Array,Dynamic Programming,Bit Manipulation,Bitmask",Algorithms
2486,Most Frequent Even Element,most-frequent-even-element,Easy,53.2,False,"Array,Hash Table,Counting",Algorithms
2487,Optimal Partition of String,optimal-partition-of-string,Medium,78.37,False,"Hash Table,String,Greedy",Algorithms
2488,Divide Intervals Into Minimum Number of Groups,divide-intervals-into-minimum-number-of-groups,Medium,63.56,False,"Array,Two Pointers,Greedy,Sorting,Heap (Priority Queue),Prefix Sum",Algorithms
2526,Longest Increasing Subsequence II,longest-increasing-subsequence-ii,Hard,25.98,False,"Array,Divide and Conquer,Dynamic Programming,Binary Indexed Tree,Segment Tree,Queue,Monotonic Queue",Algorithms
2555,Design SQL,design-sql,Medium,64.7,True,"Array,Hash Table,String,Design",Algorithms
2496,Count Days Spent Together,count-days-spent-together,Easy,47.59,False,"Math,String",Algorithms
2497,Maximum Matching of Players With Trainers,maximum-matching-of-players-with-trainers,Medium,75.2,False,"Array,Two Pointers,Greedy,Sorting",Algorithms
2498,Smallest Subarrays With Maximum Bitwise OR,smallest-subarrays-with-maximum-bitwise-or,Medium,62.02,False,"Array,Binary Search,Bit Manipulation,Sliding Window",Algorithms
2499,Minimum Money Required Before Transactions,minimum-money-required-before-transactions,Hard,42.02,False,"Array,Greedy,Sorting",Algorithms
2491,Smallest Even Multiple,smallest-even-multiple,Easy,88.29,False,"Math,Number Theory",Algorithms
2492,Length of the Longest Alphabetical Continuous Substring,length-of-the-longest-alphabetical-continuous-substring,Medium,60.3,False,String,Algorithms
2493,Reverse Odd Levels of Binary Tree,reverse-odd-levels-of-binary-tree,Medium,86.68,False,"Tree,Depth-First Search,Breadth-First Search,Binary Tree",Algorithms
2494,Sum of Prefix Scores of Strings,sum-of-prefix-scores-of-strings,Hard,60.8,False,"Array,String,Trie,Counting",Algorithms
2560,Closest Fair Integer,closest-fair-integer,Medium,44.45,True,"Math,Enumeration",Algorithms
2502,Sort the People,sort-the-people,Easy,84.79,False,"Array,Hash Table,String,Sorting",Algorithms
2503,Longest Subarray With Maximum Bitwise AND,longest-subarray-with-maximum-bitwise-and,Medium,65.39,False,"Array,Bit Manipulation,Brainteaser",Algorithms
2504,Find All Good Indices,find-all-good-indices,Medium,40.69,False,"Array,Dynamic Programming,Prefix Sum",Algorithms
2505,Number of Good Paths,number-of-good-paths,Hard,56.27,False,"Array,Hash Table,Tree,Union-Find,Graph Theory,Sorting",Algorithms
2565,Merge Operations to Turn Array Into a Palindrome,merge-operations-to-turn-array-into-a-palindrome,Medium,68.92,True,"Array,Two Pointers,Greedy",Algorithms
2532,Remove Letter To Equalize Frequency,remove-letter-to-equalize-frequency,Easy,19.21,False,"Hash Table,String,Counting",Algorithms
2512,Longest Uploaded Prefix,longest-uploaded-prefix,Medium,54.74,False,"Hash Table,Binary Search,Union-Find,Design,Binary Indexed Tree,Segment Tree,Heap (Priority Queue),Ordered Set",Algorithms
2533,Bitwise XOR of All Pairings,bitwise-xor-of-all-pairings,Medium,66.94,False,"Array,Bit Manipulation,Brainteaser",Algorithms
2513,Number of Pairs Satisfying Inequality,number-of-pairs-satisfying-inequality,Hard,46.76,False,"Array,Binary Search,Divide and Conquer,Binary Indexed Tree,Segment Tree,Merge Sort,Ordered Set",Algorithms
2507,Number of Common Factors,number-of-common-factors,Easy,79.85,False,"Math,Enumeration,Number Theory",Algorithms
2508,Maximum Sum of an Hourglass,maximum-sum-of-an-hourglass,Medium,76.35,False,"Array,Matrix,Prefix Sum",Algorithms
2509,Minimize XOR,minimize-xor,Medium,62.44,False,"Greedy,Bit Manipulation",Algorithms
2510,Maximum Deletions on a String,maximum-deletions-on-a-string,Hard,35.66,False,"String,Dynamic Programming,Rolling Hash,String Matching,Hash Function",Algorithms
2570,Maximize Total Tastiness of Purchased Fruits,maximize-total-tastiness-of-purchased-fruits,Medium,64.53,True,"Array,Dynamic Programming",Algorithms
2518,The Employee That Worked on the Longest Task,the-employee-that-worked-on-the-longest-task,Easy,51.4,False,Array,Algorithms
2519,Find The Original Array of Prefix Xor,find-the-original-array-of-prefix-xor,Medium,88.31,False,"Array,Bit Manipulation",Algorithms
2520,Using a Robot to Print the Lexicographically Smallest String,using-a-robot-to-print-the-lexicographically-smallest-string,Medium,62.5,False,"Hash Table,String,Stack,Greedy",Algorithms
2521,Paths in Matrix Whose Sum Is Divisible by K,paths-in-matrix-whose-sum-is-divisible-by-k,Hard,58.74,False,"Array,Dynamic Programming,Matrix",Algorithms
2579,Minimum Split Into Subarrays With GCD Greater Than One,minimum-split-into-subarrays-with-gcd-greater-than-one,Medium,70.18,True,"Array,Math,Dynamic Programming,Greedy,Number Theory",Algorithms
2528,Number of Valid Clock Times,number-of-valid-clock-times,Easy,47.86,False,"String,Enumeration",Algorithms
2529,Range Product Queries of Powers,range-product-queries-of-powers,Medium,61.43,False,"Array,Bit Manipulation,Prefix Sum",Algorithms
2530,Minimize Maximum of Array,minimize-maximum-of-array,Medium,46.49,False,"Array,Binary Search,Dynamic Programming,Greedy,Prefix Sum",Algorithms
2531,Create Components With Same Value,create-components-with-same-value,Hard,53.26,False,"Array,Math,Tree,Depth-First Search,Enumeration",Algorithms
2524,Largest Positive Integer That Exists With Its Negative,largest-positive-integer-that-exists-with-its-negative,Easy,74.53,False,"Array,Hash Table,Two Pointers,Sorting",Algorithms
2525,Count Number of Distinct Integers After Reverse Operations,count-number-of-distinct-integers-after-reverse-operations,Medium,81.28,False,"Array,Hash Table,Math,Counting",Algorithms
2541,Sum of Number and Its Reverse,sum-of-number-and-its-reverse,Medium,49.31,False,"Math,Enumeration",Algorithms
2527,Count Subarrays With Fixed Bounds,count-subarrays-with-fixed-bounds,Hard,69.25,False,"Array,Queue,Sliding Window,Monotonic Queue",Algorithms
2584,Number of Nodes With Value One,number-of-nodes-with-value-one,Medium,66.17,True,"Array,Tree,Depth-First Search,Breadth-First Search,Binary Tree",Algorithms
2536,Determine if Two Events Have Conflict,determine-if-two-events-have-conflict,Easy,53.04,False,"Array,String",Algorithms
2546,Number of Subarrays With GCD Equal to K,number-of-subarrays-with-gcd-equal-to-k,Medium,52.34,False,"Array,Math,Number Theory",Algorithms
2538,Minimum Cost to Make Array Equal,minimum-cost-to-make-array-equal,Hard,46.68,False,"Array,Binary Search,Greedy,Sorting,Prefix Sum",Algorithms
2539,Minimum Number of Operations to Make Arrays Similar,minimum-number-of-operations-to-make-arrays-similar,Hard,61.5,False,"Array,Greedy,Sorting",Algorithms
2593,Number of Distinct Binary Strings After Applying Operations,number-of-distinct-binary-strings-after-applying-operations,Medium,63.74,True,"Math,String",Algorithms
2547,Odd String Difference,odd-string-difference,Easy,61.78,False,"Array,Hash Table,String",Algorithms
2550,Words Within Two Edits of Dictionary,words-within-two-edits-of-dictionary,Medium,61.73,False,"Array,String,Trie",Algorithms
2548,Destroy Sequential Targets,destroy-sequential-targets,Medium,41.67,False,"Array,Hash Table,Counting",Algorithms
2549,Next Greater Element IV,next-greater-element-iv,Hard,41.4,False,"Array,Binary Search,Stack,Sorting,Heap (Priority Queue),Monotonic Stack",Algorithms
2542,Average Value of Even Numbers That Are Divisible by Three,average-value-of-even-numbers-that-are-divisible-by-three,Easy,62.83,False,"Array,Math",Algorithms
2543,Most Popular Video Creator,most-popular-video-creator,Medium,45.24,False,"Array,Hash Table,String,Sorting,Heap (Priority Queue)",Algorithms
2544,Minimum Addition to Make Integer Beautiful,minimum-addition-to-make-integer-beautiful,Medium,38.54,False,"Math,Greedy",Algorithms
2545,Height of Binary Tree After Subtree Removal Queries,height-of-binary-tree-after-subtree-removal-queries,Hard,54.9,False,"Array,Tree,Depth-First Search,Breadth-First Search,Binary Tree",Algorithms
2489,Sort Array by Moving Items to Empty Space,sort-array-by-moving-items-to-empty-space,Hard,45.64,True,"Array,Hash Table,Sorting",Algorithms
2551,Apply Operations to an Array,apply-operations-to-an-array,Easy,74.76,False,"Array,Two Pointers,Simulation",Algorithms
2552,Maximum Sum of Distinct Subarrays With Length K,maximum-sum-of-distinct-subarrays-with-length-k,Medium,42.81,False,"Array,Hash Table,Sliding Window",Algorithms
2553,Total Cost to Hire K Workers,total-cost-to-hire-k-workers,Medium,43.52,False,"Array,Two Pointers,Heap (Priority Queue),Simulation",Algorithms
2554,Minimum Total Distance Traveled,minimum-total-distance-traveled,Hard,58.83,False,"Array,Dynamic Programming,Sorting",Algorithms
2607,Minimum Subarrays in a Valid Split,minimum-subarrays-in-a-valid-split,Medium,64.65,True,"Array,Math,Dynamic Programming,Number Theory",Algorithms
2561,Number of Distinct Averages,number-of-distinct-averages,Easy,58.89,False,"Array,Hash Table,Two Pointers,Sorting",Algorithms
2562,Count Ways To Build Good Strings,count-ways-to-build-good-strings,Medium,58.97,False,Dynamic Programming,Algorithms
2564,Most Profitable Path in a Tree,most-profitable-path-in-a-tree,Medium,67.34,False,"Array,Tree,Depth-First Search,Breadth-First Search,Graph Theory",Algorithms
2563,Split Message Based on Limit,split-message-based-on-limit,Hard,42.02,False,"String,Enumeration",Algorithms
2556,Convert the Temperature,convert-the-temperature,Easy,90.29,False,Math,Algorithms
2557,Number of Subarrays With LCM Equal to K,number-of-subarrays-with-lcm-equal-to-k,Medium,43.28,False,"Array,Math,Number Theory",Algorithms
2558,Minimum Number of Operations to Sort a Binary Tree by Level,minimum-number-of-operations-to-sort-a-binary-tree-by-level,Medium,74.25,False,"Tree,Breadth-First Search,Binary Tree",Algorithms
2559,Maximum Number of Non-overlapping Palindrome Substrings,maximum-number-of-non-overlapping-palindrome-substrings,Hard,43.26,False,"Two Pointers,String,Dynamic Programming,Greedy",Algorithms
2612,Minimum Cost to Buy Apples,minimum-cost-to-buy-apples,Medium,67.24,True,"Array,Graph Theory,Heap (Priority Queue),Shortest Path",Algorithms
2613,Customers With Strictly Increasing Purchases,customers-with-strictly-increasing-purchases,Hard,48.94,True,Database,Database
2566,Number of Unequal Triplets in Array,number-of-unequal-triplets-in-array,Easy,73.26,False,"Array,Hash Table,Sorting",Algorithms
2567,Closest Nodes Queries in a Binary Search Tree,closest-nodes-queries-in-a-binary-search-tree,Medium,44.06,False,"Array,Binary Search,Tree,Depth-First Search,Binary Search Tree,Binary Tree",Algorithms
2568,Minimum Fuel Cost to Report to the Capital,minimum-fuel-cost-to-report-to-the-capital,Medium,64.68,False,"Tree,Depth-First Search,Breadth-First Search,Graph Theory",Algorithms
2569,Number of Beautiful Partitions,number-of-beautiful-partitions,Hard,32.76,False,"String,Dynamic Programming,Prefix Sum",Algorithms
2623,Maximum XOR of Two Non-Overlapping Subtrees,maximum-xor-of-two-non-overlapping-subtrees,Hard,52.01,True,"Tree,Depth-First Search,Graph Theory,Trie",Algorithms
2622,Form a Chemical Bond,form-a-chemical-bond,Easy,79.83,True,Database,Database
2575,Minimum Cuts to Divide a Circle,minimum-cuts-to-divide-a-circle,Easy,56.04,False,"Math,Geometry",Algorithms
2606,Difference Between Ones and Zeros in Row and Column,difference-between-ones-and-zeros-in-row-and-column,Medium,84.42,False,"Array,Matrix,Simulation",Algorithms
2576,Minimum Penalty for a Shop,minimum-penalty-for-a-shop,Medium,71.22,False,"String,Prefix Sum",Algorithms
2577,Count Palindromic Subsequences,count-palindromic-subsequences,Hard,40.96,False,"String,Dynamic Programming",Algorithms
2571,Find the Pivot Integer,find-the-pivot-integer,Easy,83.8,False,"Math,Prefix Sum",Algorithms
2572,Append Characters to String to Make Subsequence,append-characters-to-string-to-make-subsequence,Medium,72.99,False,"Two Pointers,String,Greedy",Algorithms
2573,Remove Nodes From Linked List,remove-nodes-from-linked-list,Medium,74.79,False,"Linked List,Stack,Recursion,Monotonic Stack",Algorithms
2574,Count Subarrays With Median K,count-subarrays-with-median-k,Hard,47.56,False,"Array,Hash Table,Prefix Sum",Algorithms
2629,Number of Substrings With Fixed Ratio,number-of-substrings-with-fixed-ratio,Medium,57.34,True,"Hash Table,Math,String,Prefix Sum",Algorithms
2580,Circular Sentence,circular-sentence,Easy,70.2,False,String,Algorithms
2581,Divide Players Into Teams of Equal Skill,divide-players-into-teams-of-equal-skill,Medium,68.9,False,"Array,Hash Table,Two Pointers,Sorting",Algorithms
2582,Minimum Score of a Path Between Two Cities,minimum-score-of-a-path-between-two-cities,Medium,58.54,False,"Depth-First Search,Breadth-First Search,Union-Find,Graph Theory",Algorithms
2583,Divide Nodes Into the Maximum Number of Groups,divide-nodes-into-the-maximum-number-of-groups,Hard,67.04,False,"Depth-First Search,Breadth-First Search,Union-Find,Graph Theory",Algorithms
2637,Merge Overlapping Events in the Same Hall,merge-overlapping-events-in-the-same-hall,Hard,37.09,True,Database,Database
2638,Number of Subarrays Having Even Product,number-of-subarrays-having-even-product,Medium,63.17,True,"Array,Math,Dynamic Programming",Algorithms
2589,Maximum Value of a String in an Array,maximum-value-of-a-string-in-an-array,Easy,74.13,False,"Array,String",Algorithms
2590,Maximum Star Sum of a Graph,maximum-star-sum-of-a-graph,Medium,41.94,False,"Array,Greedy,Graph Theory,Sorting,Heap (Priority Queue)",Algorithms
2591,Frog Jump II,frog-jump-ii,Medium,62.41,False,"Array,Binary Search,Greedy",Algorithms
2592,Minimum Total Cost to Make Arrays Unequal,minimum-total-cost-to-make-arrays-unequal,Hard,41.18,False,"Array,Hash Table,Greedy,Counting",Algorithms
2585,Delete Greatest Value in Each Row,delete-greatest-value-in-each-row,Easy,79.77,False,"Array,Sorting,Heap (Priority Queue),Matrix,Simulation",Algorithms
2586,Longest Square Streak in an Array,longest-square-streak-in-an-array,Medium,53.1,False,"Array,Hash Table,Binary Search,Dynamic Programming,Sorting",Algorithms
2587,Design Memory Allocator,design-memory-allocator,Medium,49.64,False,"Array,Hash Table,Design,Simulation",Algorithms
2588,Maximum Number of Points From Grid Queries,maximum-number-of-points-from-grid-queries,Hard,59.34,False,"Array,Two Pointers,Breadth-First Search,Union-Find,Sorting,Heap (Priority Queue),Matrix",Algorithms
2643,Concatenate the Name and the Profession,concatenate-the-name-and-the-profession,Easy,80.0,True,Database,Database
2644,Bitwise OR of All Subsequence Sums,bitwise-or-of-all-subsequence-sums,Medium,64.17,True,"Array,Math,Bit Manipulation,Brainteaser,Prefix Sum",Algorithms
2594,Count Pairs Of Similar Strings,count-pairs-of-similar-strings,Easy,73.51,False,"Array,Hash Table,String,Bit Manipulation,Counting",Algorithms
2595,Smallest Value After Replacing With Sum of Prime Factors,smallest-value-after-replacing-with-sum-of-prime-factors,Medium,49.78,False,"Math,Simulation,Number Theory",Algorithms
2596,Add Edges to Make Degrees of All Nodes Even,add-edges-to-make-degrees-of-all-nodes-even,Hard,35.23,False,"Hash Table,Graph Theory",Algorithms
2597,Cycle Length Queries in a Tree,cycle-length-queries-in-a-tree,Hard,60.12,False,"Array,Tree,Binary Tree",Algorithms
2653,Check if There is a Path With Equal Number of 0's And 1's,check-if-there-is-a-path-with-equal-number-of-0s-and-1s,Medium,51.81,True,"Array,Dynamic Programming,Matrix",Algorithms
2602,Maximum Enemy Forts That Can Be Captured,maximum-enemy-forts-that-can-be-captured,Easy,41.0,False,"Array,Two Pointers",Algorithms
2603,Reward Top K Students,reward-top-k-students,Medium,46.8,False,"Array,Hash Table,String,Sorting,Heap (Priority Queue)",Algorithms
2628,Minimize the Maximum of Two Arrays,minimize-the-maximum-of-two-arrays,Medium,32.12,False,"Math,Binary Search,Number Theory",Algorithms
2605,Count Anagrams,count-anagrams,Hard,36.95,False,"Hash Table,Math,String,Combinatorics,Counting",Algorithms
2598,Shortest Distance to Target String in a Circular Array,shortest-distance-to-target-string-in-a-circular-array,Easy,50.57,False,"Array,String",Algorithms
2599,Take K of Each Character From Left and Right,take-k-of-each-character-from-left-and-right,Medium,51.47,False,"Hash Table,String,Sliding Window",Algorithms
2600,Maximum Tastiness of Candy Basket,maximum-tastiness-of-candy-basket,Medium,67.85,False,"Array,Binary Search,Greedy,Sorting",Algorithms
2601,Number of Great Partitions,number-of-great-partitions,Hard,33.33,False,"Array,Dynamic Programming",Algorithms
2658,Count the Number of K-Big Indices,count-the-number-of-k-big-indices,Hard,53.63,True,"Array,Binary Search,Divide and Conquer,Binary Indexed Tree,Segment Tree,Merge Sort,Ordered Set",Algorithms
2608,Count the Digits That Divide a Number,count-the-digits-that-divide-a-number,Easy,85.93,False,Math,Algorithms
2609,Distinct Prime Factors of Product of Array,distinct-prime-factors-of-product-of-array,Medium,54.15,False,"Array,Hash Table,Math,Number Theory",Algorithms
2511,Partition String Into Substrings With Values at Most K,partition-string-into-substrings-with-values-at-most-k,Medium,47.47,False,"String,Dynamic Programming,Greedy",Algorithms
2610,Closest Prime Numbers in Range,closest-prime-numbers-in-range,Medium,51.68,False,"Math,Number Theory",Algorithms
2667,Maximum Frequency Score of a Subarray,maximum-frequency-score-of-a-subarray,Hard,36.35,True,"Array,Hash Table,Math,Stack,Sliding Window",Algorithms
2619,Categorize Box According to Criteria,categorize-box-according-to-criteria,Easy,38.68,False,Math,Algorithms
2620,Find Consecutive Integers from a Data Stream,find-consecutive-integers-from-a-data-stream,Medium,50.76,False,"Hash Table,Design,Queue,Counting,Data Stream",Algorithms
2621,Find Xor-Beauty of Array,find-xor-beauty-of-array,Medium,70.49,False,"Array,Math,Bit Manipulation",Algorithms
2618,Maximize the Minimum Powered City,maximize-the-minimum-powered-city,Hard,61.8,False,"Array,Binary Search,Greedy,Queue,Sliding Window,Prefix Sum",Algorithms
2614,Maximum Count of Positive Integer and Negative Integer,maximum-count-of-positive-integer-and-negative-integer,Easy,74.33,False,"Array,Binary Search,Counting",Algorithms
2616,Maximal Score After Applying K Operations,maximal-score-after-applying-k-operations,Medium,64.01,False,"Array,Greedy,Heap (Priority Queue)",Algorithms
2615,Make Number of Distinct Characters Equal,make-number-of-distinct-characters-equal,Medium,27.49,False,"Hash Table,String,Counting",Algorithms
2642,Time to Cross a Bridge,time-to-cross-a-bridge,Hard,44.31,False,"Array,Heap (Priority Queue),Simulation",Algorithms
2672,Number of Good Binary Strings,number-of-good-binary-strings,Medium,52.71,True,Dynamic Programming,Algorithms
2617,Time Taken to Cross the Door,time-taken-to-cross-the-door,Hard,50.05,True,"Array,Queue,Simulation",Algorithms
2624,Difference Between Element Sum and Digit Sum of an Array,difference-between-element-sum-and-digit-sum-of-an-array,Easy,85.28,False,"Array,Math",Algorithms
2625,Increment Submatrices by One,increment-submatrices-by-one,Medium,73.84,False,"Array,Matrix,Prefix Sum",Algorithms
2626,Count the Number of Good Subarrays,count-the-number-of-good-subarrays,Medium,65.91,False,"Array,Hash Table,Sliding Window",Algorithms
2627,Difference Between Maximum and Minimum Price Sum,difference-between-maximum-and-minimum-price-sum,Hard,33.25,False,"Array,Dynamic Programming,Tree,Depth-First Search",Algorithms
2683,Count the Number of Good Subsequences,count-the-number-of-good-subsequences,Medium,48.33,True,"Hash Table,Math,String,Combinatorics,Counting",Algorithms
2634,Minimum Common Value,minimum-common-value,Easy,58.02,False,"Array,Hash Table,Two Pointers,Binary Search",Algorithms
2604,Minimum Operations to Make Array Equal II,minimum-operations-to-make-array-equal-ii,Medium,33.04,False,"Array,Math,Greedy",Algorithms
2636,Maximum Subsequence Score,maximum-subsequence-score,Medium,54.55,False,"Array,Greedy,Sorting,Heap (Priority Queue)",Algorithms
2635,Check if Point Is Reachable,check-if-point-is-reachable,Hard,44.76,False,"Math,Number Theory",Algorithms
2630,Alternating Digit Sum,alternating-digit-sum,Easy,68.95,False,Math,Algorithms
2631,Sort the Students by Their Kth Score,sort-the-students-by-their-kth-score,Medium,85.99,False,"Array,Sorting,Matrix",Algorithms
2632,Apply Bitwise Operations to Make Strings Equal,apply-bitwise-operations-to-make-strings-equal,Medium,42.53,False,"String,Bit Manipulation",Algorithms
2633,Minimum Cost to Split an Array,minimum-cost-to-split-an-array,Hard,44.02,False,"Array,Hash Table,Dynamic Programming,Counting",Algorithms
2693,Maximum Price to Fill a Bag,maximum-price-to-fill-a-bag,Medium,64.46,True,"Array,Greedy,Sorting",Algorithms
2679,Count Distinct Numbers on Board,count-distinct-numbers-on-board,Easy,61.66,False,"Array,Hash Table,Math,Simulation",Algorithms
2680,Count Collisions of Monkeys on a Polygon,count-collisions-of-monkeys-on-a-polygon,Medium,29.93,False,"Math,Recursion",Algorithms
2681,Put Marbles in Bags,put-marbles-in-bags,Hard,72.21,False,"Array,Greedy,Sorting,Heap (Priority Queue)",Algorithms
2682,Count Increasing Quadruplets,count-increasing-quadruplets,Hard,34.5,False,"Array,Dynamic Programming,Binary Indexed Tree,Enumeration,Prefix Sum",Algorithms
2639,Separate the Digits in an Array,separate-the-digits-in-an-array,Easy,80.78,False,"Array,Simulation",Algorithms
2640,Maximum Number of Integers to Choose From a Range I,maximum-number-of-integers-to-choose-from-a-range-i,Medium,67.96,False,"Array,Hash Table,Binary Search,Greedy,Sorting",Algorithms
2673,Maximize Win From Two Segments,maximize-win-from-two-segments,Medium,37.41,False,"Array,Binary Search,Sliding Window",Algorithms
2641,Disconnect Path in a Binary Matrix by at Most One Flip,disconnect-path-in-a-binary-matrix-by-at-most-one-flip,Medium,27.75,False,"Array,Dynamic Programming,Depth-First Search,Breadth-First Search,Matrix",Algorithms
2702,Maximum Number of Integers to Choose From a Range II,maximum-number-of-integers-to-choose-from-a-range-ii,Medium,34.81,True,"Array,Binary Search,Greedy,Sorting",Algorithms
2692,Take Gifts From the Richest Pile,take-gifts-from-the-richest-pile,Easy,75.51,False,"Array,Heap (Priority Queue),Simulation",Algorithms
2691,Count Vowel Strings in Ranges,count-vowel-strings-in-ranges,Medium,67.8,False,"Array,String,Prefix Sum",Algorithms
2690,House Robber IV,house-robber-iv,Medium,64.78,False,"Array,Binary Search,Dynamic Programming,Greedy",Algorithms
2689,Rearranging Fruits,rearranging-fruits,Hard,57.49,False,"Array,Hash Table,Greedy,Sort",Algorithms
2698,Find the Array Concatenation Value,find-the-array-concatenation-value,Easy,71.78,False,"Array,Two Pointers,Simulation",Algorithms
2699,Count the Number of Fair Pairs,count-the-number-of-fair-pairs,Medium,52.7,False,"Array,Two Pointers,Binary Search,Sorting",Algorithms
2700,Substring XOR Queries,substring-xor-queries,Medium,35.39,False,"Array,Hash Table,String,Bit Manipulation",Algorithms
2701,Subsequence With the Minimum Score,subsequence-with-the-minimum-score,Hard,33.14,False,"Two Pointers,String,Binary Search",Algorithms
2704,Maximum Difference by Remapping a Digit,maximum-difference-by-remapping-a-digit,Easy,76.09,False,"Math,Greedy",Algorithms
2706,Minimum Score by Changing Two Elements,minimum-score-by-changing-two-elements,Medium,49.79,False,"Array,Greedy,Sorting",Algorithms
2705,Minimum Impossible OR,minimum-impossible-or,Medium,58.8,False,"Array,Bit Manipulation,Brainteaser",Algorithms
2703,Handling Sum Queries After Update,handling-sum-queries-after-update,Hard,30.45,False,"Array,Segment Tree",Algorithms
2707,Merge Two 2D Arrays by Summing Values,merge-two-2d-arrays-by-summing-values,Easy,81.75,False,"Array,Hash Table,Two Pointers",Algorithms
2710,Minimum Operations to Reduce an Integer to 0,minimum-operations-to-reduce-an-integer-to-0,Medium,60.98,False,"Dynamic Programming,Greedy,Bit Manipulation",Algorithms
2709,Count the Number of Square-Free Subsets,count-the-number-of-square-free-subsets,Medium,26.42,False,"Array,Math,Dynamic Programming,Bit Manipulation,Bitmask",Algorithms
2708,Find the String with LCP,find-the-string-with-lcp,Hard,32.47,False,"Array,String,Dynamic Programming,Greedy,Union-Find,Matrix",Algorithms
2714,Left and Right Sum Differences,left-and-right-sum-differences,Easy,87.92,False,"Array,Prefix Sum",Algorithms
2713,Find the Divisibility Array of a String,find-the-divisibility-array-of-a-string,Medium,35.67,False,"Array,Math,String",Algorithms
2712,Find the Maximum Number of Marked Indices,find-the-maximum-number-of-marked-indices,Medium,41.03,False,"Array,Two Pointers,Binary Search,Greedy,Sorting",Algorithms
2711,Minimum Time to Visit a Cell In a Grid,minimum-time-to-visit-a-cell-in-a-grid,Hard,56.34,False,"Array,Breadth-First Search,Graph Theory,Heap (Priority Queue),Matrix,Shortest Path",Algorithms
2650,Split With Minimum Sum,split-with-minimum-sum,Easy,73.26,False,"Math,Greedy,Sorting",Algorithms
2649,Count Total Number of Colored Cells,count-total-number-of-colored-cells,Medium,66.13,False,Math,Algorithms
2651,Count Ways to Group Overlapping Ranges,count-ways-to-group-overlapping-ranges,Medium,38.97,False,"Array,Sorting",Algorithms
2652,Count Number of Possible Root Nodes,count-number-of-possible-root-nodes,Hard,48.03,False,"Array,Hash Table,Dynamic Programming,Tree,Depth-First Search",Algorithms
2645,Pass the Pillow,pass-the-pillow,Easy,56.59,False,"Math,Simulation",Algorithms
2646,Kth Largest Sum in a Binary Tree,kth-largest-sum-in-a-binary-tree,Medium,58.98,False,"Tree,Breadth-First Search,Sorting,Binary Tree",Algorithms
2647,Split the Array to Make Coprime Products,split-the-array-to-make-coprime-products,Hard,28.64,False,"Array,Hash Table,Math,Number Theory",Algorithms
2648,Number of Ways to Earn Points,number-of-ways-to-earn-points,Hard,59.5,False,"Array,Dynamic Programming",Algorithms
2654,Count the Number of Vowel Strings in Range,count-the-number-of-vowel-strings-in-range,Easy,74.13,False,"Array,String,Counting",Algorithms
2655,Rearrange Array to Maximize Prefix Score,rearrange-array-to-maximize-prefix-score,Medium,42.46,False,"Array,Greedy,Sorting,Prefix Sum",Algorithms
2656,Count the Number of Beautiful Subarrays,count-the-number-of-beautiful-subarrays,Medium,53.35,False,"Array,Hash Table,Bit Manipulation,Prefix Sum",Algorithms
2657,Minimum Time to Complete All Tasks,minimum-time-to-complete-all-tasks,Hard,39.6,False,"Array,Binary Search,Stack,Greedy,Sorting",Algorithms
2688,Design a Todo List,design-a-todo-list,Medium,59.66,True,"Array,Hash Table,String,Design,Sorting",Algorithms
2663,Distribute Money to Maximum Children,distribute-money-to-maximum-children,Easy,20.44,False,"Math,Greedy",Algorithms
2664,Maximize Greatness of an Array,maximize-greatness-of-an-array,Medium,61.23,False,"Array,Two Pointers,Greedy,Sorting",Algorithms
2695,Find Score of an Array After Marking All Elements,find-score-of-an-array-after-marking-all-elements,Medium,64.5,False,"Array,Hash Table,Sorting,Heap (Priority Queue),Simulation",Algorithms
2665,Minimum Time to Repair Cars,minimum-time-to-repair-cars,Medium,59.64,False,"Array,Binary Search",Algorithms
2659,Number of Even and Odd Bits,number-of-even-and-odd-bits,Easy,73.32,False,Bit Manipulation,Algorithms
2662,Check Knight Tour Configuration,check-knight-tour-configuration,Medium,60.53,False,"Array,Depth-First Search,Breadth-First Search,Matrix,Simulation",Algorithms
2696,The Number of Beautiful Subsets,the-number-of-beautiful-subsets,Medium,50.9,False,"Array,Hash Table,Math,Dynamic Programming,Backtracking,Sorting,Combinatorics",Algorithms
2661,Smallest Missing Non-negative Integer After Operations,smallest-missing-non-negative-integer-after-operations,Medium,55.92,False,"Array,Hash Table,Math,Greedy",Algorithms
2674,Make the Prefix Sum Non-negative,make-the-prefix-sum-non-negative,Medium,51.82,True,"Array,Greedy,Heap (Priority Queue)",Algorithms
2715,K Items With the Maximum Sum,k-items-with-the-maximum-sum,Easy,60.2,False,"Math,Greedy",Algorithms
2716,Prime Subtraction Operation,prime-subtraction-operation,Medium,55.58,False,"Array,Math,Binary Search,Greedy,Number Theory",Algorithms
2718,Minimum Operations to Make All Array Elements Equal,minimum-operations-to-make-all-array-elements-equal,Medium,37.93,False,"Array,Binary Search,Sorting,Prefix Sum",Algorithms
2717,Collect Coins in a Tree,collect-coins-in-a-tree,Hard,39.58,False,"Array,Tree,Graph Theory,Topological Sort",Algorithms
2666,Minimum Time to Eat All Grains,minimum-time-to-eat-all-grains,Hard,40.5,True,"Array,Two Pointers,Binary Search,Sorting",Algorithms
2668,Form Smallest Number From Two Digit Arrays,form-smallest-number-from-two-digit-arrays,Easy,54.96,False,"Array,Hash Table,Enumeration",Algorithms
2669,Find the Substring With Maximum Cost,find-the-substring-with-maximum-cost,Medium,57.77,False,"Array,Hash Table,String,Dynamic Programming",Algorithms
2670,Make K-Subarray Sums Equal,make-k-subarray-sums-equal,Medium,38.15,False,"Array,Math,Greedy,Sorting,Number Theory",Algorithms
2671,Shortest Cycle in a Graph,shortest-cycle-in-a-graph,Hard,39.11,False,"Breadth-First Search,Graph Theory",Algorithms
2723,Find the Longest Balanced Substring of a Binary String,find-the-longest-balanced-substring-of-a-binary-string,Easy,46.35,False,String,Algorithms
2724,Convert an Array Into a 2D Array With Conditions,convert-an-array-into-a-2d-array-with-conditions,Medium,86.38,False,"Array,Hash Table",Algorithms
2725,Mice and Cheese,mice-and-cheese,Medium,48.23,False,"Array,Greedy,Sorting,Heap (Priority Queue)",Algorithms
2726,Minimum Reverse Operations,minimum-reverse-operations,Hard,16.61,False,"Array,Hash Table,Breadth-First Search,Union-Find,Ordered Set",Algorithms
2719,Beautiful Pairs,beautiful-pairs,Hard,49.22,True,"Array,Math,Divide and Conquer,Geometry,Sorting,Ordered Set",Algorithms
2722,Prime In Diagonal,prime-in-diagonal,Easy,37.35,False,"Array,Math,Matrix,Number Theory",Algorithms
2721,Sum of Distances,sum-of-distances,Medium,32.4,False,"Array,Hash Table,Prefix Sum",Algorithms
2720,Minimize the Maximum Difference of Pairs,minimize-the-maximum-difference-of-pairs,Medium,50.88,False,"Array,Binary Search,Dynamic Programming,Greedy,Sorting",Algorithms
2697,Minimum Number of Visited Cells in a Grid,minimum-number-of-visited-cells-in-a-grid,Hard,23.56,False,"Array,Dynamic Programming,Stack,Breadth-First Search,Union-Find,Heap (Priority Queue),Matrix,Monotonic Stack",Algorithms
2758,Check if Object Instance of Class,check-if-object-instance-of-class,Medium,29.03,False,,JavaScript
2734,Array Prototype Last,array-prototype-last,Easy,74.58,False,,JavaScript
2732,Counter,counter,Easy,82.41,False,,JavaScript
2733,Sleep,sleep,Easy,87.41,False,,JavaScript
2762,Cache With Time Limit,cache-with-time-limit,Medium,76.0,False,,JavaScript
2731,Memoize,memoize,Medium,64.76,False,,JavaScript
2760,Snail Traversal,snail-traversal,Medium,68.15,False,,JavaScript
2759,Flatten Deeply Nested Array,flatten-deeply-nested-array,Medium,65.47,False,,JavaScript
2761,Array Reduce Transformation,array-reduce-transformation,Easy,85.5,False,,JavaScript
2743,Debounce,debounce,Medium,91.78,False,,JavaScript
2735,JSON Deep Equal,json-deep-equal,Medium,39.46,True,,JavaScript
2741,Function Composition,function-composition,Easy,86.89,False,,JavaScript
2744,Memoize II,memoize-ii,Hard,38.28,False,,JavaScript
2742,Group By,group-by,Medium,81.31,False,,JavaScript
2740,Curry,curry,Medium,89.44,True,,JavaScript
2745,Convert Object to JSON String,convert-object-to-json-string,Medium,77.95,True,,JavaScript
2746,Filter Elements from Array,filter-elements-from-array,Easy,85.54,False,,JavaScript
2747,Apply Transform Over Each Element in Array,apply-transform-over-each-element-in-array,Easy,86.23,False,,JavaScript
2750,Promise Pool,promise-pool,Medium,79.5,True,,JavaScript
2749,Promise Time Limit,promise-time-limit,Medium,83.14,False,,JavaScript
2738,Count the Number of K-Free Subsets,count-the-number-of-k-free-subsets,Medium,47.21,True,"Array,Math,Dynamic Programming,Sorting,Combinatorics",Algorithms
2675,Find the Width of Columns of a Grid,find-the-width-of-columns-of-a-grid,Easy,70.38,False,"Array,Matrix",Algorithms
2676,Find the Score of All Prefixes of an Array,find-the-score-of-all-prefixes-of-an-array,Medium,72.79,False,"Array,Prefix Sum",Algorithms
2677,Cousins in Binary Tree II,cousins-in-binary-tree-ii,Medium,75.76,False,"Hash Table,Tree,Depth-First Search,Breadth-First Search,Binary Tree",Algorithms
2678,Design Graph With Shortest Path Calculator,design-graph-with-shortest-path-calculator,Hard,64.84,False,"Graph Theory,Design,Heap (Priority Queue),Shortest Path",Algorithms
2737,Row With Maximum Ones,row-with-maximum-ones,Easy,74.28,False,"Array,Matrix",Algorithms
2694,Find the Maximum Divisibility Score,find-the-maximum-divisibility-score,Easy,51.61,False,Array,Algorithms
2736,Minimum Additions to Make Valid String,minimum-additions-to-make-valid-string,Medium,50.97,False,"String,Dynamic Programming,Stack,Greedy",Algorithms
2739,Minimize the Total Price of the Trips,minimize-the-total-price-of-the-trips,Hard,47.84,False,"Array,Dynamic Programming,Tree,Depth-First Search,Graph Theory",Algorithms
2540,Color the Triangle Red,color-the-triangle-red,Hard,59.61,True,"Array,Math",Algorithms
2775,Generate Fibonacci Sequence,generate-fibonacci-sequence,Easy,83.64,False,,JavaScript
2783,Nested Array Generator,nested-array-generator,Medium,80.36,False,,JavaScript
2788,Design Cancellable Function,design-cancellable-function,Hard,56.22,False,,JavaScript
2748,Calculate Delayed Arrival Time,calculate-delayed-arrival-time,Easy,75.62,False,Math,Algorithms
2752,Sum Multiples,sum-multiples,Easy,85.8,False,Math,Algorithms
2751,Sliding Subarray Beauty,sliding-subarray-beauty,Medium,36.3,False,"Array,Hash Table,Sliding Window",Algorithms
2753,Minimum Number of Operations to Make All Array Elements Equal to 1,minimum-number-of-operations-to-make-all-array-elements-equal-to-1,Medium,54.64,False,"Array,Math,Number Theory",Algorithms
2815,Find Maximal Uncovered Ranges,find-maximal-uncovered-ranges,Medium,49.32,True,"Array,Sorting",Algorithms
2767,Maximum Sum With Exactly K Elements ,maximum-sum-with-exactly-k-elements,Easy,80.5,False,"Array,Greedy",Algorithms
2766,Find the Prefix Common Array of Two Arrays,find-the-prefix-common-array-of-two-arrays,Medium,86.98,False,"Array,Hash Table,Bit Manipulation",Algorithms
2764,Maximum Number of Fish in a Grid,maximum-number-of-fish-in-a-grid,Medium,70.52,False,"Array,Depth-First Search,Breadth-First Search,Union-Find,Matrix",Algorithms
2765,Make Array Empty,make-array-empty,Hard,26.59,False,"Array,Binary Search,Greedy,Binary Indexed Tree,Segment Tree,Sorting,Ordered Set",Algorithms
2684,Determine the Winner of a Bowling Game,determine-the-winner-of-a-bowling-game,Easy,37.1,False,"Array,Simulation",Algorithms
2685,First Completely Painted Row or Column,first-completely-painted-row-or-column,Medium,63.89,False,"Array,Hash Table,Matrix",Algorithms
2686,Minimum Cost of a Path With Special Roads,minimum-cost-of-a-path-with-special-roads,Medium,42.45,False,"Array,Graph Theory,Heap (Priority Queue),Shortest Path",Algorithms
2687,Lexicographically Smallest Beautiful String,lexicographically-smallest-beautiful-string,Hard,38.03,False,"String,Greedy",Algorithms
2823,The Knight’s Tour,the-knights-tour,Medium,72.62,True,"Array,Backtracking,Matrix",Algorithms
2789,Counter II,counter-ii,Easy,81.23,False,,JavaScript
2796,Allow One Function Call,allow-one-function-call,Easy,86.66,False,,JavaScript
2809,Create Hello World Function,create-hello-world-function,Easy,81.98,False,,JavaScript
2829,Find Latest Salaries,find-latest-salaries,Easy,75.11,True,Database,Database
2830,Count Artist Occurrences On Spotify Ranking List,count-artist-occurrences-on-spotify-ranking-list,Easy,74.15,True,Database,Database
2777,Find the Distinct Difference Array,find-the-distinct-difference-array,Easy,77.02,False,"Array,Hash Table",Algorithms
2778,Frequency Tracker,frequency-tracker,Medium,30.85,False,"Hash Table,Design",Algorithms
2779,Number of Adjacent Elements With the Same Color,number-of-adjacent-elements-with-the-same-color,Medium,58.07,False,Array,Algorithms
2780,Make Costs of Paths Equal in a Binary Tree,make-costs-of-paths-equal-in-a-binary-tree,Medium,58.22,False,"Array,Dynamic Programming,Greedy,Tree,Binary Tree",Algorithms
2835,Split a Circular Linked List,split-a-circular-linked-list,Medium,77.61,True,"Linked List,Two Pointers",Algorithms
2769,Array of Objects to Matrix,array-of-objects-to-matrix,Hard,68.66,True,,JavaScript
2771,Throttle,throttle,Medium,83.32,True,,JavaScript
2798,Chunk Array,chunk-array,Easy,84.65,False,,JavaScript
2727,Number of Senior Citizens,number-of-senior-citizens,Easy,81.26,False,"Array,String",Algorithms
2728,Sum in a Matrix,sum-in-a-matrix,Medium,60.31,False,"Array,Sorting,Heap (Priority Queue),Matrix,Simulation",Algorithms
2730,Maximum OR,maximum-or,Medium,42.64,False,"Array,Greedy,Bit Manipulation,Prefix Sum",Algorithms
2784,Power of Heroes,power-of-heroes,Hard,31.19,False,"Array,Math,Dynamic Programming,Sorting,Prefix Sum",Algorithms
2791,Find the Losers of the Circular Game,find-the-losers-of-the-circular-game,Easy,49.79,False,"Array,Hash Table,Simulation",Algorithms
2792,Neighboring Bitwise XOR,neighboring-bitwise-xor,Medium,79.82,False,"Array,Bit Manipulation",Algorithms
2794,Maximum Number of Moves in a Grid,maximum-number-of-moves-in-a-grid,Medium,58.75,False,"Array,Dynamic Programming,Matrix",Algorithms
2793,Count the Number of Complete Components,count-the-number-of-complete-components,Medium,77.74,False,"Depth-First Search,Breadth-First Search,Union-Find,Graph Theory",Algorithms
2840,Immediate Food Delivery III,immediate-food-delivery-iii,Medium,70.08,True,Database,Database
2841,Bikes Last Time Used ,bikes-last-time-used,Easy,80.46,True,Database,Database
2842,Find Active Users,find-active-users,Medium,44.92,True,Database,Database
2843,Extract Kth Character From The Rope Tree,extract-kth-character-from-the-rope-tree,Easy,73.31,True,"Tree,Depth-First Search,Binary Tree",Algorithms
2772,Infinite Method Object,infinite-method-object,Easy,93.3,True,,JavaScript
2773,Immutability Helper,immutability-helper,Hard,40.76,True,,JavaScript
2776,Make Object Immutable,make-object-immutable,Medium,62.47,True,,JavaScript
2790,Call Function with Custom Context,call-function-with-custom-context,Medium,78.13,False,,JavaScript
2797,Event Emitter,event-emitter,Medium,74.94,False,,JavaScript
2805,Array Wrapper,array-wrapper,Easy,89.1,False,,JavaScript
2800,Minimum String Length After Removing Substrings,minimum-string-length-after-removing-substrings,Easy,77.13,False,"String,Stack,Simulation",Algorithms
2816,Lexicographically Smallest Palindrome,lexicographically-smallest-palindrome,Easy,80.84,False,"Two Pointers,String,Greedy",Algorithms
2802,Find the Punishment Number of an Integer,find-the-punishment-number-of-an-integer,Medium,81.75,False,"Math,Backtracking",Algorithms
2803,Modify Graph Edge Weights,modify-graph-edge-weights,Hard,55.66,False,"Graph Theory,Heap (Priority Queue),Shortest Path",Algorithms
2774,Differences Between Two Objects,differences-between-two-objects,Medium,74.61,True,,JavaScript
2853,Consecutive Transactions with Increasing Amounts,consecutive-transactions-with-increasing-amounts,Hard,34.52,True,Database,Database
2729,Minimum Operations to Make Numbers Non-positive,minimum-operations-to-make-numbers-non-positive,Hard,44.01,True,"Array,Binary Search",Algorithms
2820,Return Length of Arguments Passed,return-length-of-arguments-passed,Easy,94.52,False,,JavaScript
2813,To Be Or Not To Be,to-be-or-not-to-be,Easy,63.27,False,,JavaScript
2804,Compact Object,compact-object,Medium,67.58,False,,JavaScript
2756,Buy Two Chocolates,buy-two-chocolates,Easy,68.3,False,"Array,Greedy,Sorting",Algorithms
2755,Extra Characters in a String,extra-characters-in-a-string,Medium,57.26,False,"Array,Hash Table,String,Dynamic Programming,Trie",Algorithms
2754,Maximum Strength of a Group,maximum-strength-of-a-group,Medium,25.54,False,"Array,Dynamic Programming,Backtracking,Greedy,Bit Manipulation,Sorting,Enumeration",Algorithms
2827,Greatest Common Divisor Traversal,greatest-common-divisor-traversal,Hard,41.77,False,"Array,Math,Union-Find,Number Theory",Algorithms
2819,Remove Trailing Zeros From a String,remove-trailing-zeros-from-a-string,Easy,79.4,False,String,Algorithms
2801,Difference of Number of Distinct Values on Diagonals,difference-of-number-of-distinct-values-on-diagonals,Medium,68.38,False,"Array,Hash Table,Matrix",Algorithms
2817,Minimum Cost to Make All Characters Equal,minimum-cost-to-make-all-characters-equal,Medium,54.17,False,"String,Dynamic Programming,Greedy",Algorithms
2818,Maximum Strictly Increasing Cells in a Matrix,maximum-strictly-increasing-cells-in-a-matrix,Hard,31.33,False,"Array,Hash Table,Binary Search,Dynamic Programming,Memoization,Sorting,Matrix,Ordered Set",Algorithms
2865,Find Shortest Path with K Hops,find-shortest-path-with-k-hops,Hard,68.69,True,"Graph Theory,Heap (Priority Queue),Shortest Path",Algorithms
2821,Timeout Cancellation,timeout-cancellation,Easy,89.65,False,,JavaScript
2825,Minimize String Length,minimize-string-length,Easy,78.83,False,"Hash Table,String",Algorithms
2785,Semi-Ordered Permutation,semi-ordered-permutation,Easy,64.06,False,"Array,Simulation",Algorithms
2838,Sum of Matrix After Queries,sum-of-matrix-after-queries,Medium,31.86,False,"Array,Hash Table",Algorithms
2757,Count of Integers,count-of-integers,Hard,38.14,False,"Math,String,Dynamic Programming",Algorithms
2874,Popularity Percentage,popularity-percentage,Hard,52.92,True,Database,Database
2807,Execute Asynchronous Functions in Parallel,execute-asynchronous-functions-in-parallel,Medium,78.37,False,,JavaScript
2858,Join Two Arrays by ID,join-two-arrays-by-id,Medium,56.91,False,,JavaScript
2859,Add Two Promises,add-two-promises,Easy,91.78,False,,JavaScript
2860,Sort By,sort-by,Easy,83.17,False,,JavaScript
2862,Interval Cancellation,interval-cancellation,Easy,84.72,False,,JavaScript
2863,Calculator with Method Chaining,calculator-with-method-chaining,Easy,77.59,False,,JavaScript
2864,Is Object Empty,is-object-empty,Easy,81.79,False,,JavaScript
2875,Count Houses in a Circular Street,count-houses-in-a-circular-street,Easy,86.03,True,"Array,Interactive",Algorithms
2824,Check if The Number is Fascinating,check-if-the-number-is-fascinating,Easy,52.83,False,"Hash Table,Math",Algorithms
2786,Find the Longest Semi-Repetitive Substring,find-the-longest-semi-repetitive-substring,Medium,38.49,False,"String,Sliding Window",Algorithms
2787,Movement of Robots,movement-of-robots,Medium,27.85,False,"Array,Brainteaser,Sorting,Prefix Sum",Algorithms
2826,Find a Good Subset of the Matrix,find-a-good-subset-of-the-matrix,Hard,46.86,False,"Array,Hash Table,Bit Manipulation,Matrix",Algorithms
2836,Neither Minimum nor Maximum,neither-minimum-nor-maximum,Easy,76.3,False,"Array,Sorting",Algorithms
2828,Lexicographically Smallest String After Substring Operation,lexicographically-smallest-string-after-substring-operation,Medium,34.46,False,"String,Greedy",Algorithms
2810,Collecting Chocolates,collecting-chocolates,Medium,34.69,False,"Array,Enumeration",Algorithms
2839,Maximum Sum Queries,maximum-sum-queries,Hard,29.78,False,"Array,Binary Search,Stack,Binary Indexed Tree,Segment Tree,Sorting,Monotonic Stack",Algorithms
2880,Find the Closest Marked Node,find-the-closest-marked-node,Medium,65.35,True,"Array,Graph Theory,Heap (Priority Queue),Shortest Path",Algorithms
2885,Count Occurrences in Text,count-occurrences-in-text,Medium,54.73,True,Database,Database
2857,Total Distance Traveled,total-distance-traveled,Easy,41.16,False,"Math,Simulation",Algorithms
2845,Find the Value of the Partition,find-the-value-of-the-partition,Medium,64.77,False,"Array,Sorting",Algorithms
2848,Special Permutations,special-permutations,Medium,29.28,False,"Array,Dynamic Programming,Bit Manipulation,Bitmask",Algorithms
2808,Painting the Walls,painting-the-walls,Hard,48.89,False,"Array,Dynamic Programming",Algorithms
2890,Count Substrings Without Repeating Character,count-substrings-without-repeating-character,Medium,76.1,True,"Hash Table,String,Sliding Window",Algorithms
2847,Find Maximum Number of String Pairs,find-maximum-number-of-string-pairs,Easy,82.31,False,"Array,Hash Table,String,Simulation",Algorithms
2850,Construct the Longest New String,construct-the-longest-new-string,Medium,54.62,False,"Math,Dynamic Programming,Greedy,Brainteaser",Algorithms
2854,Decremental String Concatenation,decremental-string-concatenation,Medium,27.39,False,"Array,String,Dynamic Programming",Algorithms
2833,Count Zero Request Servers,count-zero-request-servers,Medium,35.63,False,"Array,Hash Table,Sliding Window,Sorting",Algorithms
2831,Number of Beautiful Pairs,number-of-beautiful-pairs,Easy,52.03,False,"Array,Hash Table,Math,Counting,Number Theory",Algorithms
2837,Minimum Operations to Make the Integer Zero,minimum-operations-to-make-the-integer-zero,Medium,58.22,False,"Bit Manipulation,Brainteaser,Enumeration",Algorithms
2867,Ways to Split Array Into Good Subarrays,ways-to-split-array-into-good-subarrays,Medium,34.75,False,"Array,Math,Dynamic Programming",Algorithms
2846,Robot Collisions,robot-collisions,Hard,56.05,False,"Array,Stack,Sorting,Simulation",Algorithms
2852,Customers with Maximum Number of Transactions on Consecutive Days,customers-with-maximum-number-of-transactions-on-consecutive-days,Hard,41.96,True,Database,Database
2897,Count Houses in a Circular Street II,count-houses-in-a-circular-street-ii,Hard,61.84,True,,Algorithms
2770,Bind Function to Context,bind-function-to-context,Medium,87.14,True,,JavaScript
2795,Deep Merge of Two Objects,deep-merge-of-two-objects,Medium,64.44,True,,JavaScript
2806,Query Batching,query-batching,Hard,67.53,True,,JavaScript
2814,Generate Circular Array Values,generate-circular-array-values,Medium,75.14,True,,JavaScript
2822,Next Day,next-day,Easy,85.76,True,,JavaScript
2851,Convert JSON String to Object,convert-json-string-to-object,Hard,61.08,True,,JavaScript
2866,Longest Even Odd Subarray With Threshold,longest-even-odd-subarray-with-threshold,Easy,31.58,False,"Array,Sliding Window",Algorithms
2873,Prime Pairs With Target Sum,prime-pairs-with-target-sum,Medium,37.02,False,"Array,Math,Enumeration,Number Theory",Algorithms
2868,Continuous Subarrays,continuous-subarrays,Medium,57.95,False,"Array,Queue,Sliding Window,Heap (Priority Queue),Ordered Set,Monotonic Queue",Algorithms
2849,Sum of Imbalance Numbers of All Subarrays,sum-of-imbalance-numbers-of-all-subarrays,Hard,43.15,False,"Array,Hash Table,Enumeration",Algorithms
2918,Is Array a Preorder of Some ‌Binary Tree,is-array-a-preorder-of-some-binary-tree,Medium,67.42,True,"Stack,Tree,Depth-First Search,Binary Tree",Algorithms
2870,Longest Alternating Subarray,longest-alternating-subarray,Easy,35.06,False,"Array,Enumeration",Algorithms
2834,Relocate Marbles,relocate-marbles,Medium,51.2,False,"Array,Hash Table,Sorting,Simulation",Algorithms
2883,Partition String Into Minimum Beautiful Substrings,partition-string-into-minimum-beautiful-substrings,Medium,53.92,False,"Hash Table,String,Dynamic Programming,Backtracking",Algorithms
2889,Number of Black Blocks,number-of-black-blocks,Medium,41.5,False,"Array,Hash Table,Enumeration",Algorithms
2812,Find the Maximum Achievable Number,find-the-maximum-achievable-number,Easy,91.2,False,Math,Algorithms
2855,Maximum Number of Jumps to Reach the Last Index,maximum-number-of-jumps-to-reach-the-last-index,Medium,32.48,False,"Array,Dynamic Programming",Algorithms
2869,Longest Non-decreasing Subarray From Two Arrays,longest-non-decreasing-subarray-from-two-arrays,Medium,31.0,False,"Array,Dynamic Programming",Algorithms
2878,Apply Operations to Make All Array Elements Equal to Zero,apply-operations-to-make-all-array-elements-equal-to-zero,Medium,33.22,False,"Array,Prefix Sum",Algorithms
2944,Height of Special Binary Tree,height-of-special-binary-tree,Medium,74.5,True,"Tree,Depth-First Search,Breadth-First Search,Binary Tree",Algorithms
2768,Array Upper Bound,array-upper-bound,Easy,82.05,True,,JavaScript
2781,Undefined to Null,undefined-to-null,Medium,71.78,True,,JavaScript
2782,Convert Callback Based Function to Promise Based Function,convert-callback-based-function-to-promise-based-function,Medium,90.62,True,,JavaScript
2799,Date Range Generator,date-range-generator,Medium,83.29,True,,JavaScript
2844,Sum of Squares of Special Elements ,sum-of-squares-of-special-elements,Easy,81.9,False,"Array,Enumeration",Algorithms
2891,Maximum Beauty of an Array After Applying Operation,maximum-beauty-of-an-array-after-applying-operation,Medium,58.33,False,"Array,Binary Search,Sliding Window,Sorting",Algorithms
2888,Minimum Index of a Valid Split,minimum-index-of-a-valid-split,Medium,75.52,False,"Array,Hash Table,Sorting",Algorithms
2884,Length of the Longest Valid Substring,length-of-the-longest-valid-substring,Hard,38.17,False,"Array,Hash Table,String,Sliding Window",Algorithms
2995,Number of Unique Categories,number-of-unique-categories,Medium,83.63,True,"Union-Find,Interactive,Counting",Algorithms
3002,Flight Occupancy and Waitlist Analysis,flight-occupancy-and-waitlist-analysis,Medium,38.64,True,Database,Database
2892,Check if Array is Good,check-if-array-is-good,Easy,48.7,False,"Array,Hash Table,Sorting",Algorithms
2887,Sort Vowels in a String,sort-vowels-in-a-string,Medium,83.44,False,"String,Sorting",Algorithms
2893,Visit Array Positions to Maximize Score,visit-array-positions-to-maximize-score,Medium,37.44,False,"Array,Dynamic Programming",Algorithms
2882,Ways to Express an Integer as Sum of Powers,ways-to-express-an-integer-as-sum-of-powers,Medium,49.86,False,Dynamic Programming,Algorithms
2881,Split Strings by Separator,split-strings-by-separator,Easy,75.95,False,"Array,String",Algorithms
2872,Largest Element in an Array after Merge Operations,largest-element-in-an-array-after-merge-operations,Medium,47.61,False,"Array,Greedy",Algorithms
2919,Maximum Number of Groups With Increasing Length,maximum-number-of-groups-with-increasing-length,Hard,22.97,False,"Array,Math,Binary Search,Greedy,Sorting",Algorithms
2905,Count Paths That Can Form a Palindrome in a Tree,count-paths-that-can-form-a-palindrome-in-a-tree,Hard,48.25,False,"Dynamic Programming,Bit Manipulation,Tree,Depth-First Search,Bitmask",Algorithms
3016,Count Nodes That Are Great Enough,count-nodes-that-are-great-enough,Hard,57.0,True,"Divide and Conquer,Tree,Depth-First Search,Binary Tree",Algorithms
3003,Status of Flight Tickets,status-of-flight-tickets,Hard,78.4,True,,Database
2861,Create Object from Two Arrays,create-object-from-two-arrays,Easy,63.77,True,,JavaScript
2898,Parallel Execution of Promises for Individual Results Retrieval,parallel-execution-of-promises-for-individual-results-retrieval,Medium,87.9,True,,JavaScript
2899,Repeat String,repeat-string,Easy,93.07,True,,JavaScript
2900,Partial Function with Placeholders,partial-function-with-placeholders,Easy,89.81,True,,JavaScript
2876,Number of Employees Who Met the Target,number-of-employees-who-met-the-target,Easy,87.8,False,Array,Algorithms
2856,Count Complete Subarrays in an Array,count-complete-subarrays-in-an-array,Medium,75.91,False,"Array,Hash Table,Sliding Window",Algorithms
2877,Shortest String That Contains Three Strings,shortest-string-that-contains-three-strings,Medium,31.51,False,"String,Greedy,Enumeration",Algorithms
2921,Count Stepping Numbers in Range,count-stepping-numbers-in-range,Hard,27.67,False,"String,Dynamic Programming",Algorithms
3030,Find The K-th Lucky Number,find-the-k-th-lucky-number,Medium,76.11,True,"Math,String,Bit Manipulation",Algorithms
2901,Factorial Generator,factorial-generator,Easy,85.9,True,,JavaScript
2907,Array Prototype ForEach,array-prototype-foreach,Easy,89.96,True,,JavaScript
2908,Custom Interval,custom-interval,Medium,84.25,True,,JavaScript
2955,Account Balance After Rounded Purchase,account-balance-after-rounded-purchase,Easy,56.25,False,Math,Algorithms
2903,Insert Greatest Common Divisors in Linked List,insert-greatest-common-divisors-in-linked-list,Medium,91.45,False,"Linked List,Math,Number Theory",Algorithms
2920,Minimum Seconds to Equalize a Circular Array,minimum-seconds-to-equalize-a-circular-array,Medium,28.43,False,"Array,Hash Table",Algorithms
2952,Minimum Time to Make Array Sum At Most x,minimum-time-to-make-array-sum-at-most-x,Hard,27.03,False,"Array,Dynamic Programming,Sorting",Algorithms
2886,Faulty Keyboard,faulty-keyboard,Easy,79.97,False,"String,Simulation",Algorithms
2916,Check if it is Possible to Split Array,check-if-it-is-possible-to-split-array,Medium,34.43,False,"Array,Dynamic Programming,Greedy",Algorithms
2914,Find the Safest Path in a Grid,find-the-safest-path-in-a-grid,Medium,48.61,False,"Array,Binary Search,Breadth-First Search,Union-Find,Heap (Priority Queue),Matrix",Algorithms
2894,Maximum Elegance of a K-Length Subsequence,maximum-elegance-of-a-k-length-subsequence,Hard,28.43,False,"Array,Hash Table,Stack,Greedy,Sorting,Heap (Priority Queue)",Algorithms
3043,Minimum Time Takes to Reach Destination Without Drowning,minimum-time-takes-to-reach-destination-without-drowning,Hard,54.54,True,"Array,Breadth-First Search,Matrix",Algorithms
2902,Max Pair Sum in an Array,max-pair-sum-in-an-array,Easy,60.37,False,"Array,Hash Table",Algorithms
2871,Double a Number Represented as a Linked List,double-a-number-represented-as-a-linked-list,Medium,61.25,False,"Linked List,Math,Stack",Algorithms
3000,Minimum Absolute Difference Between Elements With Constraint,minimum-absolute-difference-between-elements-with-constraint,Medium,37.09,False,"Array,Binary Search,Ordered Set",Algorithms
3001,Apply Operations to Maximize Score,apply-operations-to-maximize-score,Hard,53.67,False,"Array,Math,Stack,Greedy,Sorting,Monotonic Stack,Number Theory",Algorithms
3077,Minimum Relative Loss After Buying Chocolates,minimum-relative-loss-after-buying-chocolates,Hard,46.58,True,"Array,Binary Search,Sorting,Prefix Sum",Algorithms
3078,Election Results,election-results,Medium,66.31,True,,Database
2909,Delay the Resolution of Each Promise,delay-the-resolution-of-each-promise,Medium,73.51,True,,JavaScript
2925,Inversion of Object,inversion-of-object,Easy,59.92,True,,JavaScript
2912,Deep Object Filter,deep-object-filter,Medium,56.53,True,,JavaScript
2917,Count Pairs Whose Sum is Less than Target,count-pairs-whose-sum-is-less-than-target,Easy,87.7,False,"Array,Two Pointers,Binary Search,Sorting",Algorithms
3018,Make String a Subsequence Using Cyclic Increments,make-string-a-subsequence-using-cyclic-increments,Medium,65.69,False,"Two Pointers,String",Algorithms
2904,Sorting Three Groups,sorting-three-groups,Medium,42.85,False,"Array,Binary Search,Dynamic Programming",Algorithms
3017,Number of Beautiful Integers in the Range,number-of-beautiful-integers-in-the-range,Hard,21.58,False,"Math,Dynamic Programming",Algorithms
2977,Check if a String Is an Acronym of Words,check-if-a-string-is-an-acronym-of-words,Easy,82.89,False,"Array,String",Algorithms
2811,Determine the Minimum Sum of a k-avoiding Array,determine-the-minimum-sum-of-a-k-avoiding-array,Medium,60.52,False,"Math,Greedy",Algorithms
2979,Maximize the Profit as the Salesman,maximize-the-profit-as-the-salesman,Medium,38.0,False,"Array,Hash Table,Binary Search,Dynamic Programming,Sorting",Algorithms
2832,Find the Longest Equal Subarray,find-the-longest-equal-subarray,Medium,37.59,False,"Array,Hash Table,Binary Search,Sliding Window",Algorithms
3088,Maximal Range That Each Element Is Maximum in It,maximal-range-that-each-element-is-maximum-in-it,Medium,75.53,True,"Array,Stack,Monotonic Stack",Algorithms
3019,Furthest Point From Origin,furthest-point-from-origin,Easy,65.26,False,"String,Counting",Algorithms
3026,Find the Minimum Possible Sum of a Beautiful Array,find-the-minimum-possible-sum-of-a-beautiful-array,Medium,35.21,False,"Math,Greedy",Algorithms
3025,Minimum Operations to Form Subsequence With Target Sum,minimum-operations-to-form-subsequence-with-target-sum,Hard,32.34,False,"Array,Greedy,Bit Manipulation",Algorithms
3032,Maximize Value of Function in a Ball Passing Game,maximize-value-of-function-in-a-ball-passing-game,Hard,30.35,False,"Array,Dynamic Programming,Bit Manipulation",Algorithms
3097,Total Traveled Distance,total-traveled-distance,Easy,76.67,True,Database,Database
3101,Maximum Coins Heroes Can Collect,maximum-coins-heroes-can-collect,Medium,68.68,True,"Array,Two Pointers,Binary Search,Sorting,Prefix Sum",Algorithms
2999,Check if Strings Can be Made Equal With Operations I,check-if-strings-can-be-made-equal-with-operations-i,Easy,47.75,False,String,Algorithms
2978,Check if Strings Can be Made Equal With Operations II,check-if-strings-can-be-made-equal-with-operations-ii,Medium,56.09,False,"Hash Table,String,Sorting",Algorithms
2954,Maximum Sum of Almost Unique Subarray,maximum-sum-of-almost-unique-subarray,Medium,40.66,False,"Array,Hash Table,Sliding Window",Algorithms
3057,Count K-Subsequences of a String With Maximum Beauty,count-k-subsequences-of-a-string-with-maximum-beauty,Hard,30.15,False,"Hash Table,Math,String,Greedy,Combinatorics",Algorithms
2998,  Count Symmetric Integers,count-symmetric-integers,Easy,83.09,False,"Math,Enumeration",Algorithms
3046,Minimum Operations to Make a Special Number,minimum-operations-to-make-a-special-number,Medium,38.5,False,"Math,String,Greedy,Enumeration",Algorithms
2915,Count of Interesting Subarrays,count-of-interesting-subarrays,Medium,58.04,False,"Array,Hash Table,Prefix Sum",Algorithms
3079,Minimum Edge Weight Equilibrium Queries in a Tree,minimum-edge-weight-equilibrium-queries-in-a-tree,Hard,45.38,False,"Array,Tree,Graph Theory,Strongly Connected Component",Algorithms
3111,Smallest Number With Given Digit Product,smallest-number-with-given-digit-product,Medium,43.32,True,"Math,Greedy",Algorithms
3034,Points That Intersect With Cars,points-that-intersect-with-cars,Easy,73.37,False,"Array,Hash Table,Prefix Sum",Algorithms
3056,Determine if a Cell Is Reachable at a Given Time,determine-if-a-cell-is-reachable-at-a-given-time,Medium,37.15,False,Math,Algorithms
3092,Minimum Moves to Spread Stones Over Grid,minimum-moves-to-spread-stones-over-grid,Medium,45.32,False,"Array,Dynamic Programming,Backtracking,Bit Manipulation,Matrix,Bitmask",Algorithms
3024,String Transformation,string-transformation,Hard,26.63,False,"Math,String,Dynamic Programming,String Matching",Algorithms
3148,Sum of Remoteness of All Cells,sum-of-remoteness-of-all-cells,Medium,70.83,True,"Array,Hash Table,Depth-First Search,Breadth-First Search,Union-Find,Matrix",Algorithms
3155,Highest Salaries Difference,highest-salaries-difference,Easy,73.08,True,Database,Database
3156,Rolling Average Steps,rolling-average-steps,Medium,68.94,True,Database,Database
3045,Minimum Right Shifts to Sort the Array,minimum-right-shifts-to-sort-the-array,Easy,57.27,False,Array,Algorithms
3081,Minimum Array Length After Pair Removals,minimum-array-length-after-pair-removals,Medium,27.04,False,"Array,Hash Table,Two Pointers,Binary Search,Greedy,Counting",Algorithms
2953,Count Pairs of Points With Distance k,count-pairs-of-points-with-distance-k,Medium,32.78,False,"Array,Hash Table,Bit Manipulation",Algorithms
3105,Minimum Edge Reversals So Every Node Is Reachable,minimum-edge-reversals-so-every-node-is-reachable,Hard,57.29,False,"Dynamic Programming,Depth-First Search,Breadth-First Search,Graph Theory",Algorithms
3093,Sum of Values at Indices With K Set Bits,sum-of-values-at-indices-with-k-set-bits,Easy,86.07,False,"Array,Bit Manipulation",Algorithms
3104,Happy Students,happy-students,Medium,50.83,False,"Array,Sorting,Enumeration",Algorithms
3095,Maximum Number of Alloys,maximum-number-of-alloys,Medium,40.23,False,"Array,Binary Search",Algorithms
3047,Maximum Element-Sum of a Complete Subset of Indices,maximum-element-sum-of-a-complete-subset-of-indices,Hard,42.7,False,"Array,Math,Number Theory",Algorithms
3158,Maximum Length of Semi-Decreasing Subarrays,maximum-length-of-semi-decreasing-subarrays,Medium,70.07,True,"Array,Stack,Sorting,Monotonic Stack",Algorithms
3055,Maximum Odd Binary Number,maximum-odd-binary-number,Easy,82.88,False,"Math,String,Greedy",Algorithms
3114,Beautiful Towers I,beautiful-towers-i,Medium,44.3,False,"Array,Stack,Monotonic Stack",Algorithms
3113,Beautiful Towers II,beautiful-towers-ii,Medium,36.17,False,"Array,Stack,Monotonic Stack",Algorithms
3112,Count Valid Paths in a Tree,count-valid-paths-in-a-tree,Hard,35.94,False,"Math,Dynamic Programming,Tree,Depth-First Search,Number Theory",Algorithms
3173,The Wording Game,the-wording-game,Hard,55.93,True,"Array,Math,Two Pointers,String,Greedy,Game Theory",Algorithms
3044,Minimum Operations to Collect Elements,minimum-operations-to-collect-elements,Easy,62.19,False,"Array,Hash Table,Bit Manipulation",Algorithms
3094,Minimum Number of Operations to Make Array Empty,minimum-number-of-operations-to-make-array-empty,Medium,62.06,False,"Array,Hash Table,Greedy,Counting",Algorithms
3080,Split Array Into Maximum Number of Subarrays,split-array-into-maximum-number-of-subarrays,Medium,42.33,False,"Array,Greedy,Bit Manipulation",Algorithms
3058,Maximum Number of K-Divisible Components,maximum-number-of-k-divisible-components,Hard,74.12,False,"Tree,Depth-First Search",Algorithms
3154,Maximum Value of an Ordered Triplet I,maximum-value-of-an-ordered-triplet-i,Easy,58.17,False,Array,Algorithms
3152,Maximum Value of an Ordered Triplet II,maximum-value-of-an-ordered-triplet-ii,Medium,56.45,False,Array,Algorithms
3141,Minimum Size Subarray in Infinite Array,minimum-size-subarray-in-infinite-array,Medium,31.94,False,"Array,Hash Table,Sliding Window,Prefix Sum",Algorithms
3140,Count Visited Nodes in a Directed Graph,count-visited-nodes-in-a-directed-graph,Hard,30.19,False,"Dynamic Programming,Graph Theory,Memoization",Algorithms
3062,Create a DataFrame from List,create-a-dataframe-from-list,Easy,81.09,False,,pandas
3076,Get the Size of a DataFrame,get-the-size-of-a-dataframe,Easy,84.91,False,,pandas
3065,Display the First Three Rows,display-the-first-three-rows,Easy,93.07,False,,pandas
3074,Select Data,select-data,Easy,78.72,False,,pandas
3066,Create a New Column,create-a-new-column,Easy,90.23,False,,pandas
3071,Drop Duplicate Rows,drop-duplicate-rows,Easy,85.27,False,,pandas
3075,Drop Missing Data,drop-missing-data,Easy,64.52,False,,pandas
3067,Modify Columns,modify-columns,Easy,92.4,False,,pandas
3068,Rename Columns,rename-columns,Easy,85.43,False,,pandas
3069,Change Data Type,change-data-type,Easy,87.42,False,,pandas
3070,Fill Missing Data,fill-missing-data,Easy,72.42,False,,pandas
3064,Reshape Data: Concatenate,reshape-data-concatenate,Easy,90.55,False,,pandas
3072,Reshape Data: Pivot,reshape-data-pivot,Easy,83.21,False,,pandas
3073,Reshape Data: Melt,reshape-data-melt,Easy,86.04,False,,pandas
3063,Method Chaining,method-chaining,Easy,76.22,False,,pandas
3177,Minimizing Array After Replacing Pairs With Their Product,minimizing-array-after-replacing-pairs-with-their-product,Medium,40.75,True,"Array,Dynamic Programming,Greedy",Algorithms
3160,Calculate Orders Within Each Interval,calculate-orders-within-each-interval,Medium,67.03,True,Database,Database
3172,Divisible and Non-divisible Sums Difference,divisible-and-non-divisible-sums-difference,Easy,91.03,False,Math,Algorithms
3151,Minimum Processing Time,minimum-processing-time,Medium,70.2,False,"Array,Greedy,Sorting",Algorithms
3033,Apply Operations to Make Two Strings Equal,apply-operations-to-make-two-strings-equal,Medium,27.61,False,"String,Dynamic Programming",Algorithms
3153,Apply Operations on Array to Maximize Sum of Squares,apply-operations-on-array-to-maximize-sum-of-squares,Hard,44.18,False,"Array,Hash Table,Greedy,Bit Manipulation",Algorithms
3182,Maximum Linear Stock Score,maximum-linear-stock-score,Medium,61.23,True,"Array,Hash Table",Algorithms
3164,Last Visited Integers,last-visited-integers,Easy,62.08,False,"Array,Simulation",Algorithms
3143,Longest Unequal Adjacent Groups Subsequence I,longest-unequal-adjacent-groups-subsequence-i,Easy,66.94,False,"Array,String,Dynamic Programming,Greedy",Algorithms
3142,Longest Unequal Adjacent Groups Subsequence II,longest-unequal-adjacent-groups-subsequence-ii,Medium,51.45,False,"Array,String,Dynamic Programming",Algorithms
3091,Count of Sub-Multisets With Bounded Sum,count-of-sub-multisets-with-bounded-sum,Hard,22.15,False,"Array,Hash Table,Dynamic Programming,Sliding Window",Algorithms
3165,Find Indices With Index and Value Difference I,find-indices-with-index-and-value-difference-i,Easy,60.29,False,"Array,Two Pointers",Algorithms
3150,Shortest and Lexicographically Smallest Beautiful String,shortest-and-lexicographically-smallest-beautiful-string,Medium,40.82,False,"String,Sliding Window",Algorithms
3170,Find Indices With Index and Value Difference II,find-indices-with-index-and-value-difference-ii,Medium,32.58,False,"Array,Two Pointers",Algorithms
3031,Construct Product Matrix,construct-product-matrix,Medium,32.04,False,"Array,Matrix,Prefix Sum",Algorithms
3187,Maximum Profitable Triplets With Increasing Prices I,maximum-profitable-triplets-with-increasing-prices-i,Medium,55.34,True,"Array,Binary Indexed Tree,Segment Tree",Algorithms
3176,Minimum Sum of Mountain Triplets I,minimum-sum-of-mountain-triplets-i,Easy,67.17,False,Array,Algorithms
3186,Minimum Sum of Mountain Triplets II,minimum-sum-of-mountain-triplets-ii,Medium,54.46,False,Array,Algorithms
3166,Minimum Number of Groups to Create a Valid Assignment,minimum-number-of-groups-to-create-a-valid-assignment,Medium,24.77,False,"Array,Hash Table,Greedy",Algorithms
2879,Minimum Changes to Make K Semi-palindromes,minimum-changes-to-make-k-semi-palindromes,Hard,36.06,False,"Two Pointers,String,Dynamic Programming",Algorithms
3198,Number of Ways to Reach Destination in the Grid,number-of-ways-to-reach-destination-in-the-grid,Hard,58.39,True,"Math,Dynamic Programming,Combinatorics",Algorithms
3163,Subarrays Distinct Element Sum of Squares I,subarrays-distinct-element-sum-of-squares-i,Easy,80.12,False,"Array,Hash Table",Algorithms
3174,Minimum Number of Changes to Make Binary String Beautiful,minimum-number-of-changes-to-make-binary-string-beautiful,Medium,76.41,False,String,Algorithms
3106,Length of the Longest Subsequence That Sums to Target,length-of-the-longest-subsequence-that-sums-to-target,Medium,39.25,False,"Array,Dynamic Programming",Algorithms
3139,Subarrays Distinct Element Sum of Squares II,subarrays-distinct-element-sum-of-squares-ii,Hard,22.68,False,"Array,Dynamic Programming,Binary Indexed Tree,Segment Tree",Algorithms
3183,Find the K-or of an Array,find-the-k-or-of-an-array,Easy,72.72,False,"Array,Bit Manipulation",Algorithms
3171,Minimum Equal Sum of Two Arrays After Replacing Zeros,minimum-equal-sum-of-two-arrays-after-replacing-zeros,Medium,50.2,False,"Array,Greedy",Algorithms
3178,Minimum Increment Operations to Make Array Beautiful,minimum-increment-operations-to-make-array-beautiful,Medium,34.63,False,"Array,Dynamic Programming",Algorithms
3179,Maximum Points After Collecting Coins From All Nodes,maximum-points-after-collecting-coins-from-all-nodes,Hard,36.31,False,"Array,Dynamic Programming,Bit Manipulation,Tree,Depth-First Search,Memoization",Algorithms
3204,Maximum Profitable Triplets With Increasing Prices II,maximum-profitable-triplets-with-increasing-prices-ii,Hard,45.66,True,"Array,Binary Indexed Tree,Segment Tree",Algorithms
3205,Market Analysis III,market-analysis-iii,Medium,41.69,True,Database,Database
3188,Find Champion I,find-champion-i,Easy,73.22,False,"Array,Matrix",Algorithms
3189,Find Champion II,find-champion-ii,Medium,70.28,False,Graph Theory,Algorithms
3191,Maximum Score After Applying Operations on a Tree,maximum-score-after-applying-operations-on-a-tree,Medium,47.08,False,"Dynamic Programming,Tree,Depth-First Search",Algorithms
3184,Maximum Balanced Subsequence Sum,maximum-balanced-subsequence-sum,Hard,25.72,False,"Array,Binary Search,Dynamic Programming,Binary Indexed Tree,Segment Tree",Algorithms
3216,Distribute Candies Among Children III,distribute-candies-among-children-iii,Hard,57.15,True,"Math,Combinatorics",Algorithms
3199,Distribute Candies Among Children I,distribute-candies-among-children-i,Easy,76.15,False,"Math,Combinatorics,Enumeration",Algorithms
3201,Distribute Candies Among Children II,distribute-candies-among-children-ii,Medium,55.7,False,"Math,Combinatorics,Enumeration",Algorithms
3200,Number of Strings Which Can Be Rearranged to Contain Substring,number-of-strings-which-can-be-rearranged-to-contain-substring,Medium,56.95,False,"Math,Dynamic Programming,Combinatorics",Algorithms
3107,Maximum Spending After Buying Items,maximum-spending-after-buying-items,Hard,61.25,False,"Array,Greedy,Sorting,Heap (Priority Queue),Matrix",Algorithms
3193,Maximum Strong Pair XOR I,maximum-strong-pair-xor-i,Easy,75.91,False,"Array,Hash Table,Bit Manipulation,Trie,Sliding Window",Algorithms
3202,High-Access Employees,high-access-employees,Medium,47.29,False,"Array,Hash Table,String,Sorting",Algorithms
3190,Minimum Operations to Maximize Last Elements in Arrays,minimum-operations-to-maximize-last-elements-in-arrays,Medium,43.83,False,"Array,Enumeration",Algorithms
3197,Maximum Strong Pair XOR II,maximum-strong-pair-xor-ii,Hard,32.14,False,"Array,Hash Table,Bit Manipulation,Trie,Sliding Window",Algorithms
3222,Number of Equal Numbers Blocks,number-of-equal-numbers-blocks,Medium,62.4,True,"Array,Binary Search,Interactive",Algorithms
3207,Make Three Strings Equal,make-three-strings-equal,Easy,44.53,False,String,Algorithms
3195,Separate Black and White Balls,separate-black-and-white-balls,Medium,63.98,False,"Two Pointers,String,Greedy",Algorithms
3192,Maximum Xor Product,maximum-xor-product,Medium,29.48,False,"Math,Greedy,Bit Manipulation",Algorithms
3181,Find Building Where Alice and Bob Can Meet,find-building-where-alice-and-bob-can-meet,Hard,52.24,False,"Array,Binary Search,Stack,Binary Indexed Tree,Segment Tree,Heap (Priority Queue),Monotonic Stack",Algorithms
3232,Maximum GCD-Sum of a Subarray,maximum-gcd-sum-of-a-subarray,Hard,38.49,True,"Array,Math,Binary Search,Number Theory",Algorithms
3194,Find Words Containing Character,find-words-containing-character,Easy,90.41,False,"Array,String",Algorithms
3214,Maximize Area of Square Hole in Grid,maximize-area-of-square-hole-in-grid,Medium,61.91,False,"Array,Sorting",Algorithms
3209,Minimum Number of Coins for Fruits,minimum-number-of-coins-for-fruits,Medium,48.76,False,"Array,Dynamic Programming,Queue,Heap (Priority Queue),Monotonic Queue",Algorithms
3211,Find Maximum Non-decreasing Array Length,find-maximum-non-decreasing-array-length,Hard,18.45,False,"Array,Binary Search,Dynamic Programming,Stack,Queue,Monotonic Stack,Monotonic Queue",Algorithms
3215,Matrix Similarity After Cyclic Shifts,matrix-similarity-after-cyclic-shifts,Easy,59.29,False,"Array,Math,Matrix,Simulation",Algorithms
3210,Count Beautiful Substrings I,count-beautiful-substrings-i,Medium,60.81,False,"Hash Table,Math,String,Enumeration,Number Theory,Prefix Sum",Algorithms
3219,Make Lexicographically Smallest Array by Swapping Elements,make-lexicographically-smallest-array-by-swapping-elements,Medium,60.24,False,"Array,Union-Find,Sorting",Algorithms
3208,Count Beautiful Substrings II,count-beautiful-substrings-ii,Hard,26.69,False,"Hash Table,Math,String,Number Theory,Prefix Sum",Algorithms
3237,Number of Divisible Substrings,number-of-divisible-substrings,Medium,74.07,True,"Hash Table,String,Counting,Prefix Sum",Algorithms
3221,Find the Peaks,find-the-peaks,Easy,75.0,False,"Array,Enumeration",Algorithms
3231,Minimum Number of Coins to be Added,minimum-number-of-coins-to-be-added,Medium,57.94,False,"Array,Greedy,Sorting",Algorithms
3223,Count Complete Substrings,count-complete-substrings,Hard,29.87,False,"Hash Table,String,Sliding Window",Algorithms
3224,Count the Number of Infection Sequences,count-the-number-of-infection-sequences,Hard,37.22,False,"Array,Math,Combinatorics",Algorithms
3247,Number of Same-End Substrings,number-of-same-end-substrings,Medium,61.62,True,"Array,Hash Table,String,Counting,Prefix Sum",Algorithms
3206,Find Common Elements Between Two Arrays,find-common-elements-between-two-arrays,Easy,84.44,False,"Array,Hash Table",Algorithms
3230,Remove Adjacent Almost-Equal Characters,remove-adjacent-almost-equal-characters,Medium,53.08,False,"String,Dynamic Programming,Greedy",Algorithms
3225,Length of Longest Subarray With at Most K Frequency,length-of-longest-subarray-with-at-most-k-frequency,Medium,56.41,False,"Array,Hash Table,Sliding Window",Algorithms
3217,Number of Possible Sets of Closing Branches,number-of-possible-sets-of-closing-branches,Hard,50.62,False,"Bit Manipulation,Graph Theory,Heap (Priority Queue),Enumeration,Shortest Path",Algorithms
3220,Count Tested Devices After Test Operations,count-tested-devices-after-test-operations,Easy,78.77,False,"Array,Simulation,Counting",Algorithms
3234,Double Modular Exponentiation,double-modular-exponentiation,Medium,47.92,False,"Array,Math,Simulation",Algorithms
3213,Count Subarrays Where Max Element Appears at Least K Times,count-subarrays-where-max-element-appears-at-least-k-times,Medium,62.39,False,"Array,Sliding Window",Algorithms
3212,Count the Number of Good Partitions,count-the-number-of-good-partitions,Hard,48.93,False,"Array,Hash Table,Math,Combinatorics",Algorithms
3254,Number of Divisible Triplet Sums,number-of-divisible-triplet-sums,Medium,67.59,True,"Array,Hash Table",Algorithms
3227,Find Missing and Repeated Values,find-missing-and-repeated-values,Easy,83.25,False,"Array,Hash Table,Math,Matrix",Algorithms
3241,Divide Array Into Arrays With Max Difference,divide-array-into-arrays-with-max-difference,Medium,78.97,False,"Array,Greedy,Sorting",Algorithms
3229,Minimum Cost to Make Array Equalindromic,minimum-cost-to-make-array-equalindromic,Medium,23.28,False,"Array,Math,Binary Search,Greedy,Sorting",Algorithms
3196,Apply Operations to Maximize Frequency Score,apply-operations-to-maximize-frequency-score,Hard,38.49,False,"Array,Binary Search,Sliding Window,Sorting,Prefix Sum",Algorithms
3268,Minimum Number of Coins for Fruits II,minimum-number-of-coins-for-fruits-ii,Hard,46.92,True,"Array,Dynamic Programming,Queue,Heap (Priority Queue),Monotonic Queue",Algorithms
3252,Count the Number of Incremovable Subarrays I,count-the-number-of-incremovable-subarrays-i,Easy,56.23,False,"Array,Two Pointers,Binary Search,Enumeration",Algorithms
3262,Find Polygon With the Largest Perimeter,find-polygon-with-the-largest-perimeter,Medium,65.51,False,"Array,Greedy,Sorting,Prefix Sum",Algorithms
3248,Count the Number of Incremovable Subarrays II,count-the-number-of-incremovable-subarrays-ii,Hard,40.1,False,"Array,Two Pointers,Binary Search",Algorithms
3218,Find Number of Coins to Place in Tree Nodes,find-number-of-coins-to-place-in-tree-nodes,Hard,37.24,False,"Dynamic Programming,Tree,Depth-First Search,Sorting,Heap (Priority Queue)",Algorithms
3226,Minimum Number Game,minimum-number-game,Easy,85.34,False,"Array,Sorting,Heap (Priority Queue),Simulation",Algorithms
3250,Maximum Square Area by Removing Fences From a Field,maximum-square-area-by-removing-fences-from-a-field,Medium,49.41,False,"Array,Hash Table,Enumeration",Algorithms
3235,Minimum Cost to Convert String I,minimum-cost-to-convert-string-i,Medium,63.26,False,"Array,String,Graph Theory,Shortest Path",Algorithms
3238,Minimum Cost to Convert String II,minimum-cost-to-convert-string-ii,Hard,59.67,False,"Array,String,Dynamic Programming,Graph Theory,Trie,Shortest Path",Algorithms
3253,Symmetric Coordinates,symmetric-coordinates,Medium,40.56,True,Database,Database
3273,Most Expensive Item That Can Not Be Bought,most-expensive-item-that-can-not-be-bought,Medium,80.34,True,"Math,Dynamic Programming,Number Theory",Algorithms
3246,Check if Bitwise OR Has Trailing Zeros,check-if-bitwise-or-has-trailing-zeros,Easy,71.06,False,"Array,Bit Manipulation",Algorithms
3267,Find Longest Special Substring That Occurs Thrice I,find-longest-special-substring-that-occurs-thrice-i,Medium,61.87,False,"Hash Table,String,Binary Search,Sliding Window,Counting",Algorithms
3266,Find Longest Special Substring That Occurs Thrice II,find-longest-special-substring-that-occurs-thrice-ii,Medium,39.14,False,"Hash Table,String,Binary Search,Sliding Window,Counting",Algorithms
3203,Palindrome Rearrangement Queries,palindrome-rearrangement-queries,Hard,24.84,False,"Hash Table,String,Prefix Sum",Algorithms
3281,Find Peak Calling Hours for Each City,find-peak-calling-hours-for-each-city,Medium,61.31,True,Database,Database
3282,Calculate Compressed Mean,calculate-compressed-mean,Easy,86.03,True,Database,Database
3283,Find Third Transaction,find-third-transaction,Medium,53.58,True,Database,Database
3284,Find Expensive Cities,find-expensive-cities,Easy,77.06,True,Database,Database
3285,Manager of the Largest Department,manager-of-the-largest-department,Medium,80.69,True,Database,Database
3286,Class Performance,class-performance,Medium,88.9,True,Database,Database
3287,Loan Types,loan-types,Easy,63.82,True,Database,Database
3288,Top Three Wineries ,top-three-wineries,Hard,53.56,True,Database,Database
3294,Number of Self-Divisible Permutations,number-of-self-divisible-permutations,Medium,71.7,True,"Array,Math,Dynamic Programming,Backtracking,Bit Manipulation,Number Theory,Bitmask",Algorithms
3300,Friday Purchases I,friday-purchases-i,Medium,80.59,True,Database,Database
3301,Friday Purchases II ,friday-purchases-ii,Hard,73.75,True,Database,Database
3302,Viewers Turned Streamers,viewers-turned-streamers,Hard,42.69,True,Database,Database
3236,Smallest Missing Integer Greater Than Sequential Prefix Sum,smallest-missing-integer-greater-than-sequential-prefix-sum,Easy,35.07,False,"Array,Hash Table,Sorting",Algorithms
3249,Minimum Number of Operations to Make Array XOR Equal to K,minimum-number-of-operations-to-make-array-xor-equal-to-k,Medium,85.47,False,"Array,Bit Manipulation",Algorithms
3239,Minimum Number of Operations to Make X and Y Equal,minimum-number-of-operations-to-make-x-and-y-equal,Medium,48.41,False,"Dynamic Programming,Breadth-First Search,Memoization",Algorithms
3243,Count the Number of Powerful Integers,count-the-number-of-powerful-integers,Hard,46.33,False,"Math,String,Dynamic Programming",Algorithms
3251,Maximum Area of Longest Diagonal Rectangle,maximum-area-of-longest-diagonal-rectangle,Easy,45.87,False,Array,Algorithms
3270,Minimum Moves to Capture The Queen,minimum-moves-to-capture-the-queen,Medium,22.25,False,"Math,Enumeration",Algorithms
3228,Maximum Size of a Set After Removals,maximum-size-of-a-set-after-removals,Medium,46.04,False,"Array,Hash Table,Greedy",Algorithms
3233,Maximize the Number of Partitions After Operations,maximize-the-number-of-partitions-after-operations,Hard,53.62,False,"String,Dynamic Programming,Bit Manipulation,Bitmask",Algorithms
3304,Maximum Subtree of the Same Color,maximum-subtree-of-the-same-color,Medium,58.28,True,"Array,Dynamic Programming,Tree,Depth-First Search",Algorithms
3242,Count Elements With Maximum Frequency,count-elements-with-maximum-frequency,Easy,79.85,False,"Array,Hash Table,Counting",Algorithms
3245,Find Beautiful Indices in the Given Array I,find-beautiful-indices-in-the-given-array-i,Medium,40.49,False,"Two Pointers,String,Binary Search,Rolling Hash,String Matching,Hash Function",Algorithms
3240,Maximum Number That Sum of the Prices Is Less Than or Equal to K,maximum-number-that-sum-of-the-prices-is-less-than-or-equal-to-k,Medium,38.38,False,"Math,Binary Search,Dynamic Programming,Bit Manipulation",Algorithms
3303,Find Beautiful Indices in the Given Array II,find-beautiful-indices-in-the-given-array-ii,Hard,27.57,False,"Two Pointers,String,Binary Search,Rolling Hash,String Matching,Hash Function",Algorithms
3315,Maximum Number of Intersections on the Chart,maximum-number-of-intersections-on-the-chart,Hard,45.08,True,"Array,Hash Table,Math,Binary Indexed Tree,Geometry,Sweep Line,Sorting",Algorithms
3263,Divide an Array Into Subarrays With Minimum Cost I,divide-an-array-into-subarrays-with-minimum-cost-i,Easy,80.46,False,"Array,Sorting,Enumeration",Algorithms
3291,Find if Array Can Be Sorted,find-if-array-can-be-sorted,Medium,66.46,False,"Array,Bit Manipulation,Sorting",Algorithms
3244,Minimize Length of Array Using Operations,minimize-length-of-array-using-operations,Medium,35.67,False,"Array,Math,Greedy,Number Theory",Algorithms
3260,Divide an Array Into Subarrays With Minimum Cost II,divide-an-array-into-subarrays-with-minimum-cost-ii,Hard,54.77,False,"Array,Hash Table,Sliding Window,Heap (Priority Queue)",Algorithms
3275,Minimum Number of Pushes to Type Word I,minimum-number-of-pushes-to-type-word-i,Easy,66.89,False,"Math,String,Greedy",Algorithms
3271,Count the Number of Houses at a Certain Distance I,count-the-number-of-houses-at-a-certain-distance-i,Medium,57.25,False,"Breadth-First Search,Graph Theory,Prefix Sum",Algorithms
3276,Minimum Number of Pushes to Type Word II,minimum-number-of-pushes-to-type-word-ii,Medium,79.97,False,"Hash Table,String,Greedy,Sorting,Counting",Algorithms
3310,Count the Number of Houses at a Certain Distance II,count-the-number-of-houses-at-a-certain-distance-ii,Hard,23.61,False,"Graph Theory,Prefix Sum",Algorithms
3323,Maximum Number of Removal Queries That Can Be Processed I,maximum-number-of-removal-queries-that-can-be-processed-i,Hard,43.74,True,"Array,Dynamic Programming",Algorithms
3312,Number of Changing Keys,number-of-changing-keys,Easy,80.46,False,String,Algorithms
3299,Find the Maximum Number of Elements in Subset,find-the-maximum-number-of-elements-in-subset,Medium,26.81,False,"Array,Hash Table,Enumeration",Algorithms
3279,Alice and Bob Playing Flower Game,alice-and-bob-playing-flower-game,Medium,60.13,False,Math,Algorithms
3261,Minimize OR of Remaining Elements Using Operations,minimize-or-of-remaining-elements-using-operations,Hard,30.03,False,"Array,Greedy,Bit Manipulation",Algorithms
3333,Find Pattern in Infinite Stream I,find-pattern-in-infinite-stream-i,Medium,56.59,True,"Array,Sliding Window,Rolling Hash,String Matching,Interactive,Hash Function",Algorithms
3321,Type of Triangle,type-of-triangle,Easy,44.13,False,"Array,Math,Sorting",Algorithms
3278,Find the Number of Ways to Place People I,find-the-number-of-ways-to-place-people-i,Medium,64.03,False,"Array,Math,Geometry,Sorting,Enumeration",Algorithms
3265,Maximum Good Subarray Sum,maximum-good-subarray-sum,Medium,21.4,False,"Array,Hash Table,Prefix Sum",Algorithms
3277,Find the Number of Ways to Place People II,find-the-number-of-ways-to-place-people-ii,Hard,64.44,False,"Array,Math,Geometry,Sorting,Enumeration",Algorithms
3311,Ant on the Boundary,ant-on-the-boundary,Easy,74.24,False,"Array,Simulation,Prefix Sum",Algorithms
3297,Minimum Time to Revert Word to Initial State I,minimum-time-to-revert-word-to-initial-state-i,Medium,42.26,False,"String,Rolling Hash,String Matching,Hash Function",Algorithms
3272,Find the Grid of Region Average,find-the-grid-of-region-average,Medium,43.23,False,"Array,Matrix",Algorithms
3296,Minimum Time to Revert Word to Initial State II,minimum-time-to-revert-word-to-initial-state-ii,Hard,35.01,False,"String,Rolling Hash,String Matching,Hash Function",Algorithms
3343,Count Numbers With Unique Digits II,count-numbers-with-unique-digits-ii,Easy,87.08,True,"Hash Table,Math,Dynamic Programming",Algorithms
3330,Modify the Matrix,modify-the-matrix,Easy,68.96,False,"Array,Matrix",Algorithms
3269,Number of Subarrays That Match a Pattern I,number-of-subarrays-that-match-a-pattern-i,Medium,68.39,False,"Array,Rolling Hash,String Matching,Hash Function",Algorithms
3317,Maximum Palindromes After Operations,maximum-palindromes-after-operations,Medium,45.54,False,"Array,Hash Table,String,Greedy,Sorting,Counting",Algorithms
3290,Number of Subarrays That Match a Pattern II,number-of-subarrays-that-match-a-pattern-ii,Hard,33.32,False,"Array,Rolling Hash,String Matching,Hash Function",Algorithms
3352,Find Pattern in Infinite Stream II,find-pattern-in-infinite-stream-ii,Hard,67.47,True,"Array,Sliding Window,Rolling Hash,String Matching,Interactive,Hash Function",Algorithms
3320,Maximum Number of Operations With the Same Score I,maximum-number-of-operations-with-the-same-score-i,Easy,52.7,False,"Array,Simulation",Algorithms
3308,Apply Operations to Make String Empty,apply-operations-to-make-string-empty,Medium,57.35,False,"Array,Hash Table,Sorting,Counting",Algorithms
3318,Maximum Number of Operations With the Same Score II,maximum-number-of-operations-with-the-same-score-ii,Medium,34.05,False,"Array,Dynamic Programming,Memoization",Algorithms
3298,Maximize Consecutive Elements in an Array After Modification,maximize-consecutive-elements-in-an-array-after-modification,Hard,33.55,False,"Array,Dynamic Programming,Sorting",Algorithms
3309,Count Prefix and Suffix Pairs I,count-prefix-and-suffix-pairs-i,Easy,77.75,False,"Array,String,Trie,Rolling Hash,String Matching,Hash Function",Algorithms
3329,Find the Length of the Longest Common Prefix,find-the-length-of-the-longest-common-prefix,Medium,57.01,False,"Array,Hash Table,String,Trie",Algorithms
3314,Most Frequent Prime,most-frequent-prime,Medium,45.81,False,"Array,Hash Table,Math,Matrix,Counting,Enumeration,Number Theory",Algorithms
3305,Count Prefix and Suffix Pairs II,count-prefix-and-suffix-pairs-ii,Hard,28.04,False,"Array,String,Trie,Rolling Hash,String Matching,Hash Function",Algorithms
3324,Split the Array,split-the-array,Easy,60.88,False,"Array,Hash Table,Counting",Algorithms
3325,Find the Largest Area of Square Inside Two Rectangles,find-the-largest-area-of-square-inside-two-rectangles,Medium,66.85,False,"Array,Math,Geometry",Algorithms
3292,Earliest Second to Mark Indices I,earliest-second-to-mark-indices-i,Medium,36.43,False,"Array,Binary Search",Algorithms
3289,Earliest Second to Mark Indices II,earliest-second-to-mark-indices-ii,Hard,21.99,False,"Array,Binary Search,Greedy,Heap (Priority Queue)",Algorithms
3255,Pizza Toppings Cost Analysis,pizza-toppings-cost-analysis,Medium,67.32,True,Database,Database
3256,Find Candidates for Data Scientist Position,find-candidates-for-data-scientist-position,Easy,74.84,True,Database,Database
3257,Maximize Items,maximize-items,Hard,73.9,True,Database,Database
3258,Classifying Triangles by Lengths,classifying-triangles-by-lengths,Easy,50.34,True,Database,Database
3259,Binary Tree Nodes,binary-tree-nodes,Medium,78.52,True,Database,Database
3339,Top Percentile Fraud,top-percentile-fraud,Medium,57.73,True,Database,Database
3340,Snaps Analysis,snaps-analysis,Medium,58.51,True,Database,Database
3357,Employees Project Allocation,employees-project-allocation,Hard,67.24,True,Database,Database
3358,Friends With No Mutual Friends,friends-with-no-mutual-friends,Medium,48.68,True,Database,Database
3365,Find All Unique Email Domains,find-all-unique-email-domains,Easy,69.56,True,Database,Database
3366,User Activities within Time Bounds,user-activities-within-time-bounds,Hard,40.73,True,Database,Database
3369,Calculate Trapping Rain Water,calculate-trapping-rain-water,Hard,81.78,True,Database,Database
3368,Winner of the Linked List Game,winner-of-the-linked-list-game,Easy,77.59,True,Linked List,Algorithms
3359,Linked List Frequency,linked-list-frequency,Easy,85.39,True,"Hash Table,Linked List,Counting",Algorithms
3370,Guess the Number Using Bitwise Questions I,guess-the-number-using-bitwise-questions-i,Medium,88.93,True,"Bit Manipulation,Interactive",Algorithms
3331,Minimum Operations to Exceed Threshold Value I,minimum-operations-to-exceed-threshold-value-i,Easy,86.6,False,Array,Algorithms
3332,Minimum Operations to Exceed Threshold Value II,minimum-operations-to-exceed-threshold-value-ii,Medium,45.81,False,"Array,Heap (Priority Queue),Simulation",Algorithms
3326,Count Pairs of Connectable Servers in a Weighted Tree Network,count-pairs-of-connectable-servers-in-a-weighted-tree-network,Medium,55.53,False,"Array,Tree,Depth-First Search",Algorithms
3307,Find the Maximum Sum of Node Values,find-the-maximum-sum-of-node-values,Hard,69.51,False,"Array,Dynamic Programming,Greedy,Bit Manipulation,Tree,Sorting",Algorithms
3347,Distribute Elements Into Two Arrays I,distribute-elements-into-two-arrays-i,Easy,73.8,False,"Array,Simulation",Algorithms
3338,Count Submatrices with Top-Left Element and Sum Less Than k,count-submatrices-with-top-left-element-and-sum-less-than-k,Medium,58.25,False,"Array,Matrix,Prefix Sum",Algorithms
3335,Minimum Operations to Write the Letter Y on a Grid,minimum-operations-to-write-the-letter-y-on-a-grid,Medium,64.29,False,"Array,Hash Table,Matrix,Counting",Algorithms
3350,Distribute Elements Into Two Arrays II,distribute-elements-into-two-arrays-ii,Hard,30.29,False,"Array,Binary Indexed Tree,Segment Tree,Simulation",Algorithms
3378,Maximum Increasing Triplet Value,maximum-increasing-triplet-value,Medium,35.68,True,"Array,Ordered Set",Algorithms
3334,Apple Redistribution into Boxes,apple-redistribution-into-boxes,Easy,78.44,False,"Array,Greedy,Sorting",Algorithms
3351,Maximize Happiness of Selected Children,maximize-happiness-of-selected-children,Medium,58.69,False,"Array,Greedy,Sorting",Algorithms
3356,Shortest Uncommon Substring in an Array,shortest-uncommon-substring-in-an-array,Medium,49.96,False,"Array,Hash Table,String,Trie",Algorithms
3313,Maximum Strength of K Disjoint Subarrays,maximum-strength-of-k-disjoint-subarrays,Hard,27.47,False,"Array,Dynamic Programming,Prefix Sum",Algorithms
3385,Match Alphanumerical Pattern in Matrix I,match-alphanumerical-pattern-in-matrix-i,Medium,64.26,True,"Array,Hash Table,String,Matrix",Algorithms
3367,Find the Sum of Encrypted Integers,find-the-sum-of-encrypted-integers,Easy,74.72,False,"Array,Math",Algorithms
3306,Mark Elements on Array by Performing Queries,mark-elements-on-array-by-performing-queries,Medium,49.05,False,"Array,Hash Table,Sorting,Heap (Priority Queue),Simulation",Algorithms
3354,Replace Question Marks in String to Minimize Its Value,replace-question-marks-in-string-to-minimize-its-value,Medium,28.95,False,"Hash Table,String,Greedy,Sorting,Heap (Priority Queue),Counting",Algorithms
3345,Find the Sum of the Power of All Subsequences,find-the-sum-of-the-power-of-all-subsequences,Hard,38.01,False,"Array,Dynamic Programming",Algorithms
3353,Existence of a Substring in a String and Its Reverse,existence-of-a-substring-in-a-string-and-its-reverse,Easy,66.41,False,"Hash Table,String",Algorithms
3337,Count Substrings Starting and Ending with Given Character,count-substrings-starting-and-ending-with-given-character,Medium,49.84,False,"Math,String,Counting",Algorithms
3360,Minimum Deletions to Make String K-Special,minimum-deletions-to-make-string-k-special,Medium,67.18,False,"Hash Table,String,Greedy,Sorting,Counting",Algorithms
3327,Minimum Moves to Pick K Ones,minimum-moves-to-pick-k-ones,Hard,21.48,False,"Array,Greedy,Sliding Window,Prefix Sum",Algorithms
3392,Find Trending Hashtags,find-trending-hashtags,Medium,60.94,True,Database,Database
3393,Make String Anti-palindrome,make-string-anti-palindrome,Hard,46.09,True,"String,Greedy,Sorting,Counting Sort",Algorithms
3400,Find Bursty Behavior,find-bursty-behavior,Medium,37.57,True,Database,Database
3349,Maximum Length Substring With Two Occurrences,maximum-length-substring-with-two-occurrences,Easy,65.11,False,"Hash Table,String,Sliding Window",Algorithms
3328,Apply Operations to Make Sum of Array Greater Than or Equal to k,apply-operations-to-make-sum-of-array-greater-than-or-equal-to-k,Medium,44.2,False,"Math,Greedy,Enumeration",Algorithms
3363,Most Frequent IDs,most-frequent-ids,Medium,42.46,False,"Array,Hash Table,Heap (Priority Queue),Ordered Set",Algorithms
3376,Longest Common Suffix Queries,longest-common-suffix-queries,Hard,35.83,False,"Array,String,Trie",Algorithms
3401,Guess the Number Using Bitwise Questions II,guess-the-number-using-bitwise-questions-ii,Medium,82.78,True,"Bit Manipulation,Interactive",Algorithms
3381,Shortest Subarray With OR at Least K I,shortest-subarray-with-or-at-least-k-i,Easy,44.08,False,"Array,Bit Manipulation,Sliding Window",Algorithms
3355,Minimum Levels to Gain More Points,minimum-levels-to-gain-more-points,Medium,40.1,False,"Array,Prefix Sum",Algorithms
3380,Shortest Subarray With OR at Least K II,shortest-subarray-with-or-at-least-k-ii,Medium,50.23,False,"Array,Bit Manipulation,Sliding Window",Algorithms
3316,Find the Sum of Subsequence Powers,find-the-sum-of-subsequence-powers,Hard,25.01,False,"Array,Dynamic Programming,Sorting",Algorithms
3371,Harshad Number,harshad-number,Easy,83.48,False,Math,Algorithms
3336,Water Bottles II,water-bottles-ii,Medium,78.13,False,"Math,Simulation",Algorithms
3374,Count Alternating Subarrays,count-alternating-subarrays,Medium,57.27,False,"Array,Math",Algorithms
3344,Minimize Manhattan Distances,minimize-manhattan-distances,Hard,32.75,False,"Array,Math,Geometry,Sorting,Ordered Set",Algorithms
3409,Find Trending Hashtags II ,find-trending-hashtags-ii,Hard,65.88,True,Database,Database
3410,Find Longest Self-Contained Substring,find-longest-self-contained-substring,Hard,58.81,True,"Hash Table,String,Sorting",Algorithms
3372,Longest Strictly Increasing or Strictly Decreasing Subarray,longest-strictly-increasing-or-strictly-decreasing-subarray,Easy,64.93,False,Array,Algorithms
3346,Lexicographically Smallest String After Operations With Constraint,lexicographically-smallest-string-after-operations-with-constraint,Medium,62.92,False,"String,Greedy",Algorithms
3387,Minimum Operations to Make Median of Array Equal to K,minimum-operations-to-make-median-of-array-equal-to-k,Medium,47.68,False,"Array,Greedy,Sorting",Algorithms
3348,Minimum Cost Walk in Weighted Graph,minimum-cost-walk-in-weighted-graph,Hard,68.26,False,"Array,Bit Manipulation,Union-Find,Graph Theory",Algorithms
3417,Find the Index of Permutation,find-the-index-of-permutation,Medium,36.0,True,"Array,Binary Search,Divide and Conquer,Binary Indexed Tree,Segment Tree,Merge Sort,Ordered Set",Algorithms
3379,Score of a String,score-of-a-string,Easy,91.37,False,String,Algorithms
3390,Minimum Rectangles to Cover Points,minimum-rectangles-to-cover-points,Medium,63.56,False,"Array,Greedy,Sorting",Algorithms
3389,Minimum Time to Visit Disappearing Nodes,minimum-time-to-visit-disappearing-nodes,Medium,37.39,False,"Array,Graph Theory,Heap (Priority Queue),Shortest Path",Algorithms
3382,Find the Number of Subarrays Where Boundary Elements Are Maximum,find-the-number-of-subarrays-where-boundary-elements-are-maximum,Hard,32.77,False,"Array,Binary Search,Stack,Monotonic Stack",Algorithms
3361,Latest Time You Can Obtain After Replacing Characters,latest-time-you-can-obtain-after-replacing-characters,Easy,35.1,False,"String,Enumeration",Algorithms
3373,Maximum Prime Difference,maximum-prime-difference,Medium,58.53,False,"Array,Math,Number Theory",Algorithms
3375,Kth Smallest Amount With Single Denomination Combination,kth-smallest-amount-with-single-denomination-combination,Hard,19.9,False,"Array,Math,Binary Search,Bit Manipulation,Combinatorics,Number Theory",Algorithms
3364,Minimum Sum of Values by Dividing Array,minimum-sum-of-values-by-dividing-array,Hard,27.81,False,"Array,Binary Search,Dynamic Programming,Bit Manipulation,Segment Tree,Queue",Algorithms
3424,Friday Purchase III ,friday-purchase-iii,Medium,55.13,True,Database,Database
3425,Maximum Number of Potholes That Can Be Fixed,maximum-number-of-potholes-that-can-be-fixed,Medium,53.22,True,"String,Greedy,Sorting",Algorithms
3408,Count the Number of Special Characters I,count-the-number-of-special-characters-i,Easy,66.68,False,"Hash Table,String",Algorithms
3405,Count the Number of Special Characters II,count-the-number-of-special-characters-ii,Medium,43.23,False,"Hash Table,String",Algorithms
3404,Minimum Number of Operations to Satisfy Conditions,minimum-number-of-operations-to-satisfy-conditions,Medium,41.65,False,"Array,Dynamic Programming,Matrix",Algorithms
3386,Find Edges in Shortest Paths,find-edges-in-shortest-paths,Hard,46.38,False,"Depth-First Search,Breadth-First Search,Graph Theory,Heap (Priority Queue),Shortest Path",Algorithms
3432,Find Longest Calls,find-longest-calls,Medium,62.86,True,Database,Database
3433,Maximum Number That Makes Result of Bitwise AND Zero,maximum-number-that-makes-result-of-bitwise-and-zero,Medium,70.33,True,"String,Greedy,Sorting",Algorithms
3440,Server Utilization Time,server-utilization-time,Medium,60.35,True,Database,Database
3398,Make a Square with the Same Color,make-a-square-with-the-same-color,Easy,52.84,False,"Array,Matrix,Enumeration",Algorithms
3388,Right Triangles,right-triangles,Medium,48.31,False,"Array,Hash Table,Math,Combinatorics,Counting",Algorithms
3406,Find All Possible Stable Binary Arrays I,find-all-possible-stable-binary-arrays-i,Medium,27.04,False,"Dynamic Programming,Prefix Sum",Algorithms
3407,Find All Possible Stable Binary Arrays II,find-all-possible-stable-binary-arrays-ii,Hard,27.27,False,"Dynamic Programming,Prefix Sum",Algorithms
3397,Find the Integer Added to Array I,find-the-integer-added-to-array-i,Easy,82.83,False,Array,Algorithms
3399,Find the Integer Added to Array II,find-the-integer-added-to-array-ii,Medium,32.81,False,"Array,Two Pointers,Sorting,Enumeration",Algorithms
3394,Minimum Array End,minimum-array-end,Medium,55.45,False,Bit Manipulation,Algorithms
3362,Find the Median of the Uniqueness Array,find-the-median-of-the-uniqueness-array,Hard,29.85,False,"Array,Hash Table,Binary Search,Sliding Window",Algorithms
3441,Equalize Strings by Adding or Removing Characters at Ends,equalize-strings-by-adding-or-removing-characters-at-ends,Medium,56.63,True,"String,Binary Search,Dynamic Programming,Sliding Window,Hash Function",Algorithms
3396,Valid Word,valid-word,Easy,50.86,False,String,Algorithms
3384,Minimum Number of Operations to Make Word K-Periodic,minimum-number-of-operations-to-make-word-k-periodic,Medium,60.64,False,"Hash Table,String,Counting",Algorithms
3395,Minimum Length of Anagram Concatenation,minimum-length-of-anagram-concatenation,Medium,39.84,False,"Hash Table,String,Counting",Algorithms
3402,Minimum Cost to Equalize Array,minimum-cost-to-equalize-array,Hard,18.66,False,"Array,Greedy,Enumeration",Algorithms
3448,Consecutive Available Seats II,consecutive-available-seats-ii,Medium,55.27,True,Database,Database
3449,Maximum Hamming Distances,maximum-hamming-distances,Hard,49.1,True,"Array,Bit Manipulation,Breadth-First Search",Algorithms
3415,Check if Grid Satisfies Conditions,check-if-grid-satisfies-conditions,Easy,44.96,False,"Array,Matrix",Algorithms
3419,Maximum Points Inside the Square,maximum-points-inside-the-square,Medium,39.14,False,"Array,Hash Table,String,Binary Search,Sorting",Algorithms
3403,Minimum Substring Partition of Equal Character Frequency,minimum-substring-partition-of-equal-character-frequency,Medium,39.97,False,"Hash Table,String,Dynamic Programming,Counting",Algorithms
3411,Find Products of Elements of Big Array,find-products-of-elements-of-big-array,Hard,24.25,False,"Array,Binary Search,Bit Manipulation",Algorithms
3412,Permutation Difference between Two Strings,permutation-difference-between-two-strings,Easy,87.72,False,"Hash Table,String",Algorithms
3383,Taking Maximum Energy From the Mystic Dungeon,taking-maximum-energy-from-the-mystic-dungeon,Medium,60.97,False,"Array,Prefix Sum",Algorithms
3391,Maximum Difference Score in a Grid,maximum-difference-score-in-a-grid,Medium,47.67,False,"Array,Dynamic Programming,Matrix",Algorithms
3431,Find the Minimum Cost Array Permutation,find-the-minimum-cost-array-permutation,Hard,25.28,False,"Array,Dynamic Programming,Bit Manipulation,Bitmask",Algorithms
3457,Invalid Tweets II,invalid-tweets-ii,Easy,84.75,True,Database,Database
3429,Special Array I,special-array-i,Easy,81.63,False,Array,Algorithms
3427,Special Array II,special-array-ii,Medium,45.75,False,"Array,Binary Search,Prefix Sum",Algorithms
3416,Sum of Digit Differences of All Pairs,sum-of-digit-differences-of-all-pairs,Medium,42.99,False,"Array,Hash Table,Math,Counting",Algorithms
3414,Find Number of Ways to Reach the K-th Stair,find-number-of-ways-to-reach-the-k-th-stair,Hard,37.42,False,"Math,Dynamic Programming,Bit Manipulation,Memoization,Combinatorics",Algorithms
3458,Maximum Number of Upgradable Servers,maximum-number-of-upgradable-servers,Medium,43.1,True,"Array,Math,Binary Search",Algorithms
3465,Employee Task Duration and Concurrent Tasks,employee-task-duration-and-concurrent-tasks,Hard,38.25,True,Database,Database
3467,Find the Level of Tree with Minimum Sum,find-the-level-of-tree-with-minimum-sum,Medium,69.5,True,"Tree,Depth-First Search,Breadth-First Search,Binary Tree",Algorithms
3428,Find the XOR of Numbers Which Appear Twice,find-the-xor-of-numbers-which-appear-twice,Easy,78.71,False,"Array,Hash Table,Bit Manipulation",Algorithms
3420,Find Occurrences of an Element in an Array,find-occurrences-of-an-element-in-an-array,Medium,73.23,False,"Array,Hash Table",Algorithms
3434,Find the Number of Distinct Colors Among the Balls,find-the-number-of-distinct-colors-among-the-balls,Medium,54.16,False,"Array,Hash Table,Simulation",Algorithms
3435,Block Placement Queries,block-placement-queries,Hard,18.35,False,"Array,Binary Search,Binary Indexed Tree,Segment Tree",Algorithms
3446,Find the Number of Good Pairs I,find-the-number-of-good-pairs-i,Easy,86.32,False,"Array,Hash Table",Algorithms
3451,String Compression III,string-compression-iii,Medium,67.01,False,String,Algorithms
3444,Find the Number of Good Pairs II,find-the-number-of-good-pairs-ii,Medium,26.59,False,"Array,Hash Table",Algorithms
3423,Maximum Sum of Subsequence With Non-adjacent Elements,maximum-sum-of-subsequence-with-non-adjacent-elements,Hard,15.38,False,"Array,Divide and Conquer,Dynamic Programming,Segment Tree",Algorithms
3473,Calculate Parking Fees and Duration,calculate-parking-fees-and-duration,Medium,52.77,True,Database,Database
3474,Better Compression of String,better-compression-of-string,Medium,75.27,True,"Hash Table,String,Sorting,Counting",Algorithms
3426,Minimum Number of Chairs in a Waiting Room,minimum-number-of-chairs-in-a-waiting-room,Easy,79.15,False,"String,Simulation",Algorithms
3430,Count Days Without Meetings,count-days-without-meetings,Medium,48.07,False,"Array,Sorting",Algorithms
3445,Lexicographically Minimum String After Removing Stars,lexicographically-minimum-string-after-removing-stars,Medium,50.99,False,"Hash Table,String,Stack,Greedy,Heap (Priority Queue)",Algorithms
3436,Find Subarray With Bitwise OR Closest to K,find-subarray-with-bitwise-or-closest-to-k,Hard,30.76,False,"Array,Binary Search,Bit Manipulation,Segment Tree",Algorithms
3481,Second Day Verification,second-day-verification,Easy,66.53,True,Database,Database
3472,Bitwise OR of Adjacent Elements,bitwise-or-of-adjacent-elements,Easy,94.72,True,"Array,Bit Manipulation",Algorithms
3447,Clear Digits,clear-digits,Easy,82.66,False,"String,Stack,Simulation",Algorithms
3413,Find The First Player to win K Games in a Row,find-the-first-player-to-win-k-games-in-a-row,Medium,40.03,False,"Array,Simulation",Algorithms
3456,Find the Maximum Length of a Good Subsequence I,find-the-maximum-length-of-a-good-subsequence-i,Medium,32.48,False,"Array,Hash Table,Dynamic Programming",Algorithms
3452,Find the Maximum Length of a Good Subsequence II,find-the-maximum-length-of-a-good-subsequence-ii,Hard,25.1,False,"Array,Hash Table,Dynamic Programming",Algorithms
3450,Find the Child Who Has the Ball After K Seconds,find-the-child-who-has-the-ball-after-k-seconds,Easy,62.03,False,"Math,Simulation",Algorithms
3422,Find the N-th Value After K Seconds,find-the-n-th-value-after-k-seconds,Medium,53.8,False,"Array,Math,Simulation,Combinatorics,Prefix Sum",Algorithms
3442,Maximum Total Reward Using Operations I,maximum-total-reward-using-operations-i,Medium,30.69,False,"Array,Dynamic Programming",Algorithms
3443,Maximum Total Reward Using Operations II,maximum-total-reward-using-operations-ii,Hard,21.77,False,"Array,Dynamic Programming,Bit Manipulation",Algorithms
3488,Find Top Scoring Students,find-top-scoring-students,Medium,49.28,True,Database,Database
3489,The Number of Ways to Make the Sum,the-number-of-ways-to-make-the-sum,Medium,51.27,True,"Array,Dynamic Programming",Algorithms
3421,Count Pairs That Form a Complete Day I,count-pairs-that-form-a-complete-day-i,Easy,78.01,False,"Array,Hash Table,Counting",Algorithms
3418,Count Pairs That Form a Complete Day II,count-pairs-that-form-a-complete-day-ii,Medium,43.6,False,"Array,Hash Table,Counting",Algorithms
3437,Maximum Total Damage With Spell Casting,maximum-total-damage-with-spell-casting,Medium,45.04,False,"Array,Hash Table,Two Pointers,Binary Search,Dynamic Programming,Sorting,Counting",Algorithms
3438,Peaks in Array,peaks-in-array,Hard,27.08,False,"Array,Binary Indexed Tree,Segment Tree",Algorithms
3503,Find Top Scoring Students II,find-top-scoring-students-ii,Hard,39.33,True,Database,Database
3504,Minimum Moves to Get a Peaceful Board,minimum-moves-to-get-a-peaceful-board,Medium,75.89,True,"Array,Greedy,Sorting,Counting Sort",Algorithms
3476,Find Minimum Operations to Make All Elements Divisible by Three,find-minimum-operations-to-make-all-elements-divisible-by-three,Easy,90.91,False,"Array,Math",Algorithms
3475,Minimum Operations to Make Binary Array Elements Equal to One I,minimum-operations-to-make-binary-array-elements-equal-to-one-i,Medium,80.42,False,"Array,Bit Manipulation,Queue,Sliding Window,Prefix Sum",Algorithms
3477,Minimum Operations to Make Binary Array Elements Equal to One II,minimum-operations-to-make-binary-array-elements-equal-to-one-ii,Medium,65.0,False,"Array,Dynamic Programming,Greedy",Algorithms
3460,Count the Number of Inversions,count-the-number-of-inversions,Hard,29.65,False,"Array,Dynamic Programming",Algorithms
3471,Minimum Average of Smallest and Largest Elements,minimum-average-of-smallest-and-largest-elements,Easy,85.26,False,"Array,Two Pointers,Sorting",Algorithms
3461,Find the Minimum Area to Cover All Ones I,find-the-minimum-area-to-cover-all-ones-i,Medium,78.15,False,"Array,Matrix",Algorithms
3464,Maximize Total Cost of Alternating Subarrays,maximize-total-cost-of-alternating-subarrays,Medium,29.51,False,"Array,Dynamic Programming",Algorithms
3459,Find the Minimum Area to Cover All Ones II,find-the-minimum-area-to-cover-all-ones-ii,Hard,63.55,False,"Array,Matrix,Enumeration",Algorithms
3505,Find Cities in Each State,find-cities-in-each-state,Easy,79.63,True,Database,Database
3506,Count Triplets with Even XOR Set Bits I,count-triplets-with-even-xor-set-bits-i,Easy,82.91,True,"Array,Bit Manipulation",Algorithms
3469,Maximum Height of a Triangle,maximum-height-of-a-triangle,Easy,44.15,False,"Array,Enumeration",Algorithms
3490,Find the Maximum Length of Valid Subsequence I,find-the-maximum-length-of-valid-subsequence-i,Medium,54.89,False,"Array,Dynamic Programming",Algorithms
3491,Find the Maximum Length of Valid Subsequence II,find-the-maximum-length-of-valid-subsequence-ii,Medium,57.24,False,"Array,Dynamic Programming",Algorithms
3439,Find Minimum Diameter After Merging Two Trees,find-minimum-diameter-after-merging-two-trees,Hard,57.12,False,"Tree,Depth-First Search,Breadth-First Search,Graph Theory",Algorithms
3512,Bitwise User Permissions Analysis,bitwise-user-permissions-analysis,Medium,93.36,True,Database,Database
3513,Maximum Array Hopping Score I,maximum-array-hopping-score-i,Medium,76.52,True,"Array,Dynamic Programming,Stack,Greedy,Monotonic Stack",Algorithms
3463,Alternating Groups I,alternating-groups-i,Easy,68.78,False,"Array,Sliding Window",Algorithms
3264,Maximum Points After Enemy Battles,maximum-points-after-enemy-battles,Medium,33.15,False,"Array,Greedy",Algorithms
3483,Alternating Groups II,alternating-groups-ii,Medium,59.89,False,"Array,Sliding Window",Algorithms
3466,Number of Subarrays With AND Value of K,number-of-subarrays-with-and-value-of-k,Hard,34.99,False,"Array,Binary Search,Bit Manipulation,Segment Tree",Algorithms
3468,Find the Encrypted String,find-the-encrypted-string,Easy,68.12,False,String,Algorithms
3453,Generate Binary Strings Without Adjacent Zeros,generate-binary-strings-without-adjacent-zeros,Medium,88.24,False,"String,Backtracking,Bit Manipulation",Algorithms
3492,Count Submatrices With Equal Frequency of X and Y,count-submatrices-with-equal-frequency-of-x-and-y,Medium,51.46,False,"Array,Matrix,Prefix Sum",Algorithms
3482,Construct String with Minimum Cost,construct-string-with-minimum-cost,Hard,18.98,False,"Array,String,Dynamic Programming,Suffix Array",Algorithms
3520,Year on Year Growth Rate,year-on-year-growth-rate,Hard,50.84,True,Database,Database
3521,Count Triplets with Even XOR Set Bits II,count-triplets-with-even-xor-set-bits-ii,Medium,61.18,True,"Array,Bit Manipulation",Algorithms
3484,Lexicographically Smallest String After a Swap,lexicographically-smallest-string-after-a-swap,Easy,54.48,False,"String,Greedy",Algorithms
3501,Delete Nodes From Linked List Present in Array,delete-nodes-from-linked-list-present-in-array,Medium,69.52,False,"Array,Hash Table,Linked List",Algorithms
3494,Minimum Cost for Cutting Cake I,minimum-cost-for-cutting-cake-i,Medium,58.43,False,"Array,Two Pointers,Dynamic Programming,Greedy,Sorting",Algorithms
3500,Minimum Cost for Cutting Cake II,minimum-cost-for-cutting-cake-ii,Hard,55.2,False,"Array,Greedy,Sorting",Algorithms
3530,Odd and Even Transactions,odd-and-even-transactions,Medium,68.21,False,Database,Database
3529,Maximum Array Hopping Score II,maximum-array-hopping-score-ii,Medium,59.51,True,"Array,Stack,Greedy,Monotonic Stack",Algorithms
3511,Find the Winning Player in Coin Game,find-the-winning-player-in-coin-game,Easy,53.05,False,"Math,Simulation,Game Theory",Algorithms
3455,Minimum Length of String After Operations,minimum-length-of-string-after-operations,Medium,75.03,False,"Hash Table,String,Counting",Algorithms
3498,Minimum Array Changes to Make Differences Equal,minimum-array-changes-to-make-differences-equal,Medium,24.27,False,"Array,Hash Table,Prefix Sum",Algorithms
3470,Maximum Score From Grid Operations,maximum-score-from-grid-operations,Hard,27.11,False,"Array,Dynamic Programming,Matrix,Prefix Sum",Algorithms
3508,Number of Bit Changes to Make Two Integers Equal,number-of-bit-changes-to-make-two-integers-equal,Easy,63.33,False,Bit Manipulation,Algorithms
3462,Vowels Game in a String,vowels-game-in-a-string,Medium,77.1,False,"Math,String,Brainteaser,Game Theory",Algorithms
3493,Maximum Number of Operations to Move Ones to the End,maximum-number-of-operations-to-move-ones-to-the-end,Medium,67.14,False,"String,Greedy,Counting",Algorithms
3454,Minimum Operations to Make Array Equal to Target,minimum-operations-to-make-array-equal-to-target,Hard,41.29,False,"Array,Dynamic Programming,Stack,Greedy,Monotonic Stack",Algorithms
3539,Customer Purchasing Behavior Analysis,customer-purchasing-behavior-analysis,Medium,36.45,True,Database,Database
3545,Minimum Number of Increasing Subsequence to Be Removed,minimum-number-of-increasing-subsequence-to-be-removed,Hard,46.27,True,"Array,Binary Search",Algorithms
3515,Find if Digit Game Can Be Won,find-if-digit-game-can-be-won,Easy,81.48,False,"Array,Math",Algorithms
3507,Find the Count of Numbers Which Are Not Special,find-the-count-of-numbers-which-are-not-special,Medium,27.52,False,"Array,Math,Number Theory",Algorithms
3479,Count the Number of Substrings With Dominant Ones,count-the-number-of-substrings-with-dominant-ones,Medium,42.09,False,"String,Enumeration",Algorithms
3478,Check if the Rectangle Corner Is Reachable,check-if-the-rectangle-corner-is-reachable,Hard,25.34,False,"Array,Math,Depth-First Search,Breadth-First Search,Union-Find,Geometry",Algorithms
3549,CEO Subordinate Hierarchy,ceo-subordinate-hierarchy,Hard,69.06,True,Database,Database
3538,Alt and Tab Simulation,alt-and-tab-simulation,Medium,52.23,True,"Array,Hash Table,Simulation",Algorithms
3519,Find the Number of Winning Players,find-the-number-of-winning-players,Easy,60.36,False,"Array,Hash Table,Counting",Algorithms
3526,Minimum Number of Flips to Make Binary Grid Palindromic I,minimum-number-of-flips-to-make-binary-grid-palindromic-i,Medium,74.8,False,"Array,Two Pointers,Matrix",Algorithms
3524,Minimum Number of Flips to Make Binary Grid Palindromic II,minimum-number-of-flips-to-make-binary-grid-palindromic-ii,Medium,25.42,False,"Array,Two Pointers,Matrix",Algorithms
3532,Time Taken to Mark All Nodes,time-taken-to-mark-all-nodes,Hard,27.44,False,"Dynamic Programming,Tree,Depth-First Search,Graph Theory",Algorithms
3516,Design Neighbor Sum Service,design-neighbor-sum-service,Easy,76.38,False,"Array,Hash Table,Design,Matrix,Simulation",Algorithms
3517,Shortest Distance After Road Addition Queries I,shortest-distance-after-road-addition-queries-i,Medium,61.86,False,"Array,Breadth-First Search,Graph Theory",Algorithms
3514,Shortest Distance After Road Addition Queries II,shortest-distance-after-road-addition-queries-ii,Hard,26.44,False,"Array,Greedy,Graph Theory,Ordered Set",Algorithms
3527,Alternating Groups III,alternating-groups-iii,Hard,18.64,False,"Array,Binary Indexed Tree,Ordered Set",Algorithms
3554,Premier League Table Ranking,premier-league-table-ranking,Easy,78.7,True,Database,Database
3537,Number of Subsequences with Odd Sum,number-of-subsequences-with-odd-sum,Medium,47.28,True,"Array,Math,Dynamic Programming,Combinatorics",Algorithms
3533,Snake in Matrix,snake-in-matrix,Easy,82.34,False,"Array,String,Simulation",Algorithms
3486,Count the Number of Good Nodes,count-the-number-of-good-nodes,Medium,55.28,False,"Tree,Depth-First Search",Algorithms
3535,Find the Count of Monotonic Pairs I,find-the-count-of-monotonic-pairs-i,Hard,47.49,False,"Array,Math,Dynamic Programming,Combinatorics,Prefix Sum",Algorithms
3536,Find the Count of Monotonic Pairs II,find-the-count-of-monotonic-pairs-ii,Hard,24.52,False,"Array,Math,Dynamic Programming,Combinatorics,Prefix Sum",Algorithms
3564,Premier League Table Ranking II,premier-league-table-ranking-ii,Medium,55.37,True,Database,Database
3480,Construct String with Minimum Cost (Easy),construct-string-with-minimum-cost-easy,Medium,58.86,True,,Algorithms
3522,Find the Power of K-Size Subarrays I,find-the-power-of-k-size-subarrays-i,Medium,62.15,False,"Array,Sliding Window",Algorithms
3523,Find the Power of K-Size Subarrays II,find-the-power-of-k-size-subarrays-ii,Medium,31.4,False,"Array,Sliding Window",Algorithms
3550,Maximum Value Sum by Placing Three Rooks I,maximum-value-sum-by-placing-three-rooks-i,Hard,16.37,False,"Array,Dynamic Programming,Matrix,Enumeration",Algorithms
3542,Maximum Value Sum by Placing Three Rooks II,maximum-value-sum-by-placing-three-rooks-ii,Hard,26.85,False,"Array,Dynamic Programming,Matrix,Enumeration",Algorithms
3543,Count Substrings That Satisfy K-Constraint I,count-substrings-that-satisfy-k-constraint-i,Easy,78.86,False,"String,Sliding Window",Algorithms
3525,Maximum Energy Boost From Two Drinks,maximum-energy-boost-from-two-drinks,Medium,49.96,False,"Array,Dynamic Programming",Algorithms
3552,Find the Largest Palindrome Divisible by K,find-the-largest-palindrome-divisible-by-k,Hard,16.89,False,"Math,String,Dynamic Programming,Greedy,Number Theory",Algorithms
3546,Count Substrings That Satisfy K-Constraint II,count-substrings-that-satisfy-k-constraint-ii,Hard,23.31,False,"Array,String,Binary Search,Sliding Window,Prefix Sum",Algorithms
3574,Find Overlapping Shifts,find-overlapping-shifts,Medium,58.27,True,Database,Database
3577,Convert Doubly Linked List to Array I,convert-doubly-linked-list-to-array-i,Easy,94.89,True,"Array,Linked List,Doubly-Linked List",Algorithms
3555,Final Array State After K Multiplication Operations I,final-array-state-after-k-multiplication-operations-i,Easy,86.95,False,"Array,Math,Heap (Priority Queue),Simulation",Algorithms
3534,Count Almost Equal Pairs I,count-almost-equal-pairs-i,Medium,38.19,False,"Array,Hash Table,Sorting,Counting,Enumeration",Algorithms
3556,Final Array State After K Multiplication Operations II,final-array-state-after-k-multiplication-operations-ii,Hard,13.0,False,"Array,Heap (Priority Queue),Simulation",Algorithms
3544,Count Almost Equal Pairs II,count-almost-equal-pairs-ii,Hard,26.97,False,"Array,Hash Table,Sorting,Counting,Enumeration",Algorithms
3585,Find Overlapping Shifts II,find-overlapping-shifts-ii,Hard,55.46,True,Database,Database
3586,Constructing Two Increasing Arrays,constructing-two-increasing-arrays,Hard,62.3,True,"Array,Dynamic Programming",Algorithms
3568,Find the Key of the Numbers,find-the-key-of-the-numbers,Easy,76.46,False,Math,Algorithms
3540,Hash Divided String,hash-divided-string,Medium,83.2,False,"String,Simulation",Algorithms
3548,Find the Count of Good Integers,find-the-count-of-good-integers,Hard,69.46,False,"Hash Table,Math,Combinatorics,Enumeration",Algorithms
3531,Minimum Amount of Damage Dealt to Bob,minimum-amount-of-damage-dealt-to-bob,Hard,39.54,False,"Array,Greedy,Sorting",Algorithms
3553,Check if Two Chessboard Squares Have the Same Color,check-if-two-chessboard-squares-have-the-same-color,Easy,72.23,False,"Math,String",Algorithms
3495,K-th Nearest Obstacle Queries,k-th-nearest-obstacle-queries,Medium,48.87,False,"Array,Heap (Priority Queue)",Algorithms
3563,Select Cells in Grid With Maximum Score,select-cells-in-grid-with-maximum-score,Hard,15.59,False,"Array,Dynamic Programming,Bit Manipulation,Matrix,Bitmask",Algorithms
3551,Maximum XOR Score Subarray Queries,maximum-xor-score-subarray-queries,Hard,43.67,False,"Array,Dynamic Programming",Algorithms
3589,Find Candidates for Data Scientist Position II,find-candidates-for-data-scientist-position-ii,Medium,42.54,True,Database,Database
3590,Maximum Total Area Occupied by Pistons,maximum-total-area-occupied-by-pistons,Hard,39.97,True,"Array,Hash Table,String,Simulation,Counting,Prefix Sum",Algorithms
3567,Convert Date to Binary,convert-date-to-binary,Easy,88.7,False,"Math,String",Algorithms
3485,Maximize Score of Numbers in Ranges,maximize-score-of-numbers-in-ranges,Medium,35.53,False,"Array,Binary Search,Greedy,Sorting",Algorithms
3528,Reach End of Array With Max Score,reach-end-of-array-with-max-score,Medium,33.39,False,"Array,Greedy",Algorithms
3560,Maximum Number of Moves to Kill All Pawns,maximum-number-of-moves-to-kill-all-pawns,Hard,33.62,False,"Array,Math,Bit Manipulation,Breadth-First Search,Game Theory,Bitmask",Algorithms
3602,Sum of Consecutive Subarrays,sum-of-consecutive-subarrays,Medium,42.57,True,"Array,Two Pointers,Dynamic Programming",Algorithms
3582,Find Indices of Stable Mountains,find-indices-of-stable-mountains,Easy,86.76,False,Array,Algorithms
3558,Find a Safe Walk Through a Grid,find-a-safe-walk-through-a-grid,Medium,32.66,False,"Array,Breadth-First Search,Graph Theory,Heap (Priority Queue),Matrix,Shortest Path",Algorithms
3575,Find the Maximum Sequence Value of Array,find-the-maximum-sequence-value-of-array,Hard,21.01,False,"Array,Dynamic Programming,Bit Manipulation",Algorithms
3571,Length of the Longest Increasing Path,length-of-the-longest-increasing-path,Hard,19.15,False,"Array,Binary Search,Sorting",Algorithms
3581,The Two Sneaky Numbers of Digitville,the-two-sneaky-numbers-of-digitville,Easy,89.9,False,"Array,Hash Table,Math",Algorithms
3518,Maximum Multiplication Score,maximum-multiplication-score,Medium,41.24,False,"Array,Dynamic Programming",Algorithms
3559,Minimum Number of Valid Strings to Form Target I,minimum-number-of-valid-strings-to-form-target-i,Medium,21.67,False,"Array,String,Binary Search,Dynamic Programming,Trie,Segment Tree,Rolling Hash,String Matching,Hash Function",Algorithms
3557,Minimum Number of Valid Strings to Form Target II,minimum-number-of-valid-strings-to-form-target-ii,Hard,20.32,False,"Array,String,Binary Search,Dynamic Programming,Segment Tree,Rolling Hash,String Matching,Hash Function",Algorithms
3609,Calculate Product Final Price,calculate-product-final-price,Medium,78.81,True,Database,Database
3615,Convert Doubly Linked List to Array II,convert-doubly-linked-list-to-array-ii,Medium,82.44,True,"Array,Linked List,Doubly-Linked List",Algorithms
3541,Report Spam Message,report-spam-message,Medium,48.5,False,"Array,Hash Table,String",Algorithms
3496,Minimum Number of Seconds to Make Mountain Height Zero,minimum-number-of-seconds-to-make-mountain-height-zero,Medium,36.88,False,"Array,Math,Binary Search,Greedy,Heap (Priority Queue)",Algorithms
3573,Count Substrings That Can Be Rearranged to Contain a String I,count-substrings-that-can-be-rearranged-to-contain-a-string-i,Medium,42.63,False,"Hash Table,String,Sliding Window",Algorithms
3572,Count Substrings That Can Be Rearranged to Contain a String II,count-substrings-that-can-be-rearranged-to-contain-a-string-ii,Hard,56.0,False,"Hash Table,String,Sliding Window",Algorithms
3623,Sum of Consecutive Subsequences,sum-of-consecutive-subsequences,Hard,43.15,True,"Array,Hash Table,Dynamic Programming",Algorithms
3606,Minimum Element After Replacement With Digit Sum,minimum-element-after-replacement-with-digit-sum,Easy,84.63,False,"Array,Math",Algorithms
3510,Maximize the Total Height of Unique Towers,maximize-the-total-height-of-unique-towers,Medium,37.27,False,"Array,Greedy,Sorting",Algorithms
3584,Find the Lexicographically Smallest Valid Sequence,find-the-lexicographically-smallest-valid-sequence,Medium,21.61,False,"Two Pointers,String,Dynamic Programming,Greedy",Algorithms
3580,Find the Occurrence of First Almost Equal Substring,find-the-occurrence-of-first-almost-equal-substring,Hard,15.28,False,"String,String Matching",Algorithms
3600,Find the K-th Character in String Game I,find-the-k-th-character-in-string-game-i,Easy,81.63,False,"Math,Bit Manipulation,Recursion,Simulation",Algorithms
3570,Count of Substrings Containing Every Vowel and K Consonants I,count-of-substrings-containing-every-vowel-and-k-consonants-i,Medium,41.7,False,"Hash Table,String,Sliding Window",Algorithms
3569,Count of Substrings Containing Every Vowel and K Consonants II,count-of-substrings-containing-every-vowel-and-k-consonants-ii,Medium,40.62,False,"Hash Table,String,Sliding Window",Algorithms
3601,Find the K-th Character in String Game II,find-the-k-th-character-in-string-game-ii,Hard,48.55,False,"Math,Bit Manipulation,Recursion",Algorithms
3624,Find Top Performing Driver,find-top-performing-driver,Medium,49.08,True,Database,Database
3579,Maximum Possible Number by Binary Concatenation,maximum-possible-number-by-binary-concatenation,Medium,65.27,False,"Array,Bit Manipulation,Enumeration",Algorithms
3561,Remove Methods From Project,remove-methods-from-project,Medium,50.39,False,"Depth-First Search,Breadth-First Search,Graph Theory",Algorithms
3578,Construct 2D Grid Matching Graph Layout,construct-2d-grid-matching-graph-layout,Hard,29.55,False,"Array,Hash Table,Graph Theory,Matrix",Algorithms
3583,Sorted GCD Pair Queries,sorted-gcd-pair-queries,Hard,22.29,False,"Array,Hash Table,Math,Binary Search,Combinatorics,Counting,Number Theory,Prefix Sum",Algorithms
3497,Find the Last Marked Nodes in Tree,find-the-last-marked-nodes-in-tree,Hard,55.41,True,"Tree,Depth-First Search",Algorithms
3605,Construct the Minimum Bitwise Array I,construct-the-minimum-bitwise-array-i,Easy,85.28,False,"Array,Bit Manipulation",Algorithms
3611,Construct the Minimum Bitwise Array II,construct-the-minimum-bitwise-array-ii,Medium,66.45,False,"Array,Bit Manipulation",Algorithms
3487,Find Maximum Removals From Source String,find-maximum-removals-from-source-string,Medium,39.22,False,"Array,Hash Table,Two Pointers,String,Dynamic Programming",Algorithms
3604,Find the Number of Possible Ways for an Event,find-the-number-of-possible-ways-for-an-event,Hard,34.81,False,"Math,Dynamic Programming,Combinatorics",Algorithms
3610,Find X-Sum of All K-Long Subarrays I,find-x-sum-of-all-k-long-subarrays-i,Easy,76.08,False,"Array,Hash Table,Sliding Window,Heap (Priority Queue)",Algorithms
3509,K-th Largest Perfect Subtree Size in Binary Tree,k-th-largest-perfect-subtree-size-in-binary-tree,Medium,62.06,False,"Tree,Depth-First Search,Sorting,Binary Tree",Algorithms
3588,Count The Number of Winning Sequences,count-the-number-of-winning-sequences,Hard,31.97,False,"String,Dynamic Programming",Algorithms
3592,Find X-Sum of All K-Long Subarrays II,find-x-sum-of-all-k-long-subarrays-ii,Hard,41.1,False,"Array,Hash Table,Sliding Window,Heap (Priority Queue)",Algorithms
3642,Premier League Table Ranking III,premier-league-table-ranking-iii,Medium,70.66,True,Database,Database
3565,Minimize Connected Groups by Inserting Interval,minimize-connected-groups-by-inserting-interval,Medium,50.25,True,"Array,Binary Search,Sliding Window,Sorting",Algorithms
3566,Find the Sequence of Strings Appeared on the Screen,find-the-sequence-of-strings-appeared-on-the-screen,Medium,80.19,False,"String,Simulation",Algorithms
3502,Count Substrings With K-Frequency Characters I,count-substrings-with-k-frequency-characters-i,Medium,55.61,False,"Hash Table,String,Sliding Window",Algorithms
3607,Minimum Division Operations to Make Array Non Decreasing,minimum-division-operations-to-make-array-non-decreasing,Medium,29.05,False,"Array,Math,Greedy,Number Theory",Algorithms
3603,Check if DFS Strings Are Palindromes,check-if-dfs-strings-are-palindromes,Hard,20.04,False,"Array,Hash Table,String,Tree,Depth-First Search,Hash Function",Algorithms
3650,Find Cities in Each State II,find-cities-in-each-state-ii,Medium,68.63,True,Database,Database
3499,Count Substrings With K-Frequency Characters II,count-substrings-with-k-frequency-characters-ii,Hard,69.41,True,"Hash Table,String,Sliding Window",Algorithms
3617,Find the Original Typed String I,find-the-original-typed-string-i,Easy,72.08,False,String,Algorithms
3576,Find Subtree Sizes After Changes,find-subtree-sizes-after-changes,Medium,53.94,False,"Array,Hash Table,String,Tree,Depth-First Search",Algorithms
3587,Maximum Points Tourist Can Earn,maximum-points-tourist-can-earn,Medium,47.41,False,"Array,Dynamic Programming,Matrix",Algorithms
3618,Find the Original Typed String II,find-the-original-typed-string-ii,Hard,45.58,False,"String,Dynamic Programming,Prefix Sum",Algorithms
3593,Find the Maximum Factor Score of Array,find-the-maximum-factor-score-of-array,Medium,40.92,False,"Array,Math,Number Theory",Algorithms
3629,Total Characters in String After Transformations I,total-characters-in-string-after-transformations-i,Medium,45.68,False,"Hash Table,Math,String,Dynamic Programming,Counting",Algorithms
3608,Find the Number of Subsequences With Equal GCD,find-the-number-of-subsequences-with-equal-gcd,Hard,31.33,False,"Array,Math,Dynamic Programming,Number Theory",Algorithms
3630,Total Characters in String After Transformations II,total-characters-in-string-after-transformations-ii,Hard,58.06,False,"Hash Table,Math,String,Dynamic Programming,Counting",Algorithms
3660,Second Highest Salary II,second-highest-salary-ii,Medium,86.46,True,Database,Database
3614,Find the Number of K-Even Arrays,find-the-number-of-k-even-arrays,Medium,61.16,True,Dynamic Programming,Algorithms
3636,Check Balanced String,check-balanced-string,Easy,82.42,False,String,Algorithms
3627,Find Minimum Time to Reach Last Room I,find-minimum-time-to-reach-last-room-i,Medium,55.5,False,"Array,Graph Theory,Heap (Priority Queue),Matrix,Shortest Path",Algorithms
3628,Find Minimum Time to Reach Last Room II,find-minimum-time-to-reach-last-room-ii,Medium,67.9,False,"Array,Graph Theory,Heap (Priority Queue),Matrix,Shortest Path",Algorithms
3637,Count Number of Balanced Permutations,count-number-of-balanced-permutations,Hard,49.15,False,"Math,String,Dynamic Programming,Combinatorics",Algorithms
3679,Maximum Sized Array,maximum-sized-array,Medium,51.05,True,"Binary Search,Bit Manipulation",Algorithms
3626,Smallest Divisible Digit Product I,smallest-divisible-digit-product-i,Easy,64.39,False,"Math,Enumeration",Algorithms
3622,Maximum Frequency of an Element After Performing Operations I,maximum-frequency-of-an-element-after-performing-operations-i,Medium,40.13,False,"Array,Binary Search,Sliding Window,Sorting,Prefix Sum",Algorithms
3640,Maximum Frequency of an Element After Performing Operations II,maximum-frequency-of-an-element-after-performing-operations-ii,Hard,53.9,False,"Array,Binary Search,Sliding Window,Sorting,Prefix Sum",Algorithms
3635,Smallest Divisible Digit Product II,smallest-divisible-digit-product-ii,Hard,14.44,False,"Math,String,Backtracking,Greedy,Number Theory",Algorithms
3612,Adjacent Increasing Subarrays Detection I,adjacent-increasing-subarrays-detection-i,Easy,47.98,False,Array,Algorithms
3619,Adjacent Increasing Subarrays Detection II,adjacent-increasing-subarrays-detection-ii,Medium,58.85,False,"Array,Binary Search",Algorithms
3646,Sum of Good Subsequences,sum-of-good-subsequences,Hard,30.77,False,"Array,Hash Table,Dynamic Programming",Algorithms
3631,Count K-Reducible Numbers Less Than N,count-k-reducible-numbers-less-than-n,Hard,27.55,False,"Math,String,Dynamic Programming,Combinatorics",Algorithms
3694,Minimum Total Operations,minimum-total-operations,Easy,64.04,True,Array,Algorithms
3616,Make Array Elements Equal to Zero,make-array-elements-equal-to-zero,Easy,68.31,False,"Array,Simulation,Prefix Sum",Algorithms
3639,Zero Array Transformation I,zero-array-transformation-i,Medium,54.43,False,"Array,Prefix Sum",Algorithms
3643,Zero Array Transformation II,zero-array-transformation-ii,Medium,43.61,False,"Array,Binary Search,Prefix Sum",Algorithms
3658,Minimize the Maximum Adjacent Element Difference,minimize-the-maximum-adjacent-element-difference,Hard,19.26,False,"Array,Binary Search,Greedy",Algorithms
3695,Books with NULL Ratings,books-with-null-ratings,Easy,82.95,True,Database,Database
3652,Find Sorted Submatrices With Maximum Element at Most K,find-sorted-submatrices-with-maximum-element-at-most-k,Hard,51.18,True,"Array,Stack,Matrix,Monotonic Stack",Algorithms
3625,Stone Removal Game,stone-removal-game,Easy,42.35,False,"Math,Simulation",Algorithms
3591,Shift Distance Between Two Strings,shift-distance-between-two-strings,Medium,53.53,False,"Array,String,Prefix Sum",Algorithms
3647,Zero Array Transformation III,zero-array-transformation-iii,Medium,54.89,False,"Array,Greedy,Sorting,Heap (Priority Queue),Prefix Sum",Algorithms
3648,Find the Maximum Number of Fruits Collected,find-the-maximum-number-of-fruits-collected,Hard,65.09,False,"Array,Dynamic Programming,Matrix",Algorithms
3644,Minimum Positive Sum Subarray ,minimum-positive-sum-subarray,Easy,44.78,False,"Array,Sliding Window,Prefix Sum",Algorithms
3595,Rearrange K Substrings to Form Target String,rearrange-k-substrings-to-form-target-string,Medium,56.66,False,"Hash Table,String,Sorting",Algorithms
3654,Minimum Array Sum,minimum-array-sum,Medium,30.95,False,"Array,Dynamic Programming",Algorithms
3675,Maximize Sum of Weights after Edge Removals,maximize-sum-of-weights-after-edge-removals,Hard,30.37,False,"Dynamic Programming,Tree,Depth-First Search",Algorithms
3703,First Letter Capitalization,first-letter-capitalization,Hard,86.54,True,Database,Database
3710,Design an Array Statistics Tracker ,design-an-array-statistics-tracker,Hard,35.57,True,"Hash Table,Binary Search,Design,Queue,Heap (Priority Queue),Data Stream,Ordered Set",Algorithms
3676,Smallest Number With All Set Bits,smallest-number-with-all-set-bits,Easy,80.34,False,"Math,Bit Manipulation",Algorithms
3594,Identify the Largest Outlier in an Array,identify-the-largest-outlier-in-an-array,Medium,36.2,False,"Array,Hash Table,Counting,Enumeration",Algorithms
3633,Maximize the Number of Target Nodes After Connecting Trees I,maximize-the-number-of-target-nodes-after-connecting-trees-i,Medium,69.5,False,"Tree,Depth-First Search,Breadth-First Search",Algorithms
3645,Maximize the Number of Target Nodes After Connecting Trees II,maximize-the-number-of-target-nodes-after-connecting-trees-ii,Hard,73.15,False,"Tree,Depth-First Search,Breadth-First Search",Algorithms
3711,First Letter Capitalization II,first-letter-capitalization-ii,Hard,57.58,False,Database,Database
3621,Minimum Operations to Make Array Values Equal to K,minimum-operations-to-make-array-values-equal-to-k,Easy,73.29,False,"Array,Hash Table",Algorithms
3649,Minimum Time to Break Locks I,minimum-time-to-break-locks-i,Medium,32.1,False,"Array,Dynamic Programming,Backtracking,Bit Manipulation,Depth-First Search,Bitmask",Algorithms
3655,Digit Operations to Make Two Integers Equal,digit-operations-to-make-two-integers-equal,Medium,29.74,False,"Math,Graph Theory,Heap (Priority Queue),Number Theory,Shortest Path",Algorithms
3680,Count Connected Components in LCM Graph,count-connected-components-in-lcm-graph,Hard,30.92,False,"Array,Hash Table,Math,Union-Find,Number Theory",Algorithms
3651,Transformed Array,transformed-array,Easy,70.36,False,"Array,Simulation",Algorithms
3681,Maximum Area Rectangle With Point Constraints I,maximum-area-rectangle-with-point-constraints-i,Medium,51.28,False,"Array,Math,Binary Indexed Tree,Segment Tree,Geometry,Sorting,Enumeration",Algorithms
3653,Maximum Subarray Sum With Length Divisible by K,maximum-subarray-sum-with-length-divisible-by-k,Medium,49.63,False,"Array,Hash Table,Prefix Sum",Algorithms
3689,Maximum Area Rectangle With Point Constraints II,maximum-area-rectangle-with-point-constraints-ii,Hard,23.7,False,"Array,Math,Binary Indexed Tree,Segment Tree,Geometry,Sorting",Algorithms
3718,Minimum Runes to Add to Cast Spell,minimum-runes-to-add-to-cast-spell,Hard,44.72,True,"Array,Depth-First Search,Breadth-First Search,Union-Find,Graph Theory,Topological Sort",Algorithms
3719,Team Dominance by Pass Success,team-dominance-by-pass-success,Hard,71.96,True,Database,Database
3693,Minimum Time to Break Locks II,minimum-time-to-break-locks-ii,Hard,44.98,True,"Array,Depth-First Search,Graph Theory",Algorithms
3632,Button with Longest Push Time,button-with-longest-push-time,Easy,40.96,False,Array,Algorithms
3613,Maximize Amount After Two Days of Conversions,maximize-amount-after-two-days-of-conversions,Medium,61.14,False,"Array,String,Depth-First Search,Breadth-First Search,Graph Theory",Algorithms
3686,Count Beautiful Splits in an Array,count-beautiful-splits-in-an-array,Medium,18.56,False,"Array,Dynamic Programming",Algorithms
3638,Minimum Operations to Make Character Frequencies Equal,minimum-operations-to-make-character-frequencies-equal,Hard,26.36,False,"Hash Table,String,Dynamic Programming,Counting,Enumeration",Algorithms
3726,Longest Team Pass Streak,longest-team-pass-streak,Hard,40.17,True,Database,Database
3735,Design a 3D Binary Matrix with Efficient Layer Tracking,design-a-3d-binary-matrix-with-efficient-layer-tracking,Medium,67.02,True,"Array,Hash Table,Design,Heap (Priority Queue),Matrix,Ordered Set",Algorithms
3685,Count Subarrays of Length Three With a Condition,count-subarrays-of-length-three-with-a-condition,Easy,61.49,False,Array,Algorithms
3659,Count Paths With the Given XOR Value,count-paths-with-the-given-xor-value,Medium,40.51,False,"Array,Dynamic Programming,Bit Manipulation,Matrix",Algorithms
3657,Check if Grid can be Cut into Sections,check-if-grid-can-be-cut-into-sections,Medium,68.27,False,"Array,Sorting",Algorithms
3700,Subsequences with a Unique Middle Mode I,subsequences-with-a-unique-middle-mode-i,Hard,20.89,False,"Array,Hash Table,Math,Combinatorics",Algorithms
3656,Minimum Number of Operations to Make Elements in Array Distinct,minimum-number-of-operations-to-make-elements-in-array-distinct,Easy,71.3,False,"Array,Hash Table",Algorithms
3620,Maximum Number of Distinct Elements After Operations,maximum-number-of-distinct-elements-after-operations,Medium,52.16,False,"Array,Greedy,Sorting",Algorithms
3690,Smallest Substring With Identical Characters I,smallest-substring-with-identical-characters-i,Hard,20.33,False,"Array,Binary Search,Enumeration",Algorithms
3706,Smallest Substring With Identical Characters II,smallest-substring-with-identical-characters-ii,Hard,40.21,False,"String,Binary Search",Algorithms
3740,Maximum Number of Matching Indices After Right Shifts,maximum-number-of-matching-indices-after-right-shifts,Medium,84.62,True,"Array,Two Pointers,Simulation",Algorithms
3746,Find Circular Gift Exchange Chains,find-circular-gift-exchange-chains,Hard,51.16,True,Database,Database
3691,Minimum Operations to Make Columns Strictly Increasing,minimum-operations-to-make-columns-strictly-increasing,Easy,72.54,False,"Array,Greedy,Matrix",Algorithms
3683,Find the Lexicographically Largest String From the Box I,find-the-lexicographically-largest-string-from-the-box-i,Medium,40.97,False,"Two Pointers,String,Enumeration",Algorithms
3699,Count Special Subsequences,count-special-subsequences,Medium,29.79,False,"Array,Hash Table,Math,Enumeration",Algorithms
3682,Count the Number of Arrays with K Matching Adjacent Elements,count-the-number-of-arrays-with-k-matching-adjacent-elements,Hard,58.36,False,"Math,Combinatorics",Algorithms
3749,Find the Lexicographically Largest String From the Box II,find-the-lexicographically-largest-string-from-the-box-ii,Hard,49.37,True,"Two Pointers,String",Algorithms
3684,Substring Matching Pattern,substring-matching-pattern,Easy,28.27,False,"String,String Matching",Algorithms
3678,Design Task Manager,design-task-manager,Medium,49.14,False,"Hash Table,Design,Heap (Priority Queue),Ordered Set",Algorithms
3716,Longest Subsequence With Decreasing Adjacent Difference,longest-subsequence-with-decreasing-adjacent-difference,Medium,16.58,False,"Array,Dynamic Programming",Algorithms
3688,Maximize Subarray Sum After Removing All Occurrences of One Element,maximize-subarray-sum-after-removing-all-occurrences-of-one-element,Hard,22.86,False,"Array,Dynamic Programming,Segment Tree",Algorithms
3702,Maximum Subarray With Equal Products,maximum-subarray-with-equal-products,Easy,46.44,False,"Array,Math,Sliding Window,Enumeration,Number Theory",Algorithms
3634,Find Mirror Score of a String,find-mirror-score-of-a-string,Medium,35.36,False,"Hash Table,String,Stack,Simulation",Algorithms
3715,Maximum Coins From K Consecutive Bags,maximum-coins-from-k-consecutive-bags,Medium,24.46,False,"Array,Binary Search,Greedy,Sliding Window,Sorting,Prefix Sum",Algorithms
3562,Maximum Score of Non-overlapping Intervals,maximum-score-of-non-overlapping-intervals,Hard,31.01,False,"Array,Binary Search,Dynamic Programming,Sorting",Algorithms
3757,Find Products with Three Consecutive Digits ,find-products-with-three-consecutive-digits,Easy,80.34,True,Database,Database
3756,Subsequences with a Unique Middle Mode II,subsequences-with-a-unique-middle-mode-ii,Hard,13.43,True,"Array,Hash Table,Math,Combinatorics",Algorithms
3708,Zigzag Grid Traversal With Skip,zigzag-grid-traversal-with-skip,Easy,64.8,False,"Array,Matrix,Simulation",Algorithms
3677,Maximum Amount of Money Robot Can Earn,maximum-amount-of-money-robot-can-earn,Medium,29.46,False,"Array,Dynamic Programming,Matrix",Algorithms
3720,Minimize the Maximum Edge Weight of Graph,minimize-the-maximum-edge-weight-of-graph,Medium,43.98,False,"Binary Search,Depth-First Search,Breadth-First Search,Graph Theory,Shortest Path",Algorithms
3674,Count Non-Decreasing Subarrays After K Operations,count-non-decreasing-subarrays-after-k-operations,Hard,23.7,False,"Array,Stack,Segment Tree,Queue,Sliding Window,Monotonic Stack,Monotonic Queue",Algorithms
3767,Find Students Who Improved,find-students-who-improved,Medium,47.89,False,Database,Database
3698,Minimum Operations to Make Subarray Elements Equal,minimum-operations-to-make-subarray-elements-equal,Medium,47.36,True,"Array,Hash Table,Math,Sliding Window,Heap (Priority Queue)",Algorithms
3747,Maximum Difference Between Adjacent Elements in a Circular Array,maximum-difference-between-adjacent-elements-in-a-circular-array,Easy,75.7,False,Array,Algorithms
3712,Minimum Cost to Make Arrays Identical,minimum-cost-to-make-arrays-identical,Medium,37.66,False,"Array,Greedy,Sorting",Algorithms
3687,Longest Special Path,longest-special-path,Hard,22.38,False,"Array,Hash Table,Tree,Depth-First Search,Prefix Sum",Algorithms
3739,Manhattan Distances of All Arrangements of Pieces,manhattan-distances-of-all-arrangements-of-pieces,Hard,35.1,False,"Math,Combinatorics",Algorithms
3731,Sum of Variable Length Subarrays,sum-of-variable-length-subarrays,Easy,85.49,False,"Array,Prefix Sum",Algorithms
3714,Maximum and Minimum Sums of at Most Size K Subsequences,maximum-and-minimum-sums-of-at-most-size-k-subsequences,Medium,21.59,False,"Array,Math,Dynamic Programming,Sorting,Combinatorics",Algorithms
3737,Paint House IV,paint-house-iv,Medium,45.02,False,"Array,Dynamic Programming",Algorithms
3725,Maximum and Minimum Sums of at Most Size K Subarrays,maximum-and-minimum-sums-of-at-most-size-k-subarrays,Hard,25.02,False,"Array,Math,Stack,Monotonic Stack",Algorithms
3758,Minimum Unlocked Indices to Sort Nums,minimum-unlocked-indices-to-sort-nums,Medium,58.64,True,"Array,Hash Table",Algorithms
3704,Count Partitions with Even Sum Difference,count-partitions-with-even-sum-difference,Easy,85.16,False,"Array,Math,Prefix Sum",Algorithms
3721,Count Mentions Per User,count-mentions-per-user,Medium,50.81,False,"Array,Math,Sorting,Simulation",Algorithms
3751,Maximum Frequency After Subarray Operation,maximum-frequency-after-subarray-operation,Medium,30.82,False,"Array,Hash Table,Dynamic Programming,Greedy,Enumeration,Prefix Sum",Algorithms
3713,Frequencies of Shortest Supersequences,frequencies-of-shortest-supersequences,Hard,22.0,False,"Array,String,Bit Manipulation,Graph Theory,Topological Sort,Enumeration",Algorithms
3782,Find Valid Emails,find-valid-emails,Easy,44.37,False,Database,Database
3780,Permutations III,permutations-iii,Medium,86.88,True,"Array,Backtracking",Algorithms
3736,Find Valid Pair of Adjacent Digits in String,find-valid-pair-of-adjacent-digits-in-string,Easy,60.58,False,"Hash Table,String,Counting",Algorithms
3743,Reschedule Meetings for Maximum Free Time I,reschedule-meetings-for-maximum-free-time-i,Medium,53.93,False,"Array,Greedy,Sliding Window",Algorithms
3741,Reschedule Meetings for Maximum Free Time II,reschedule-meetings-for-maximum-free-time-ii,Medium,60.38,False,"Array,Greedy,Enumeration",Algorithms
3701,Minimum Cost Good Caption,minimum-cost-good-caption,Hard,20.51,False,"String,Dynamic Programming",Algorithms
3753,Maximum Difference Between Even and Odd Frequency I,maximum-difference-between-even-and-odd-frequency-i,Easy,60.73,False,"Hash Table,String,Counting",Algorithms
3754,Maximum Manhattan Distance After K Changes,maximum-manhattan-distance-after-k-changes,Medium,54.17,False,"Hash Table,Math,String,Counting",Algorithms
3697,Minimum Increments for Target Multiples in an Array,minimum-increments-for-target-multiples-in-an-array,Hard,27.35,False,"Array,Math,Dynamic Programming,Bit Manipulation,Number Theory,Bitmask",Algorithms
3761,Maximum Difference Between Even and Odd Frequency II,maximum-difference-between-even-and-odd-frequency-ii,Hard,48.68,False,"String,Sliding Window,Enumeration,Prefix Sum",Algorithms
3748,Sort Matrix by Diagonals,sort-matrix-by-diagonals,Medium,84.68,False,"Array,Sorting,Matrix",Algorithms
3760,Assign Elements to Groups with Constraints,assign-elements-to-groups-with-constraints,Medium,26.73,False,"Array,Hash Table",Algorithms
3696,Count Substrings Divisible By Last Digit,count-substrings-divisible-by-last-digit,Hard,22.89,False,"String,Dynamic Programming",Algorithms
3762,Maximize the Minimum Game Score,maximize-the-minimum-game-score,Hard,25.98,False,"Array,Binary Search,Greedy",Algorithms
3787,Maximum Students on a Single Bench,maximum-students-on-a-single-bench,Easy,87.56,True,"Array,Hash Table",Algorithms
3792,Find Invalid IP Addresses,find-invalid-ip-addresses,Hard,51.91,False,Database,Database
3723,Sum of Good Numbers,sum-of-good-numbers,Easy,69.49,False,Array,Algorithms
3763,Separate Squares I,separate-squares-i,Medium,58.01,False,"Array,Binary Search",Algorithms
3775,Separate Squares II,separate-squares-ii,Hard,60.01,False,"Array,Binary Search,Segment Tree,Sweep Line",Algorithms
3692,Shortest Matching Substring,shortest-matching-substring,Hard,23.76,False,"Two Pointers,String,Binary Search,String Matching",Algorithms
3709,Find Special Substring of Length K,find-special-substring-of-length-k,Easy,35.12,False,String,Algorithms
3779,Eat Pizzas!,eat-pizzas,Medium,33.07,False,"Array,Greedy,Sorting",Algorithms
3771,Select K Disjoint Special Substrings,select-k-disjoint-special-substrings,Medium,19.04,False,"Hash Table,String,Dynamic Programming,Greedy,Sorting",Algorithms
3733,Length of Longest V-Shaped Diagonal Segment,length-of-longest-v-shaped-diagonal-segment,Hard,56.33,False,"Array,Dynamic Programming,Memoization,Matrix",Algorithms
3796,Longest Common Prefix After at Most One Removal,longest-common-prefix-after-at-most-one-removal,Medium,67.73,True,"Two Pointers,String",Algorithms
3768,Check If Digits Are Equal in String After Operations I,check-if-digits-are-equal-in-string-after-operations-i,Easy,82.46,False,"Math,String,Simulation,Combinatorics,Number Theory",Algorithms
3764,Maximum Sum With at Most K Elements,maximum-sum-with-at-most-k-elements,Medium,60.52,False,"Array,Greedy,Sorting,Heap (Priority Queue),Matrix",Algorithms
3774,Check If Digits Are Equal in String After Operations II,check-if-digits-are-equal-in-string-after-operations-ii,Hard,14.17,False,"Math,String,Combinatorics,Number Theory",Algorithms
3781,Maximize the Distance Between Points on a Square,maximize-the-distance-between-points-on-a-square,Hard,23.55,False,"Array,Math,Binary Search,Geometry,Sorting",Algorithms
3803,Find Products with Valid Serial Numbers,find-products-with-valid-serial-numbers,Easy,31.49,False,Database,Database
3806,Maximum Coin Collection ,maximum-coin-collection,Medium,52.77,True,"Array,Dynamic Programming",Algorithms
3778,Transform Array by Parity,transform-array-by-parity,Easy,89.76,False,"Array,Sorting,Counting",Algorithms
3785,Find the Number of Copy Arrays,find-the-number-of-copy-arrays,Medium,46.76,False,"Array,Math",Algorithms
3776,Find Minimum Cost to Remove Array Elements,find-minimum-cost-to-remove-array-elements,Medium,21.31,False,"Array,Dynamic Programming",Algorithms
3783,Permutations IV,permutations-iv,Hard,33.78,False,"Array,Math,Combinatorics,Enumeration",Algorithms
3705,Find the Largest Almost Missing Integer,find-the-largest-almost-missing-integer,Easy,37.03,False,"Array,Hash Table",Algorithms
3786,Longest Palindromic Subsequence After at Most K Operations,longest-palindromic-subsequence-after-at-most-k-operations,Medium,37.37,False,"String,Dynamic Programming",Algorithms
3722,Sum of K Subarrays With Length at Least M,sum-of-k-subarrays-with-length-at-least-m,Medium,25.89,False,"Array,Dynamic Programming,Prefix Sum",Algorithms
3770,Lexicographically Smallest Generated String,lexicographically-smallest-generated-string,Hard,31.45,False,"String,Greedy,String Matching",Algorithms
3816,DNA Pattern Recognition ,dna-pattern-recognition,Medium,84.87,False,Database,Database
3818,Maximize Profit from Task Assignment,maximize-profit-from-task-assignment,Medium,65.95,True,"Array,Greedy,Sorting,Heap (Priority Queue)",Algorithms
3790,Fruits Into Baskets II,fruits-into-baskets-ii,Easy,70.25,False,"Array,Binary Search,Segment Tree,Simulation,Ordered Set",Algorithms
3759,Choose K Elements With Maximum Sum,choose-k-elements-with-maximum-sum,Medium,33.2,False,"Array,Sorting,Heap (Priority Queue)",Algorithms
3791,Fruits Into Baskets III,fruits-into-baskets-iii,Medium,38.93,False,"Array,Binary Search,Segment Tree,Ordered Set",Algorithms
3789,Maximize Subarrays After Removing One Conflicting Pair,maximize-subarrays-after-removing-one-conflicting-pair,Hard,64.66,False,"Array,Segment Tree,Enumeration,Prefix Sum",Algorithms
3825,Apply Substitutions,apply-substitutions,Medium,77.37,True,"Array,Hash Table,String,Depth-First Search,Breadth-First Search,Graph Theory,Topological Sort",Algorithms
3828,Analyze Organization Hierarchy,analyze-organization-hierarchy,Hard,59.3,False,Database,Database
3799,Unique 3-Digit Even Numbers,unique-3-digit-even-numbers,Easy,69.13,False,"Array,Hash Table,Recursion,Enumeration",Algorithms
3797,Design Spreadsheet,design-spreadsheet,Medium,74.35,False,"Array,Hash Table,String,Design,Matrix",Algorithms
3784,Longest Common Prefix of K Strings After Removal,longest-common-prefix-of-k-strings-after-removal,Hard,23.59,False,"Array,String,Trie",Algorithms
3798,Longest Special Path II,longest-special-path-ii,Hard,18.46,False,"Array,Hash Table,Tree,Depth-First Search,Prefix Sum",Algorithms
3788,Maximum Unique Subarray Sum After Deletion,maximum-unique-subarray-sum-after-deletion,Easy,40.46,False,"Array,Hash Table,Greedy",Algorithms
3750,Closest Equal Element Queries,closest-equal-element-queries,Medium,32.73,False,"Array,Hash Table,Binary Search",Algorithms
3795,Zero Array Transformation IV,zero-array-transformation-iv,Medium,30.99,False,"Array,Dynamic Programming",Algorithms
3801,Count Beautiful Numbers,count-beautiful-numbers,Hard,23.16,False,Dynamic Programming,Algorithms
3836,Phone Number Prefix,phone-number-prefix,Easy,70.41,True,"Array,String,Trie,Sorting",Algorithms
3817,Maximum Containers on a Ship,maximum-containers-on-a-ship,Easy,75.17,False,Math,Algorithms
3809,Properties Graph,properties-graph,Medium,48.43,False,"Array,Hash Table,Depth-First Search,Breadth-First Search,Union-Find,Graph Theory",Algorithms
3794,Find the Minimum Amount of Time to Brew Potions,find-the-minimum-amount-of-time-to-brew-potions,Medium,62.71,False,"Array,Simulation,Prefix Sum",Algorithms
3744,Minimum Operations to Make Array Elements Zero,minimum-operations-to-make-array-elements-zero,Hard,60.41,False,"Array,Math,Bit Manipulation",Algorithms
3839,Maximize Score After Pair Deletions,maximize-score-after-pair-deletions,Medium,53.17,True,"Array,Greedy",Algorithms
3848,Analyze Subscription Conversion ,analyze-subscription-conversion,Medium,74.06,False,Database,Database
3811,Reverse Degree of a String,reverse-degree-of-a-string,Easy,88.54,False,"String,Simulation",Algorithms
3805,Maximize Active Section with Trade I,maximize-active-section-with-trade-i,Medium,31.17,False,"String,Enumeration",Algorithms
3765,Minimum Cost to Divide Array Into Subarrays,minimum-cost-to-divide-array-into-subarrays,Hard,27.45,False,"Array,Dynamic Programming,Prefix Sum",Algorithms
3804,Maximize Active Section with Trade II,maximize-active-section-with-trade-ii,Hard,20.17,False,"Array,String,Binary Search,Segment Tree",Algorithms
3832,Minimum Cost to Reach Every Position,minimum-cost-to-reach-every-position,Easy,83.22,False,Array,Algorithms
3793,Longest Palindrome After Substring Concatenation I,longest-palindrome-after-substring-concatenation-i,Medium,43.75,False,"Two Pointers,String,Dynamic Programming,Enumeration",Algorithms
3808,Longest Palindrome After Substring Concatenation II,longest-palindrome-after-substring-concatenation-ii,Hard,17.64,False,"Two Pointers,String,Dynamic Programming",Algorithms
3717,Minimum Operations to Make Elements Within K Subarrays Equal,minimum-operations-to-make-elements-within-k-subarrays-equal,Hard,27.67,False,"Array,Hash Table,Math,Dynamic Programming,Sliding Window,Heap (Priority Queue)",Algorithms
3814,Find Time Required to Eliminate Bacterial Strains,find-time-required-to-eliminate-bacterial-strains,Hard,61.17,True,"Array,Math,Greedy,Heap (Priority Queue)",Algorithms
3773,Minimum Pair Removal to Sort Array I,minimum-pair-removal-to-sort-array-i,Easy,65.31,False,"Array,Hash Table,Linked List,Heap (Priority Queue),Simulation,Doubly-Linked List,Ordered Set",Algorithms
3827,Implement Router,implement-router,Medium,39.16,False,"Array,Hash Table,Binary Search,Design,Queue,Ordered Set",Algorithms
3777,Maximum Product of Subsequences With an Alternating Sum Equal to K,maximum-product-of-subsequences-with-an-alternating-sum-equal-to-k,Hard,12.87,False,"Array,Hash Table,Dynamic Programming",Algorithms
3772,Minimum Pair Removal to Sort Array II,minimum-pair-removal-to-sort-array-ii,Hard,39.21,False,"Array,Hash Table,Linked List,Heap (Priority Queue),Simulation,Doubly-Linked List,Ordered Set",Algorithms
3855,Make a Positive Array,make-a-positive-array,Medium,35.2,True,"Array,Greedy,Prefix Sum",Algorithms
3846,Minimum Operations to Make Array Sum Divisible by K,minimum-operations-to-make-array-sum-divisible-by-k,Easy,92.4,False,"Array,Math",Algorithms
3824,Number of Unique XOR Triplets I,number-of-unique-xor-triplets-i,Medium,26.44,False,"Array,Math,Bit Manipulation",Algorithms
3820,Number of Unique XOR Triplets II,number-of-unique-xor-triplets-ii,Medium,32.32,False,"Array,Math,Bit Manipulation,Enumeration",Algorithms
3829,Shortest Path in a Weighted Tree,shortest-path-in-a-weighted-tree,Hard,42.07,False,"Array,Tree,Depth-First Search,Binary Indexed Tree,Segment Tree",Algorithms
3830,Find Closest Person,find-closest-person,Easy,88.93,False,Math,Algorithms
3812,Smallest Palindromic Rearrangement I,smallest-palindromic-rearrangement-i,Medium,63.52,False,"String,Sorting,Counting Sort",Algorithms
3813,Smallest Palindromic Rearrangement II,smallest-palindromic-rearrangement-ii,Hard,14.25,False,"Hash Table,Math,String,Combinatorics,Counting",Algorithms
3810,Count Numbers with Non-Decreasing Digits ,count-numbers-with-non-decreasing-digits,Hard,38.58,False,"Math,String,Dynamic Programming",Algorithms
3861,Minimum Threshold for Inversion Pairs Count,minimum-threshold-for-inversion-pairs-count,Medium,55.58,True,"Array,Binary Search,Binary Indexed Tree,Segment Tree",Algorithms
3865,Find Product Recommendation Pairs,find-product-recommendation-pairs,Medium,61.2,False,Database,Database
3732,Calculate Score After Performing Instructions,calculate-score-after-performing-instructions,Medium,56.85,False,"Array,Hash Table,String,Simulation",Algorithms
3738,Make Array Non-decreasing,make-array-non-decreasing,Medium,56.7,False,"Array,Stack,Greedy,Monotonic Stack",Algorithms
3831,Find X Value of Array I,find-x-value-of-array-i,Medium,37.1,False,"Array,Math,Dynamic Programming",Algorithms
3840,Find X Value of Array II,find-x-value-of-array-ii,Hard,30.46,False,"Array,Math,Segment Tree",Algorithms
3862,Range XOR Queries with Subarray Reversals,range-xor-queries-with-subarray-reversals,Hard,63.47,True,"Array,Tree,Binary Tree",Algorithms
3707,Find the Most Common Response,find-the-most-common-response,Medium,74.95,False,"Array,Hash Table,String,Counting",Algorithms
3729,Unit Conversion I,unit-conversion-i,Medium,54.38,False,"Depth-First Search,Breadth-First Search,Graph Theory",Algorithms
3821,Count Cells in Overlapping Horizontal and Vertical Substrings,count-cells-in-overlapping-horizontal-and-vertical-substrings,Medium,26.93,False,"Array,String,Rolling Hash,String Matching,Matrix,Hash Function",Algorithms
3826,Maximum Profit from Valid Topological Order in DAG,maximum-profit-from-valid-topological-order-in-dag,Hard,29.72,False,"Array,Dynamic Programming,Bit Manipulation,Graph Theory,Topological Sort,Bitmask",Algorithms
3819,Count Covered Buildings,count-covered-buildings,Medium,58.76,False,"Array,Hash Table,Sorting",Algorithms
3838,Path Existence Queries in a Graph I,path-existence-queries-in-a-graph-i,Medium,55.32,False,"Array,Hash Table,Binary Search,Union-Find,Graph Theory",Algorithms
3841,Concatenated Divisibility,concatenated-divisibility,Hard,30.56,False,"Array,Dynamic Programming,Bit Manipulation,Bitmask",Algorithms
3852,Path Existence Queries in a Graph II,path-existence-queries-in-a-graph-ii,Hard,26.17,False,"Array,Two Pointers,Binary Search,Dynamic Programming,Greedy,Bit Manipulation,Graph Theory,Sorting",Algorithms
3752,Unit Conversion II,unit-conversion-ii,Medium,69.3,True,"Array,Math,Depth-First Search,Breadth-First Search,Graph Theory",Algorithms
3859,Maximum Product of Two Digits,maximum-product-of-two-digits,Easy,69.37,False,"Math,Sorting",Algorithms
3822,Fill a Special Grid,fill-a-special-grid,Medium,70.67,False,"Array,Divide and Conquer,Matrix",Algorithms
3833,Merge Operations for Minimum Travel Time,merge-operations-for-minimum-travel-time,Hard,30.77,False,"Array,Dynamic Programming,Prefix Sum",Algorithms
3851,Find Sum of Array Product of Magical Sequences,find-sum-of-array-product-of-magical-sequences,Hard,62.01,False,"Array,Math,Dynamic Programming,Bit Manipulation,Combinatorics,Bitmask",Algorithms
3880,Minimum Time to Visit All Houses,minimum-time-to-visit-all-houses,Medium,69.25,True,"Array,Prefix Sum",Algorithms
3872,Find Most Frequent Vowel and Consonant,find-most-frequent-vowel-and-consonant,Easy,89.36,False,"Hash Table,String,Counting",Algorithms
3834,Minimum Operations to Convert All Elements to Zero,minimum-operations-to-convert-all-elements-to-zero,Medium,52.93,False,"Array,Hash Table,Stack,Greedy,Monotonic Stack",Algorithms
3856,Maximum Weighted K-Edge Path,maximum-weighted-k-edge-path,Medium,19.85,False,"Hash Table,Dynamic Programming,Graph Theory",Algorithms
3858,Subtree Inversion Sum,subtree-inversion-sum,Hard,44.23,False,"Array,Dynamic Programming,Tree,Depth-First Search",Algorithms
3871,Minimum Deletions for At Most K Distinct Characters,minimum-deletions-for-at-most-k-distinct-characters,Easy,72.89,False,"Hash Table,String,Greedy,Sorting,Counting",Algorithms
3849,Equal Sum Grid Partition I,equal-sum-grid-partition-i,Medium,42.28,False,"Array,Matrix,Enumeration,Prefix Sum",Algorithms
3845,Maximum Sum of Edge Values in a Graph,maximum-sum-of-edge-values-in-a-graph,Hard,35.68,False,"Math,Greedy,Graph Theory",Algorithms
3850,Equal Sum Grid Partition II,equal-sum-grid-partition-ii,Hard,21.74,False,"Array,Hash Table,Matrix,Enumeration,Prefix Sum",Algorithms
3883,Multiply Two Polynomials,multiply-two-polynomials,Hard,60.46,True,"Array,Math",Algorithms
3869,Smallest Index With Digit Sum Equal to Index,smallest-index-with-digit-sum-equal-to-index,Easy,80.16,False,"Array,Math",Algorithms
3847,Minimum Swaps to Sort by Digit Sum,minimum-swaps-to-sort-by-digit-sum,Medium,50.4,False,"Array,Hash Table,Sorting",Algorithms
3837,Grid Teleportation Traversal,grid-teleportation-traversal,Medium,23.17,False,"Array,Hash Table,Breadth-First Search,Matrix",Algorithms
3853,Minimum Weighted Subgraph With the Required Paths II,minimum-weighted-subgraph-with-the-required-paths-ii,Hard,49.65,False,"Array,Dynamic Programming,Bit Manipulation,Tree,Depth-First Search",Algorithms
3891,Find Category Recommendation Pairs,find-category-recommendation-pairs,Hard,62.77,False,Database,Database
3890,Smallest Subarray to Sort in Every Sliding Window,smallest-subarray-to-sort-in-every-sliding-window,Medium,59.25,True,"Array,Two Pointers,Stack,Greedy,Sorting,Monotonic Stack",Algorithms
3815,Sum of Largest Prime Substrings,sum-of-largest-prime-substrings,Medium,37.76,False,"Hash Table,Math,String,Sorting,Number Theory",Algorithms
3857,Find Maximum Number of Non Intersecting Substrings,find-maximum-number-of-non-intersecting-substrings,Medium,30.35,False,"Hash Table,String,Dynamic Programming,Greedy",Algorithms
3844,Number of Ways to Assign Edge Weights I,number-of-ways-to-assign-edge-weights-i,Medium,53.25,False,"Math,Tree,Depth-First Search",Algorithms
3842,Number of Ways to Assign Edge Weights II,number-of-ways-to-assign-edge-weights-ii,Hard,59.75,False,"Array,Math,Dynamic Programming,Bit Manipulation,Tree,Depth-First Search",Algorithms
3879,Find Minimum Log Transportation Cost,find-minimum-log-transportation-cost,Easy,42.15,False,Math,Algorithms
3860,Resulting String After Adjacent Removals,resulting-string-after-adjacent-removals,Medium,56.58,False,"String,Stack,Simulation",Algorithms
3854,Maximum Profit from Trading Stocks with Discounts,maximum-profit-from-trading-stocks-with-discounts,Hard,56.81,False,"Array,Dynamic Programming,Tree,Depth-First Search",Algorithms
3867,Lexicographically Smallest String After Adjacent Removals,lexicographically-smallest-string-after-adjacent-removals,Hard,17.15,False,"String,Dynamic Programming",Algorithms
3898,Seasonal Sales Analysis,seasonal-sales-analysis,Medium,61.26,False,Database,Database
3899,Sequential Grid Path Cover,sequential-grid-path-cover,Medium,59.27,True,"Array,Recursion,Matrix",Algorithms
3843,Partition Array into Two Equal Product Subsets,partition-array-into-two-equal-product-subsets,Medium,35.08,False,"Array,Bit Manipulation,Recursion,Enumeration",Algorithms
3884,Minimum Absolute Difference in Sliding Submatrix,minimum-absolute-difference-in-sliding-submatrix,Medium,68.84,False,"Array,Sorting,Matrix",Algorithms
3870,Minimum Moves to Clean the Classroom,minimum-moves-to-clean-the-classroom,Medium,26.44,False,"Array,Hash Table,Bit Manipulation,Breadth-First Search,Matrix",Algorithms
3878,Maximize Count of Distinct Primes After Split,maximize-count-of-distinct-primes-after-split,Hard,18.09,False,"Array,Math,Segment Tree,Number Theory",Algorithms
3910,Find Books with No Available Copies,find-books-with-no-available-copies,Easy,53.45,False,Database,Database
3911,Find the Shortest Superstring II,find-the-shortest-superstring-ii,Easy,48.35,True,String,Algorithms
3894,Maximize Y‑Sum by Picking a Triplet of Distinct X‑Values,maximize-ysum-by-picking-a-triplet-of-distinct-xvalues,Medium,63.2,False,"Array,Hash Table,Greedy,Sorting,Heap (Priority Queue)",Algorithms
3892,Best Time to Buy and Sell Stock V,best-time-to-buy-and-sell-stock-v,Medium,60.79,False,"Array,Dynamic Programming",Algorithms
3888,Maximize Subarray GCD Score,maximize-subarray-gcd-score,Hard,24.56,False,"Array,Math,Enumeration,Number Theory",Algorithms
3875,Maximum Good Subtree Score,maximum-good-subtree-score,Hard,45.44,False,"Array,Dynamic Programming,Bit Manipulation,Tree,Depth-First Search,Bitmask",Algorithms
3876,Transform Array to All Equal Elements,transform-array-to-all-equal-elements,Medium,33.01,False,"Array,Greedy",Algorithms
3864,Count the Number of Computer Unlocking Permutations,count-the-number-of-computer-unlocking-permutations,Medium,59.0,False,"Array,Math,Brainteaser,Combinatorics",Algorithms
3835,Count Partitions With Max-Min Difference at Most K,count-partitions-with-max-min-difference-at-most-k,Medium,58.86,False,"Array,Dynamic Programming,Queue,Sliding Window,Prefix Sum,Monotonic Queue",Algorithms
3866,Minimum Steps to Convert String with Operations,minimum-steps-to-convert-string-with-operations,Hard,42.85,False,"String,Dynamic Programming,Greedy",Algorithms
3921,Find Consistently Improving Employees,find-consistently-improving-employees,Medium,55.49,False,Database,Database
3924,Count Odd Letters from Number,count-odd-letters-from-number,Easy,85.18,True,"Hash Table,String,Simulation,Counting",Algorithms
3893,Generate Tag for Video Caption,generate-tag-for-video-caption,Easy,32.29,False,"String,Simulation",Algorithms
3885,Count Special Triplets,count-special-triplets,Medium,47.11,False,"Array,Hash Table,Counting",Algorithms
3755,Maximum Product of First and Last Elements of a Subsequence,maximum-product-of-first-and-last-elements-of-a-subsequence,Medium,31.19,False,"Array,Two Pointers",Algorithms
3900,Find Weighted Median Node in Tree,find-weighted-median-node-in-tree,Hard,26.1,False,"Array,Binary Search,Dynamic Programming,Bit Manipulation,Tree,Depth-First Search",Algorithms
3932,Find COVID Recovery Patients,find-covid-recovery-patients,Medium,41.01,False,Database,Database
3904,Minimum Adjacent Swaps to Alternate Parity,minimum-adjacent-swaps-to-alternate-parity,Medium,42.22,False,"Array,Greedy",Algorithms
3868,Find Maximum Area of a Triangle,find-maximum-area-of-a-triangle,Medium,28.98,False,"Array,Hash Table,Math,Greedy,Geometry,Enumeration",Algorithms
3907,Count Prime-Gap Balanced Subarrays,count-prime-gap-balanced-subarrays,Medium,22.38,False,"Array,Math,Queue,Sliding Window,Number Theory,Monotonic Queue",Algorithms
3906,Kth Smallest Path XOR Sum,kth-smallest-path-xor-sum,Hard,28.65,False,"Array,Tree,Depth-First Search,Ordered Set",Algorithms
3914,Check if Any Element Has Prime Frequency,check-if-any-element-has-prime-frequency,Easy,62.49,False,"Array,Hash Table,Math,Counting,Number Theory",Algorithms
3903,Inverse Coin Change,inverse-coin-change,Medium,51.49,False,"Array,Dynamic Programming",Algorithms
3909,Minimum Increments to Equalize Leaf Paths,minimum-increments-to-equalize-leaf-paths,Medium,41.16,False,"Array,Dynamic Programming,Tree,Depth-First Search",Algorithms
3896,Minimum Time to Transport All Individuals,minimum-time-to-transport-all-individuals,Hard,27.91,False,"Array,Dynamic Programming,Bit Manipulation,Graph Theory,Heap (Priority Queue),Shortest Path,Bitmask",Algorithms
3935,Once Twice,once-twice,Medium,76.74,True,"Array,Bit Manipulation",Algorithms
3925,Minimum Cost Path with Alternating Directions I,minimum-cost-path-with-alternating-directions-i,Medium,69.79,True,"Math,Brainteaser",Algorithms
3905,Partition String ,partition-string,Medium,58.63,False,"Hash Table,String,Trie,Simulation",Algorithms
3800,Longest Common Prefix Between Adjacent Strings After Removals,longest-common-prefix-between-adjacent-strings-after-removals,Medium,32.27,False,"Array,String",Algorithms
3913,Partition Array to Minimize XOR,partition-array-to-minimize-xor,Medium,41.0,False,"Array,Dynamic Programming,Bit Manipulation,Prefix Sum",Algorithms
3902,Maximize Spanning Tree Stability with Upgrades,maximize-spanning-tree-stability-with-upgrades,Hard,39.58,False,"Binary Search,Greedy,Union-Find,Graph Theory,Minimum Spanning Tree",Algorithms
3942,Find Drivers with Improved Fuel Efficiency,find-drivers-with-improved-fuel-efficiency,Medium,46.39,False,Database,Database
3912,Hexadecimal and Hexatrigesimal Conversion,hexadecimal-and-hexatrigesimal-conversion,Easy,80.62,False,"Math,String",Algorithms
3927,Minimum Cost Path with Alternating Directions II,minimum-cost-path-with-alternating-directions-ii,Medium,44.56,False,"Array,Dynamic Programming,Matrix",Algorithms
3916,Minimum Time to Reach Destination in Directed Graph,minimum-time-to-reach-destination-in-directed-graph,Medium,45.41,False,"Graph Theory,Heap (Priority Queue),Shortest Path",Algorithms
3920,Minimum Stability Factor of Array,minimum-stability-factor-of-array,Hard,20.24,False,"Array,Math,Binary Search,Greedy,Segment Tree,Number Theory",Algorithms
3934,Coupon Code Validator,coupon-code-validator,Easy,65.04,False,"Array,Hash Table,String,Sorting",Algorithms
3863,Power Grid Maintenance,power-grid-maintenance,Medium,56.32,False,"Array,Hash Table,Depth-First Search,Breadth-First Search,Union-Find,Graph Theory,Heap (Priority Queue),Ordered Set",Algorithms
3908,Minimum Time for K Connected Components,minimum-time-for-k-connected-components,Medium,45.12,False,"Binary Search,Union-Find,Graph Theory,Sorting",Algorithms
3922,Minimum Moves to Reach Target in Grid,minimum-moves-to-reach-target-in-grid,Hard,14.82,False,Math,Algorithms
3949,Minimum Number of Primes to Sum to Target,minimum-number-of-primes-to-sum-to-target,Medium,59.63,True,"Array,Math,Dynamic Programming,Number Theory",Algorithms
3943,Find Overbooked Employees,find-overbooked-employees,Medium,45.13,False,Database,Database
3931,Process String with Special Operations I,process-string-with-special-operations-i,Medium,64.93,False,"String,Simulation",Algorithms
3881,Minimize Maximum Component Cost,minimize-maximum-component-cost,Medium,43.38,False,"Binary Search,Union-Find,Graph Theory,Sorting",Algorithms
3939,Process String with Special Operations II,process-string-with-special-operations-ii,Hard,16.85,False,"String,Simulation",Algorithms
3930,Longest Palindromic Path in Graph,longest-palindromic-path-in-graph,Hard,21.85,False,"String,Dynamic Programming,Bit Manipulation,Graph Theory,Bitmask",Algorithms
3960,Number of Student Replacements,number-of-student-replacements,Medium,86.41,True,"Array,Simulation",Algorithms
3961,Find Students with Study Spiral Pattern,find-students-with-study-spiral-pattern,Hard,28.64,False,,Database
3936,Split Array by Prime Indices,split-array-by-prime-indices,Medium,49.3,False,"Array,Math,Number Theory",Algorithms
3823,Count Islands With Total Value Divisible by K,count-islands-with-total-value-divisible-by-k,Medium,56.33,False,"Array,Depth-First Search,Breadth-First Search,Union-Find,Matrix",Algorithms
3919,Network Recovery Pathways,network-recovery-pathways,Hard,29.93,False,"Array,Binary Search,Dynamic Programming,Graph Theory,Topological Sort,Heap (Priority Queue),Shortest Path",Algorithms
3937,Number of Integers With Popcount-Depth Equal to K I,number-of-integers-with-popcount-depth-equal-to-k-i,Hard,22.29,False,"Math,Dynamic Programming,Bit Manipulation,Combinatorics",Algorithms
3918,Check Divisibility by Digit Sum and Product,check-divisibility-by-digit-sum-and-product,Easy,69.65,False,Math,Algorithms
3886,Count Number of Trapezoids I,count-number-of-trapezoids-i,Medium,48.04,False,"Array,Hash Table,Math,Geometry",Algorithms
3941,Number of Integers With Popcount-Depth Equal to K II,number-of-integers-with-popcount-depth-equal-to-k-ii,Hard,59.42,False,"Array,Divide and Conquer,Binary Indexed Tree,Segment Tree",Algorithms
3897,Count Number of Trapezoids II,count-number-of-trapezoids-ii,Hard,40.05,False,"Array,Hash Table,Math,Geometry",Algorithms
3971,Find Stores with Inventory Imbalance,find-stores-with-inventory-imbalance,Medium,48.14,False,,Database
3766,Maximum Median Sum of Subsequences of Size 3,maximum-median-sum-of-subsequences-of-size-3,Medium,65.04,False,"Array,Math,Greedy,Sorting,Game Theory",Algorithms
3948,Maximum Number of Subsequences After One Inserting,maximum-number-of-subsequences-after-one-inserting,Medium,31.69,False,"String,Dynamic Programming,Greedy,Prefix Sum",Algorithms
3933,Minimum Jumps to Reach End via Prime Teleportation,minimum-jumps-to-reach-end-via-prime-teleportation,Medium,31.85,False,"Array,Hash Table,Math,Breadth-First Search,Number Theory",Algorithms
3882,Partition Array for Maximum XOR and AND,partition-array-for-maximum-xor-and-and,Hard,17.5,False,"Array,Math,Greedy,Bit Manipulation,Enumeration",Algorithms
3969,Sort Threats by Severity and Exploitability,sort-threats-by-severity-and-exploitability,Medium,64.09,True,"Array,Sorting",Algorithms
3929,Subarrays with XOR at Least K,subarrays-with-xor-at-least-k,Hard,45.84,True,"Array,Bit Manipulation,Trie,Prefix Sum",Algorithms
3965,Earliest Finish Time for Land and Water Rides I,earliest-finish-time-for-land-and-water-rides-i,Easy,61.53,False,"Array,Two Pointers,Binary Search,Greedy,Sorting",Algorithms
3958,Minimum Removals to Balance Array,minimum-removals-to-balance-array,Medium,47.86,False,"Array,Sliding Window,Sorting",Algorithms
3967,Earliest Finish Time for Land and Water Rides II,earliest-finish-time-for-land-and-water-rides-ii,Medium,34.95,False,"Array,Two Pointers,Binary Search,Greedy,Sorting",Algorithms
3955,Threshold Majority Queries,threshold-majority-queries,Hard,21.71,False,"Array,Hash Table,Binary Search,Divide and Conquer,Counting,Prefix Sum",Algorithms
3952,Trionic Array I,trionic-array-i,Easy,49.54,False,Array,Algorithms
3954,Maximum Balanced Shipments,maximum-balanced-shipments,Medium,61.3,False,"Array,Dynamic Programming,Stack,Greedy,Monotonic Stack",Algorithms
3944,Minimum Time to Activate String,minimum-time-to-activate-string,Medium,49.18,False,"Array,Binary Search",Algorithms
3956,Trionic Array II,trionic-array-ii,Hard,47.3,False,"Array,Dynamic Programming",Algorithms
3992,Longest Semi-Repeating Subarray,longest-semi-repeating-subarray,Medium,65.71,True,"Array,Hash Table,Sliding Window",Algorithms
3996,Find Books with Polarized Opinions,find-books-with-polarized-opinions,Medium,41.46,False,,Database
3973,Flip Square Submatrix Vertically,flip-square-submatrix-vertically,Easy,72.89,False,"Array,Two Pointers,Matrix",Algorithms
3950,Maximum K to Sort a Permutation,maximum-k-to-sort-a-permutation,Medium,37.19,False,"Array,Bit Manipulation",Algorithms
3959,Maximum Total from Optimal Activation Order,maximum-total-from-optimal-activation-order,Medium,32.99,False,"Array,Two Pointers,Greedy,Sorting,Heap (Priority Queue)",Algorithms
3951,Next Special Palindrome Number,next-special-palindrome-number,Hard,27.92,False,"Backtracking,Bit Manipulation",Algorithms
3987,Maximum Weight in Two Bags,maximum-weight-in-two-bags,Medium,58.44,True,"Array,Dynamic Programming",Algorithms
3945,Minimum Sensors to Cover Grid,minimum-sensors-to-cover-grid,Medium,68.69,False,Math,Algorithms
3963,Number of Perfect Pairs,number-of-perfect-pairs,Medium,33.34,False,"Array,Math,Two Pointers,Sorting",Algorithms
3887,Minimum Cost Path with Edge Reversals,minimum-cost-path-with-edge-reversals,Medium,61.82,False,"Graph Theory,Heap (Priority Queue),Shortest Path",Algorithms
3889,Minimum Cost Path with Teleportations,minimum-cost-path-with-teleportations,Hard,45.76,False,"Array,Dynamic Programming,Matrix",Algorithms
3980,Best Time to Buy and Sell Stock using Strategy,best-time-to-buy-and-sell-stock-using-strategy,Medium,59.86,False,"Array,Sliding Window,Prefix Sum",Algorithms
3974,XOR After Range Multiplication Queries I,xor-after-range-multiplication-queries-i,Medium,73.87,False,"Array,Divide and Conquer,Simulation",Algorithms
3966,Minimum Sum After Divisible Sum Deletions,minimum-sum-after-divisible-sum-deletions,Medium,46.47,False,"Array,Hash Table,Dynamic Programming,Prefix Sum",Algorithms
3975,XOR After Range Multiplication Queries II,xor-after-range-multiplication-queries-ii,Hard,37.16,False,"Array,Divide and Conquer",Algorithms
4006,Determine if a Simple Graph Exists,determine-if-a-simple-graph-exists,Medium,48.33,True,"Array,Binary Search,Graph Theory,Sorting,Prefix Sum",Algorithms
4025,Find Loyal Customers,find-loyal-customers,Medium,61.37,False,,Database
3995,GCD of Odd and Even Sums,gcd-of-odd-and-even-sums,Easy,84.73,False,"Math,Number Theory",Algorithms
3979,Partition Array Into K-Distinct Groups,partition-array-into-k-distinct-groups,Medium,47.03,False,"Array,Hash Table,Counting",Algorithms
3981,Jump Game IX,jump-game-ix,Medium,23.8,False,"Array,Dynamic Programming",Algorithms
3982,Maximum Walls Destroyed by Robots,maximum-walls-destroyed-by-robots,Hard,26.35,False,"Array,Binary Search,Dynamic Programming,Sorting",Algorithms
4017,Filter Characters by Frequency,filter-characters-by-frequency,Easy,87.03,True,"Hash Table,String,Counting",Algorithms
3994,Find The Least Frequent Digit,find-the-least-frequent-digit,Easy,69.71,False,"Array,Hash Table,Math,Counting",Algorithms
3877,Two-Letter Card Game,two-letter-card-game,Medium,12.16,False,"Array,Hash Table,String,Counting,Enumeration",Algorithms
3938,Twisted Mirror Path Count,twisted-mirror-path-count,Medium,48.06,False,"Array,Dynamic Programming,Matrix",Algorithms
3983,Minimum Operations to Equalize Binary String,minimum-operations-to-equalize-binary-string,Hard,20.31,False,"Math,String,Breadth-First Search,Union-Find,Ordered Set",Algorithms
4029,Sort Array By Absolute Value,sort-array-by-absolute-value,Easy,86.49,True,"Array,Math,Two Pointers,Sorting",Algorithms
4008,Restore Finishing Order,restore-finishing-order,Easy,91.07,False,"Array,Hash Table",Algorithms
3947,Balanced K-Factor Decomposition,balanced-k-factor-decomposition,Medium,39.96,False,"Math,Backtracking,Number Theory",Algorithms
3915,Maximum Product of Two Integers With No Common Bits,maximum-product-of-two-integers-with-no-common-bits,Medium,15.07,False,"Array,Dynamic Programming,Bit Manipulation",Algorithms
3989,Sum of Beautiful Subsequences,sum-of-beautiful-subsequences,Hard,31.23,False,"Array,Math,Binary Indexed Tree,Number Theory",Algorithms
4036,Sum of Weighted Modes in Subarrays,sum-of-weighted-modes-in-subarrays,Medium,54.5,True,"Array,Hash Table,Sliding Window,Counting,Ordered Set",Algorithms
4043,Find Zombie Sessions,find-zombie-sessions,Hard,48.1,False,,Database
3998,Minimum Operations to Equalize Array,minimum-operations-to-equalize-array,Easy,60.06,False,"Array,Bit Manipulation,Brainteaser",Algorithms
3999,Minimum Operations to Transform String,minimum-operations-to-transform-string,Medium,61.85,False,"String,Greedy",Algorithms
4000,Count Bowl Subarrays,count-bowl-subarrays,Medium,47.91,False,"Array,Stack,Monotonic Stack",Algorithms
4023,Count Binary Palindromic Numbers,count-binary-palindromic-numbers,Hard,33.76,False,"Math,Bit Manipulation",Algorithms
4011,Smallest Absent Positive Greater Than Average,smallest-absent-positive-greater-than-average,Easy,34.07,False,"Array,Hash Table",Algorithms
3953, Minimum Discards to Balance Inventory,minimum-discards-to-balance-inventory,Medium,34.77,False,"Array,Hash Table,Sliding Window,Simulation,Counting",Algorithms
3991,Generate Schedule,generate-schedule,Medium,23.83,False,"Array,Math,Greedy",Algorithms
3990,Maximum XOR of Subsequences,maximum-xor-of-subsequences,Hard,51.21,False,"Array,Math,Greedy,Bit Manipulation",Algorithms
4050,Minimum Index Sum of Common Elements,minimum-index-sum-of-common-elements,Medium,77.99,True,"Array,Hash Table",Algorithms
4012,Earliest Time to Finish One Task,earliest-time-to-finish-one-task,Easy,84.34,False,Array,Algorithms
3997,Maximize Sum of At Most K Distinct Elements,maximize-sum-of-at-most-k-distinct-elements,Easy,76.57,False,"Array,Hash Table,Greedy,Sorting",Algorithms
3873,Subsequence Sum After Capping Elements,subsequence-sum-after-capping-elements,Medium,25.11,False,"Array,Two Pointers,Dynamic Programming,Sorting",Algorithms
4027,Number of Stable Subsequences,number-of-stable-subsequences,Hard,60.16,False,"Array,Dynamic Programming",Algorithms
4060,Library Late Fee Calculator,library-late-fee-calculator,Easy,94.07,True,"Array,Simulation",Algorithms
4009,Bitwise OR of Even Numbers in an Array,bitwise-or-of-even-numbers-in-an-array,Easy,84.7,False,"Array,Bit Manipulation,Simulation",Algorithms
4005,Maximum Total Subarray Value I,maximum-total-subarray-value-i,Medium,64.3,False,"Array,Greedy",Algorithms
3928,Split and Merge Array Transformation,split-and-merge-array-transformation,Medium,58.57,False,"Array,Hash Table,Breadth-First Search",Algorithms
4007,Maximum Total Subarray Value II,maximum-total-subarray-value-ii,Hard,21.94,False,"Array,Greedy,Segment Tree,Heap (Priority Queue)",Algorithms
4053,Majority Frequency Characters,majority-frequency-characters,Easy,67.05,False,"Hash Table,String,Counting",Algorithms
4041,Climbing Stairs II,climbing-stairs-ii,Medium,63.94,False,"Array,Dynamic Programming",Algorithms
4021,Distinct Points Reachable After Substring Removal,distinct-points-reachable-after-substring-removal,Medium,53.77,False,"Hash Table,String,Sliding Window,Prefix Sum",Algorithms
4010,Maximize Alternating Sum Using Swaps,maximize-alternating-sum-using-swaps,Hard,64.06,False,"Array,Greedy,Union-Find,Sorting",Algorithms
4066,Maximum Distance Between Unequal Words in Array I,maximum-distance-between-unequal-words-in-array-i,Easy,82.43,True,"Array,String",Algorithms
4039,Compute Decimal Representation,compute-decimal-representation,Easy,64.58,False,"Array,Math",Algorithms
4015,Split Array With Minimum Difference,split-array-with-minimum-difference,Medium,33.58,False,"Array,Prefix Sum",Algorithms
3962,Number of ZigZag Arrays I,number-of-zigzag-arrays-i,Hard,32.9,False,"Dynamic Programming,Prefix Sum",Algorithms
3964,Number of ZigZag Arrays II,number-of-zigzag-arrays-ii,Hard,57.49,False,"Math,Dynamic Programming",Algorithms
4058,Compute Alternating Sum,compute-alternating-sum,Easy,89.66,False,"Array,Simulation",Algorithms
4033,Longest Subsequence With Non-Zero Bitwise XOR,longest-subsequence-with-non-zero-bitwise-xor,Medium,37.11,False,"Array,Bit Manipulation",Algorithms
4019,Remove K-Balanced Substrings,remove-k-balanced-substrings,Medium,32.37,False,"String,Stack,Simulation",Algorithms
4049,Count No-Zero Pairs That Sum to N,count-no-zero-pairs-that-sum-to-n,Hard,14.2,False,"Math,Dynamic Programming",Algorithms
4091,Find Golden Hour Customers,find-golden-hour-customers,Medium,35.02,False,,Database
4070,Maximum Distance Between Unequal Words in Array II,maximum-distance-between-unequal-words-in-array-ii,Medium,71.73,True,"Array,String",Algorithms
4052,Equal Score Substrings,equal-score-substrings,Easy,56.68,False,"String,Prefix Sum",Algorithms
4003,Longest Fibonacci Subarray,longest-fibonacci-subarray,Medium,69.43,False,Array,Algorithms
4059,Design Exam Scores Tracker,design-exam-scores-tracker,Medium,43.9,False,"Array,Binary Search,Design,Prefix Sum",Algorithms
4035,Maximum Partition Factor,maximum-partition-factor,Hard,30.99,False,"Array,Binary Search,Depth-First Search,Breadth-First Search,Union-Find,Graph Theory",Algorithms
4081,Maximum Transactions Without Negative Balance,maximum-transactions-without-negative-balance,Medium,48.89,True,"Array,Greedy,Heap (Priority Queue)",Algorithms
4068,Sum of Elements With Frequency Divisible by K,sum-of-elements-with-frequency-divisible-by-k,Easy,77.48,False,"Array,Hash Table,Counting",Algorithms
4055,Longest Balanced Substring I,longest-balanced-substring-i,Medium,69.69,False,"Hash Table,String,Counting,Enumeration",Algorithms
4056,Longest Balanced Substring II,longest-balanced-substring-ii,Medium,42.08,False,"Hash Table,String,Prefix Sum",Algorithms
3957,Sum of Perfect Square Ancestors,sum-of-perfect-square-ancestors,Hard,42.36,False,"Array,Hash Table,Math,Tree,Depth-First Search,Counting,Number Theory",Algorithms
4103,Find Churn Risk Customers,find-churn-risk-customers,Medium,48.05,False,,Database
4108,Minimum Operations to Make the Array Beautiful,minimum-operations-to-make-the-array-beautiful,Medium,39.24,True,"Array,Dynamic Programming",Algorithms
4080,Smallest Missing Multiple of K,smallest-missing-multiple-of-k,Easy,63.06,False,"Array,Hash Table",Algorithms
4045,Longest Balanced Subarray I,longest-balanced-subarray-i,Medium,65.66,False,"Array,Hash Table,Divide and Conquer,Segment Tree,Prefix Sum",Algorithms
4020,Lexicographically Smallest Permutation Greater Than Target,lexicographically-smallest-permutation-greater-than-target,Medium,26.52,False,"Hash Table,String,Greedy,Counting,Enumeration",Algorithms
4047,Longest Balanced Subarray II,longest-balanced-subarray-ii,Hard,33.77,False,"Array,Hash Table,Divide and Conquer,Segment Tree,Prefix Sum",Algorithms
4073,Lexicographically Smallest String After Reverse,lexicographically-smallest-string-after-reverse,Medium,54.66,False,"Two Pointers,Binary Search,Enumeration",Algorithms
4084,Maximize Sum of Squares of Digits,maximize-sum-of-squares-of-digits,Medium,58.97,False,"Math,Greedy",Algorithms
4042,Minimum Operations to Transform Array,minimum-operations-to-transform-array,Medium,39.32,False,"Array,Greedy",Algorithms
4069,Count Ways to Choose Coprime Integers from Rows,count-ways-to-choose-coprime-integers-from-rows,Hard,48.28,False,"Array,Math,Dynamic Programming,Matrix,Combinatorics,Number Theory",Algorithms
4051,Remove Zeros in Decimal Representation,remove-zeros-in-decimal-representation,Easy,76.32,False,"Math,Simulation",Algorithms
4078,Maximum Alternating Sum of Squares,maximum-alternating-sum-of-squares,Medium,61.04,False,"Array,Greedy,Sorting",Algorithms
4083,Stable Subarrays With Equal Boundary and Interior Sum,stable-subarrays-with-equal-boundary-and-interior-sum,Medium,25.9,False,"Array,Hash Table,Prefix Sum",Algorithms
4063,Count Distinct Subarrays Divisible by K in Sorted Array,count-distinct-subarrays-divisible-by-k-in-sorted-array,Hard,27.3,False,"Array,Hash Table,Prefix Sum",Algorithms
4109,Maximum Calories Burnt from Jumps,maximum-calories-burnt-from-jumps,Medium,73.84,True,"Array,Two Pointers,Greedy,Sorting",Algorithms
4107,Find Missing Elements,find-missing-elements,Easy,82.82,False,"Array,Hash Table,Sorting",Algorithms
4101,Maximum Product of Three Elements After One Replacement,maximum-product-of-three-elements-after-one-replacement,Medium,47.03,False,"Array,Math,Greedy,Sorting",Algorithms
4048,Minimum Time to Complete All Deliveries,minimum-time-to-complete-all-deliveries,Medium,34.29,False,"Math,Binary Search",Algorithms
4037,Lexicographically Smallest Palindromic Permutation Greater Than Target,lexicographically-smallest-palindromic-permutation-greater-than-target,Hard,24.78,False,"Two Pointers,String,Enumeration",Algorithms
4106,Lexicographically Smallest String After Reverse II,lexicographically-smallest-string-after-reverse-ii,Hard,44.43,True,"String,Binary Search,Rolling Hash,Suffix Array,Hash Function",Algorithms
4116,Minimum Moves to Equal Array Elements III,minimum-moves-to-equal-array-elements-iii,Easy,81.16,False,"Array,Math",Algorithms
4074,Count Subarrays With Majority Element I,count-subarrays-with-majority-element-i,Medium,65.07,False,"Array,Hash Table,Divide and Conquer,Segment Tree,Merge Sort,Counting,Prefix Sum",Algorithms
4098,Longest Non-Decreasing Subarray After Replacing at Most One Element,longest-non-decreasing-subarray-after-replacing-at-most-one-element,Medium,21.4,False,"Array,Dynamic Programming",Algorithms
4075,Count Subarrays With Majority Element II,count-subarrays-with-majority-element-ii,Hard,44.29,False,"Array,Hash Table,Divide and Conquer,Segment Tree,Merge Sort,Prefix Sum",Algorithms
4115,Minimum Distance Between Three Equal Elements I,minimum-distance-between-three-equal-elements-i,Easy,60.45,False,"Array,Hash Table",Algorithms
4119,Minimum Distance Between Three Equal Elements II,minimum-distance-between-three-equal-elements-ii,Medium,65.21,False,"Array,Hash Table",Algorithms
3986,Maximum Path Score in a Grid,maximum-path-score-in-a-grid,Medium,36.51,False,"Array,Dynamic Programming,Matrix",Algorithms
4030,Maximize Cyclic Partition Score,maximize-cyclic-partition-score,Hard,12.25,False,"Array,Dynamic Programming",Algorithms
4113,Find Kth Character in Expanded String,find-kth-character-in-expanded-string,Medium,58.52,True,String,Algorithms
4112,Maximize Expression of Three Elements,maximize-expression-of-three-elements,Easy,72.28,False,"Array,Greedy,Sorting,Enumeration",Algorithms
4090,Minimum String Length After Balanced Removals,minimum-string-length-after-balanced-removals,Medium,78.37,False,"String,Stack,Counting",Algorithms
4054,Count Distinct Integers After Removing Zeros,count-distinct-integers-after-removing-zeros,Medium,22.34,False,"Math,Dynamic Programming",Algorithms
4110,Count Stable Subarrays,count-stable-subarrays,Hard,32.1,False,"Array,Binary Search,Prefix Sum",Algorithms
4140,Evaluate Valid Expressions,evaluate-valid-expressions,Hard,73.95,True,"Hash Table,Math,String,Divide and Conquer,Stack",Algorithms
4126,Minimum Number of Flips to Reverse Binary String,minimum-number-of-flips-to-reverse-binary-string,Easy,75.74,False,"Math,Two Pointers,String,Bit Manipulation",Algorithms
4057,Total Waviness of Numbers in Range I,total-waviness-of-numbers-in-range-i,Medium,80.44,False,"Math,Dynamic Programming,Enumeration",Algorithms
4077,Lexicographically Smallest Negated Permutation that Sums to Target,lexicographically-smallest-negated-permutation-that-sums-to-target,Medium,30.75,False,"Array,Math,Two Pointers,Greedy,Sorting",Algorithms
4128,Total Waviness of Numbers in Range II,total-waviness-of-numbers-in-range-ii,Hard,24.9,False,"Math,Dynamic Programming",Algorithms
4135,Concatenate Non-Zero Digits and Multiply by Sum I,concatenate-non-zero-digits-and-multiply-by-sum-i,Easy,55.67,False,Math,Algorithms
3946,Find Maximum Balanced XOR Subarray Length,find-maximum-balanced-xor-subarray-length,Medium,50.68,False,"Array,Hash Table,Bit Manipulation,Prefix Sum",Algorithms
4136,Concatenate Non-Zero Digits and Multiply by Sum II,concatenate-non-zero-digits-and-multiply-by-sum-ii,Medium,24.01,False,"Math,String,Prefix Sum",Algorithms
4134,Number of Effective Subsequences,number-of-effective-subsequences,Hard,30.37,False,"Array,Math,Dynamic Programming,Bit Manipulation,Combinatorics",Algorithms
4148,Convert Number Words to Digits,convert-number-words-to-digits,Medium,70.03,True,"String,Trie",Algorithms
4141,Count Elements With at Least K Greater Values,count-elements-with-at-least-k-greater-values,Medium,31.15,False,"Array,Binary Search,Divide and Conquer,Sorting,Quickselect",Algorithms
4087,Maximum Substrings With Distinct Start,maximum-substrings-with-distinct-start,Medium,91.37,False,"Hash Table,String",Algorithms
4139,Minimum Absolute Distance Between Mirror Pairs,minimum-absolute-distance-between-mirror-pairs,Medium,44.23,False,"Array,Hash Table,Math",Algorithms
4022,Minimum Operations to Equalize Subarrays,minimum-operations-to-equalize-subarrays,Hard,19.33,False,"Array,Math,Binary Search,Segment Tree",Algorithms
4166,Maximum Total Sum with Threshold Constraints,maximum-total-sum-with-threshold-constraints,Medium,84.75,True,"Array,Greedy,Sorting,Heap (Priority Queue)",Algorithms
4169,Most Common Course Pairs,most-common-course-pairs,Hard,52.13,False,,Database
4100,Complete Prime Number,complete-prime-number,Medium,37.19,False,"Math,Enumeration,Number Theory",Algorithms
4099,Minimum Operations to Make Binary Palindrome,minimum-operations-to-make-binary-palindrome,Medium,51.59,False,"Array,Two Pointers,Binary Search,Bit Manipulation",Algorithms
4089,Maximize Points After Choosing K Tasks,maximize-points-after-choosing-k-tasks,Medium,59.89,False,"Array,Greedy,Sorting,Heap (Priority Queue)",Algorithms
4145,Minimum Inversion Count in Subarrays of Fixed Length,minimum-inversion-count-in-subarrays-of-fixed-length,Hard,42.42,False,"Array,Segment Tree,Sliding Window",Algorithms
4150,Sort Integers by Binary Reflection,sort-integers-by-binary-reflection,Easy,60.66,False,"Array,Sorting",Algorithms
4085,Largest Prime from Consecutive Prime Sum,largest-prime-from-consecutive-prime-sum,Medium,38.92,False,"Array,Math,Number Theory",Algorithms
4146,Total Score of Dungeon Runs,total-score-of-dungeon-runs,Medium,30.35,False,"Array,Binary Search,Prefix Sum",Algorithms
4151,Maximum Subgraph Score in a Tree,maximum-subgraph-score-in-a-tree,Hard,70.52,False,"Array,Dynamic Programming,Tree,Depth-First Search",Algorithms
4155,Maximum Number of Equal Length Runs,maximum-number-of-equal-length-runs,Medium,83.93,True,"Hash Table,String,Counting",Algorithms
4158,Absolute Difference Between Maximum and Minimum K Elements,absolute-difference-between-maximum-and-minimum-k-elements,Easy,75.31,False,"Array,Sorting",Algorithms
4157,Reverse Words With Same Vowel Count,reverse-words-with-same-vowel-count,Medium,66.52,False,"Two Pointers,String,Simulation",Algorithms
4018,Minimum Moves to Balance Circular Array,minimum-moves-to-balance-circular-array,Medium,40.09,False,"Array,Greedy,Sorting",Algorithms
4064,Minimum Deletions to Make Alternating Substring,minimum-deletions-to-make-alternating-substring,Hard,44.67,False,"String,Segment Tree",Algorithms
4127,Minimum Distance Excluding One Maximum Weighted Edge,minimum-distance-excluding-one-maximum-weighted-edge,Medium,46.96,True,,Algorithms
4162,Minimum Number of Operations to Have Distinct Elements,minimum-number-of-operations-to-have-distinct-elements,Medium,41.98,False,"Array,Hash Table",Algorithms
4160,Maximum Sum of Three Numbers Divisible by Three,maximum-sum-of-three-numbers-divisible-by-three,Medium,47.75,False,"Array,Greedy,Sorting,Heap (Priority Queue)",Algorithms
4130,Maximum Score After Binary Swaps,maximum-score-after-binary-swaps,Medium,34.96,False,"Array,String,Greedy,Heap (Priority Queue)",Algorithms
4164,Last Remaining Integer After Alternating Deletion Operations,last-remaining-integer-after-alternating-deletion-operations,Hard,48.57,False,"Math,Recursion",Algorithms
4168,Mirror Distance of an Integer,mirror-distance-of-an-integer,Easy,87.39,False,Math,Algorithms
4138,Minimum Deletion Cost to Make All Characters Equal,minimum-deletion-cost-to-make-all-characters-equal,Medium,54.92,False,"Array,Hash Table,String,Enumeration",Algorithms
4061,Minimum Swaps to Avoid Forbidden Values,minimum-swaps-to-avoid-forbidden-values,Hard,30.16,False,"Array,Hash Table,Greedy,Counting",Algorithms
4072,Total Sum of Interaction Cost in Tree Groups,total-sum-of-interaction-cost-in-tree-groups,Hard,53.52,False,"Array,Tree,Depth-First Search",Algorithms
4165,Find Diameter Endpoints of a Tree,find-diameter-endpoints-of-a-tree,Medium,70.15,True,"Tree,Breadth-First Search,Graph Theory",Algorithms
4173,Maximum Score of a Split,maximum-score-of-a-split,Medium,51.48,False,"Array,Prefix Sum",Algorithms
4147,Minimum Cost to Acquire Required Items,minimum-cost-to-acquire-required-items,Medium,34.71,False,"Math,Greedy",Algorithms
4175,Smallest All-Ones Multiple,smallest-all-ones-multiple,Medium,46.88,False,"Hash Table,Math",Algorithms
4095,Number of Balanced Integers in a Range,number-of-balanced-integers-in-a-range,Hard,34.73,False,Dynamic Programming,Algorithms
4172,Sum of Increasing Product Blocks,sum-of-increasing-product-blocks,Medium,70.91,True,"Math,Simulation",Algorithms
4195,Find Users with High Token Usage,find-users-with-high-token-usage,Easy,58.08,False,,Database
4177,Reverse String Prefix,reverse-string-prefix,Easy,89.4,False,"Two Pointers,String",Algorithms
4152,Minimum Subarray Length With Distinct Sum At Least K,minimum-subarray-length-with-distinct-sum-at-least-k,Medium,31.57,False,"Array,Hash Table,Sliding Window",Algorithms
3807,Find Maximum Value in a Constrained Sequence,find-maximum-value-in-a-constrained-sequence,Medium,62.3,False,"Array,Greedy",Algorithms
4153,Count Routes to Climb a Rectangular Grid,count-routes-to-climb-a-rectangular-grid,Hard,23.56,False,"Array,Dynamic Programming,Matrix,Prefix Sum",Algorithms
4179,Largest Even Number,largest-even-number,Easy,69.19,False,String,Algorithms
4071,Word Squares II,word-squares-ii,Medium,54.84,False,"Array,String,Backtracking,Sorting,Enumeration",Algorithms
4156,Minimum Cost to Make Two Binary Strings Equal,minimum-cost-to-make-two-binary-strings-equal,Medium,38.59,False,"String,Greedy",Algorithms
4144,Minimum Cost to Merge Sorted Lists,minimum-cost-to-merge-sorted-lists,Hard,33.68,False,"Array,Two Pointers,Binary Search,Dynamic Programming,Bit Manipulation",Algorithms
4132,Number of Ways to Paint Sheets,number-of-ways-to-paint-sheets,Hard,67.4,True,,Algorithms
4186,Count Residue Prefixes,count-residue-prefixes,Easy,65.3,False,"Hash Table,String",Algorithms
4129,Number of Centered Subarrays,number-of-centered-subarrays,Medium,66.83,False,"Array,Hash Table,Enumeration",Algorithms
4183,Count Caesar Cipher Pairs,count-caesar-cipher-pairs,Medium,50.77,False,"Array,Hash Table,Math,String,Counting",Algorithms
4154,Maximum Bitwise AND After Increment Operations,maximum-bitwise-and-after-increment-operations,Hard,30.77,False,"Array,Greedy,Bit Manipulation,Sorting",Algorithms
4197,Minimum Cost to Repair Edges to Traverse a Graph,minimum-cost-to-repair-edges-to-traverse-a-graph,Medium,59.28,True,"Binary Search,Breadth-First Search,Graph Theory",Algorithms
4208,Find Emotionally Consistent Users,find-emotionally-consistent-users,Medium,52.09,False,,Database
4187,Best Reachable Tower,best-reachable-tower,Medium,55.68,False,Array,Algorithms
4190,Minimum Operations to Reach Target Array,minimum-operations-to-reach-target-array,Medium,63.22,False,"Array,Hash Table,Greedy",Algorithms
4143,Number of Alternating XOR Partitions,number-of-alternating-xor-partitions,Medium,26.57,False,"Array,Hash Table,Dynamic Programming,Bit Manipulation",Algorithms
4181,Minimum Edge Toggles on a Tree,minimum-edge-toggles-on-a-tree,Hard,68.71,False,"Tree,Depth-First Search,Graph Theory,Topological Sort,Sorting",Algorithms
4178,Vowel-Consonant Score,vowel-consonant-score,Easy,54.04,False,"String,Simulation",Algorithms
4079,Maximum Capacity Within Budget,maximum-capacity-within-budget,Medium,19.87,False,"Array,Two Pointers,Binary Search,Sorting",Algorithms
4067,Design Auction System,design-auction-system,Medium,41.82,False,"Hash Table,Design,Heap (Priority Queue),Ordered Set",Algorithms
4086,Lexicographically Smallest String After Deleting Duplicate Characters,lexicographically-smallest-string-after-deleting-duplicate-characters,Hard,18.94,False,"Hash Table,String,Stack,Greedy,Monotonic Stack",Algorithms
4207,Good Indices in a Digit String,good-indices-in-a-digit-string,Medium,88.46,True,"Math,String",Algorithms
4199,Minimum Prefix Removal to Make Array Strictly Increasing,minimum-prefix-removal-to-make-array-strictly-increasing,Medium,73.59,False,Array,Algorithms
4171,Rotate Non Negative Elements,rotate-non-negative-elements,Medium,47.71,False,"Array,Simulation",Algorithms
4180,Pythagorean Distance Nodes in a Tree,pythagorean-distance-nodes-in-a-tree,Medium,57.63,False,"Tree,Breadth-First Search",Algorithms
4189,Find Nth Smallest Integer With K One Bits,find-nth-smallest-integer-with-k-one-bits,Hard,33.84,False,"Math,Bit Manipulation,Combinatorics",Algorithms
4201,Design Order Management System,design-order-management-system,Medium,82.0,True,"Hash Table,Design",Algorithms
4200,Reverse Letters Then Special Characters in a String,reverse-letters-then-special-characters-in-a-string,Easy,81.45,False,"Two Pointers,String,Simulation",Algorithms
4176,Minimum K to Reduce Array Within Limit,minimum-k-to-reduce-array-within-limit,Medium,41.15,False,"Array,Binary Search",Algorithms
4032,Longest Strictly Increasing Subsequence With Non-Zero Bitwise AND,longest-strictly-increasing-subsequence-with-non-zero-bitwise-and,Medium,50.83,False,"Array,Binary Search,Bit Manipulation,Enumeration",Algorithms
4121,Minimum Partition Score,minimum-partition-score,Hard,33.81,False,"Array,Divide and Conquer,Dynamic Programming,Queue,Prefix Sum,Monotonic Queue",Algorithms
4194,Count Monobit Integers,count-monobit-integers,Easy,65.98,False,"Bit Manipulation,Enumeration",Algorithms
4122,Final Element After Subarray Deletions,final-element-after-subarray-deletions,Medium,39.85,False,"Array,Math,Brainteaser,Game Theory",Algorithms
4118,Design Ride Sharing System,design-ride-sharing-system,Medium,63.21,False,"Hash Table,Design,Queue,Data Stream",Algorithms
4198,Longest Alternating Subarray After Removing At Most One Element,longest-alternating-subarray-after-removing-at-most-one-element,Hard,30.08,False,"Array,Dynamic Programming,Enumeration",Algorithms
4210,Median of a Binary Search Tree Level,median-of-a-binary-search-tree-level,Medium,92.57,True,"Tree,Depth-First Search,Breadth-First Search,Binary Search Tree,Binary Tree",Algorithms
4227,Find Users with Persistent Behavior Patterns,find-users-with-persistent-behavior-patterns,Hard,64.22,False,,Database
4214,Count Dominant Indices,count-dominant-indices,Easy,65.6,False,,Algorithms
4213,Merge Adjacent Equal Elements,merge-adjacent-equal-elements,Medium,41.71,False,,Algorithms
4211,Count Subarrays With Cost Less Than or Equal to K,count-subarrays-with-cost-less-than-or-equal-to-k,Medium,45.24,False,,Algorithms
4202,Maximum Score Using Exactly K Pairs,maximum-score-using-exactly-k-pairs,Hard,41.34,False,,Algorithms
4228,Delayed Count of Equal Elements,delayed-count-of-equal-elements,Medium,83.47,True,,Algorithms
4216,Weighted Word Mapping,weighted-word-mapping,Easy,84.78,False,,Algorithms
4137,Number of Prefix Connected Groups,number-of-prefix-connected-groups,Medium,60.77,False,,Algorithms
4062,House Robber V,house-robber-v,Medium,54.51,False,,Algorithms
4209,Palindromic Path Queries in a Tree,palindromic-path-queries-in-a-tree,Hard,33.44,False,,Algorithms
4212,Toggle Light Bulbs,toggle-light-bulbs,Easy,71.74,False,,Algorithms
4217,First Element with Unique Frequency,first-element-with-unique-frequency,Medium,69.63,False,,Algorithms
4221,Longest Almost-Palindromic Substring,longest-almost-palindromic-substring,Medium,21.05,False,,Algorithms
4204,Maximum Subarray XOR with Bounded Range,maximum-subarray-xor-with-bounded-range,Hard,29.46,False,,Algorithms
4170,Total Distance to Type a String Using One Finger,total-distance-to-type-a-string-using-one-finger,Medium,93.67,True,,Algorithms
